dn_name,n_pathways,n_ins,n_mns,n_muscles,pathway_strength
DNxn124,248,10,27,13,206661
DNb07,321,19,31,15,194761
DNp31,412,34,43,17,169825
DNg99,179,28,31,15,130866
DNa16,85,15,15,9,117761
DNxn125,149,16,16,9,108507
DNa10,175,9,26,13,104233
DNa15,192,39,19,10,85013
DNp33,137,24,19,11,75130
DNa04,160,32,22,12,75001
DNp22,148,29,21,12,65353
DNp73,96,22,17,10,63292
DNge084,71,12,15,9,60145
DNg27,134,9,26,6,54695
DNae002,84,23,15,8,52749
DNp19,135,23,22,13,46710
DNp63,85,3,15,7,42785
DNg04,44,7,6,4,42414
DNge091,106,15,21,13,42401
DNpe005,93,7,23,10,37976
DNxn155,96,8,19,7,37879
DNp18,66,15,23,11,36577
DNut040,83,11,26,13,35679
DNxn163,93,16,20,10,34798
DNp08,56,11,13,7,34641
DNa05,106,30,20,11,33614
DNb05,73,7,20,9,32028
DNp45,86,11,11,7,31126
DNg71,62,15,18,10,30036
DNp47,113,3,19,8,29656
DNp13,57,12,15,8,29125
DNp28,70,14,18,10,28543
DNg07,66,8,14,8,28388
DNp26,57,17,17,10,27615
DNb06,52,4,16,9,27379
DNp59,72,13,21,10,25208
DNxn122,65,16,16,9,24945
DNxn142,59,15,13,8,23276
DNp05,46,3,9,3,21111
DNp49,82,19,25,11,20715
DNut053,56,4,24,10,19809
DNxn102,45,8,22,11,18895
DNa02,29,8,6,3,18701
DNg91,46,8,15,9,18569
DNg32,34,10,11,7,18538
DNb02,43,9,11,7,17615
DNg08,40,11,13,8,17141
DNae003,62,18,17,10,17126
DNp02,57,9,22,10,17022
DNp15,24,9,6,3,15183
DNb01,43,11,12,7,14371
DNg82,37,8,10,5,14293
DNp43,38,6,9,6,13780
DNxn151,44,12,17,11,13155
DNpe055,50,6,25,11,13100
DNg79,38,6,20,9,13042
DNp12,27,4,13,7,12888
DNxn117,44,6,13,10,12817
DNp10,35,9,16,11,12452
DNg17,31,5,24,8,12365
DNnt017,7,3,1,1,11687
DNg06,55,4,19,8,11035
DNge090,29,6,8,6,10822
DNa09,52,16,17,10,10812
DNg36,28,5,10,7,10143
DNp07,22,5,11,6,10128
DNg42,40,10,10,5,10041
DNxn114,19,4,11,7,9663
DNg74,22,6,6,5,9630
DNut037,27,11,9,5,9452
DNut042,24,7,12,7,9128
DNp54,27,4,7,5,8854
DNp103,18,4,3,2,8777
DNa08,33,1,17,5,8700
DNp51,32,8,10,5,8611
DNp11,29,2,8,3,8587
DNxn118,21,7,9,5,8477
DNxn159,21,2,2,1,8378
DNut062,8,3,4,4,8195
DNge049,30,3,19,7,8036
DNp06,34,7,12,6,7648
DNp57,29,10,10,6,7645
DNg15,38,8,12,10,7050
DNp17,14,5,6,6,6852
DNg108,17,6,5,5,6601
DNut047,11,1,6,3,6594
DNg89,14,5,5,3,6557
DNg01,15,5,4,2,6366
DNnt015,12,2,4,2,6285
DNg111,23,4,10,6,6207
DNut051,21,4,6,4,5745
DNge006,11,4,7,4,5574
DNxn176,19,6,10,7,5264
DNxn181,22,3,14,8,4942
DNp53,18,6,7,4,4803
DNg106,14,2,5,5,4653
DNge016,9,4,3,2,4481
DNnt020,6,3,4,3,4433
DNa06,8,4,3,2,4375
DNg37,20,3,13,7,3952
aSP22,11,4,7,6,3906
DNg94,11,5,9,6,3836
DNut048,8,3,2,2,3820
DNg41,12,6,8,7,3773
DNnt010,3,2,2,1,3719
DNb03,13,6,8,3,3695
DNge093,5,3,2,2,3623
DNde006,4,2,3,3,3476
DNa12,8,2,4,2,3379
DNut054,13,3,7,5,3360
DNp69,16,4,5,3,3222
DNge053,11,3,3,2,3144
DNp04,9,2,7,5,3102
DNg02,16,5,6,5,3084
DNg21,9,2,7,4,3058
DNg73,5,2,1,1,3016
DNp01,13,1,10,3,2900
DNg75,11,4,9,5,2772
DNxn136,10,3,6,4,2767
DNg51,14,6,4,2,2755
DNg105,8,3,5,4,2681
DNut046,14,3,7,4,2659
DNge175,9,4,2,2,2612
DNxn143,10,2,4,3,2610
DNxn153,13,3,6,5,2601
DNp03,7,4,4,2,2573
DNxl080,7,3,4,3,2568
DNp16,7,3,4,4,2545
DNpe054,13,4,8,5,2463
DNut050,7,3,2,2,2449
DNg98,10,4,5,4,2382
DNg10,3,2,2,1,2376
DNp48,13,2,9,2,2346
720575941436586784,7,1,5,5,2343
DNg05,12,3,7,6,2298
DNpe004,11,2,4,4,2123
DNp42,10,3,7,4,2008
DNxn152,11,5,8,5,1986
DNxn007,11,3,5,5,1888
DNa03,8,2,4,3,1850
DNge088,7,2,4,4,1844
DNpe010,5,1,5,2,1810
DNxn173,5,2,4,3,1794
DNg90,2,2,2,1,1730
DNg59,2,1,2,2,1705
DNxn179,8,1,5,4,1520
DNg56,5,1,5,5,1500
DNpe006,5,2,2,1,1384
DNxl117,4,1,2,2,1358
DNge014,5,2,2,2,1316
DNbe007,5,1,3,3,1274
DNg55,4,1,1,1,1230
DNp37,5,1,3,2,1222
DNxn144,2,1,1,1,1185
DNd04,4,1,1,1,1144
DNpe042,4,3,2,1,1078
DNge076,2,1,1,1,1056
DNxn175,5,2,4,3,1038
DNp72,3,2,2,2,1035
DNxn146,3,2,2,1,992
DNge037,2,2,2,2,937
DNg49,2,2,1,1,863
DNde001,2,1,1,1,836
DNpe032,2,1,2,2,810
DNg45,2,2,2,1,781
DNg100,1,1,1,1,780
DNa01,4,1,2,2,780
DNxl130,3,1,2,1,768
DNxn183,4,3,3,3,763
DNnt011,3,1,3,3,744
DNxn106,2,1,2,2,720
DNge116,3,1,3,3,682
DNb09,2,1,2,2,660
DNge118,3,2,3,3,654
DNxl111,2,1,1,1,651
DNnt012,2,1,2,2,630
DNae005,1,1,1,1,620
DNg62,1,1,1,1,570
DNxl092,1,1,1,1,561
DNg65,2,1,1,1,528
DNge095,2,2,2,2,506
DNfl025,1,1,1,1,490
DNfl027,2,1,1,1,484
DNb04,3,1,3,2,473
DNg39,1,1,1,1,441
DNit007,2,1,2,2,429
DNp60,3,1,2,1,420
DNxl113,1,1,1,1,420
DNxl112,1,1,1,1,400
DNge035,2,2,1,1,394
DNg88,1,1,1,1,378
DNxl127,3,3,3,3,373
DNge085,2,1,2,2,360
DNge007,1,1,1,1,352
DNge063,1,1,1,1,350
DNge094,2,1,2,2,330
DNpe039,2,2,1,1,330
DNge050,1,1,1,1,330
DNxn109,2,1,2,2,330
DNbe003,1,1,1,1,320
DNpe003,1,1,1,1,300
DNxl103,1,1,1,1,290
DNfl026,1,1,1,1,290
DNxl115,2,1,1,1,286
DNut043,2,1,2,2,280
DNb08,2,1,1,1,270
DNp23,2,1,1,1,240
DNpe031,2,1,1,1,230
DNg97,1,1,1,1,210
DNxl075,1,1,1,1,204
DNpe011,2,1,2,2,200
DNut058,2,1,2,2,200
DNge131,1,1,1,1,200
DNxn187,2,1,1,1,200
720575941606629485,1,1,1,1,195
DNa14,1,1,1,1,190
DNbe002,1,1,1,1,176
DNxn131,1,1,1,1,170
DNge046,1,1,1,1,168
DNpe045,1,1,1,1,154
DNht001,1,1,1,1,150
DNp66,1,1,1,1,150
DNg19,1,1,1,1,140
DNxn139,1,1,1,1,140
DNxl100,1,1,1,1,130
DNg18,1,1,1,1,120
DNbe005,1,1,1,1,120
