dn_id,dn_name,strategy,direct_mn_targets,direct_synapses,indirect_in_targets,indirect_synapses,total_targets,total_synapses,direct_fraction
720575941533704067,DNp31,both,32,654,31,424,63,1078,0.6066790352504638
720575941618366079,DNp31,both,32,711,22,316,54,1027,0.6923076923076923
720575941440280767,DNa15,both,7,103,27,659,34,762,0.13517060367454067
720575941638407199,DNa15,both,9,126,28,593,37,719,0.17524339360222532
720575941612044518,DNa04,both,10,213,21,465,31,678,0.3141592920353982
720575941496011719,DNa16,both,2,46,13,611,15,657,0.0700152207001522
720575941602323897,DNa04,both,6,181,20,388,26,569,0.3181019332161687
720575941507568709,DNa16,both,2,40,12,474,14,514,0.07782101167315175
720575941471808375,DNxn125,both,6,131,17,349,23,480,0.27291666666666664
720575941552726407,DNg99,both,2,22,22,458,24,480,0.04583333333333333
720575941450506830,DNp18,both,1,15,16,401,17,416,0.036057692307692304
720575941547452084,DNp49,both,3,66,21,345,24,411,0.16058394160583941
720575941515972698,DNg99,indirect_only,0,0,19,378,19,378,0.0
720575941645444808,DNp22,both,2,32,17,339,19,371,0.0862533692722372
720575941510642192,DNa10,both,10,224,9,146,19,370,0.6054054054054054
720575941504652482,DNxn124,both,4,65,15,298,19,363,0.1790633608815427
720575941540246364,DNxn125,both,5,105,13,254,18,359,0.2924791086350975
720575941592893992,DNp49,both,4,91,15,268,19,359,0.25348189415041783
720575941411441323,DNxn124,both,4,65,12,270,16,335,0.19402985074626866
720575941639588127,DNp33,both,4,63,16,270,20,333,0.1891891891891892
720575941535245034,DNb07,indirect_only,0,0,16,322,16,322,0.0
720575941652633585,DNae002,both,2,34,14,287,16,321,0.1059190031152648
720575941478585450,DNp22,both,1,14,16,300,17,314,0.044585987261146494
720575941472160011,DNp73,indirect_only,0,0,14,306,14,306,0.0
720575941568870770,DNa10,both,10,183,8,122,18,305,0.6
720575941600878377,DNa05,both,2,37,18,264,20,301,0.12292358803986711
720575941733034283,DNp19,indirect_only,0,0,20,296,20,296,0.0
720575941474063968,DNxn163,indirect_only,0,0,12,295,12,295,0.0
720575941652614129,DNae002,both,2,31,13,263,15,294,0.1054421768707483
720575941560503155,DNp73,indirect_only,0,0,13,286,13,286,0.0
720575941563218944,DNxn122,both,2,24,13,262,15,286,0.08391608391608392
720575941442418639,DNxn142,indirect_only,0,0,12,280,12,280,0.0
720575941414262161,DNxn163,both,1,10,14,261,15,271,0.03690036900369004
720575941486700098,DNa05,both,3,56,14,211,17,267,0.20973782771535582
720575941491972327,DNge084,indirect_only,0,0,8,267,8,267,0.0
720575941595189029,DNp18,both,2,21,7,242,9,263,0.07984790874524715
720575941451941498,DNp33,both,2,38,15,221,17,259,0.14671814671814673
720575941453030983,DNb07,both,1,11,12,240,13,251,0.043824701195219126
720575941552603966,DNp19,indirect_only,0,0,17,250,17,250,0.0
720575941523099127,DNut053,both,9,201,4,47,13,248,0.8104838709677419
720575941392812548,DNp26,both,2,26,11,220,13,246,0.10569105691056911
720575941573616891,DNp59,indirect_only,0,0,10,243,10,243,0.0
720575941566309174,DNp26,both,1,11,12,229,13,240,0.04583333333333333
720575941527162905,DNb05,both,2,34,7,203,9,237,0.14345991561181434
720575941574675869,DNb07,indirect_only,0,0,14,221,14,221,0.0
720575941572471454,DNg108,both,6,172,4,43,10,215,0.8
720575941503549931,DNg71,indirect_only,0,0,11,215,11,215,0.0
720575941445707284,DNp28,indirect_only,0,0,9,214,9,214,0.0
720575941563183016,DNg74,both,6,143,5,68,11,211,0.6777251184834123
720575941438410514,DNb07,indirect_only,0,0,10,205,10,205,0.0
720575941701235930,DNxn142,indirect_only,0,0,7,202,7,202,0.0
720575941476477492,DNxn122,both,1,10,10,186,11,196,0.05102040816326531
720575941651815445,DNge084,indirect_only,0,0,8,194,8,194,0.0
720575941508492417,DNg71,indirect_only,0,0,7,193,7,193,0.0
720575941447863316,DNb05,both,2,38,6,154,8,192,0.19791666666666666
720575941505673566,DNg82,both,6,93,4,76,10,169,0.5502958579881657
720575941408508078,DNp08,indirect_only,0,0,10,166,10,166,0.0
720575941504328791,DNpe005,both,1,10,9,155,10,165,0.06060606060606061
720575941471955264,DNut040,both,6,78,7,82,13,160,0.4875
720575941572671995,DNp59,indirect_only,0,0,8,160,8,160,0.0
720575941492697264,DNp28,both,1,17,9,141,10,158,0.10759493670886076
720575941535258802,DNxn155,indirect_only,0,0,8,157,8,157,0.0
720575941438773548,DNae003,indirect_only,0,0,11,156,11,156,0.0
720575941509010305,DNxn151,both,2,20,9,136,11,156,0.1282051282051282
720575941618895231,DNb01,both,2,26,7,128,9,154,0.16883116883116883
720575941631642860,DNut037,both,3,47,6,106,9,153,0.30718954248366015
720575941625972123,DNae003,both,1,10,11,142,12,152,0.06578947368421052
720575941463843597,DNp45,indirect_only,0,0,10,152,10,152,0.0
720575941540466381,DNp08,indirect_only,0,0,9,151,9,151,0.0
720575941662506040,DNg27,both,3,35,8,116,11,151,0.23178807947019867
720575941478195265,DNg42,both,1,15,8,134,9,149,0.10067114093959731
720575941598950556,DNg27,both,2,36,7,112,9,148,0.24324324324324326
720575941532728195,DNut040,both,4,46,7,98,11,144,0.3194444444444444
720575941594823537,DNp05,both,1,17,5,124,6,141,0.12056737588652482
720575941595542823,DNp05,indirect_only,0,0,4,138,4,138,0.0
720575941558607396,DNp03,both,8,99,2,37,10,136,0.7279411764705882
720575941510475536,DNa02,both,1,11,6,124,7,135,0.08148148148148149
720575941508375390,DNpe005,indirect_only,0,0,5,129,5,129,0.0
720575941496919168,DNp57,both,1,18,5,110,6,128,0.140625
720575941542534236,DNp13,both,1,14,8,112,9,126,0.1111111111111111
720575941504526386,DNg55,indirect_only,0,0,4,123,4,123,0.0
720575941490717390,DNa09,indirect_only,0,0,10,122,10,122,0.0
720575941629872422,DNut037,both,2,28,5,94,7,122,0.22950819672131148
720575941593505387,DNnt017,indirect_only,0,0,3,121,3,121,0.0
720575941553786503,aSP22,indirect_only,0,0,5,118,5,118,0.0
720575941628867042,DNg04,both,2,37,5,81,7,118,0.3135593220338983
720575941552907838,DNp45,indirect_only,0,0,7,115,7,115,0.0
720575941688189935,DNb01,indirect_only,0,0,6,114,6,114,0.0
720575941491761895,DNp10,indirect_only,0,0,7,114,7,114,0.0
720575941414341521,DNxn102,both,1,11,4,102,5,113,0.09734513274336283
720575941456897005,DNa02,both,1,11,4,102,5,113,0.09734513274336283
720575941506310821,DNge016,indirect_only,0,0,6,110,6,110,0.0
720575941477013825,DNg04,both,2,41,3,68,5,109,0.3761467889908257
720575941534222770,DNp15,indirect_only,0,0,6,109,6,109,0.0
720575941515619427,DNpe055,indirect_only,0,0,7,108,7,108,0.0
720575941470003677,DNa12,indirect_only,0,0,3,108,3,108,0.0
720575941408661934,DNxn155,indirect_only,0,0,5,107,5,107,0.0
720575941596602048,DNxn118,indirect_only,0,0,4,106,4,106,0.0
720575941511336402,DNg04,both,3,69,2,35,5,104,0.6634615384615384
720575941507073303,DNp02,indirect_only,0,0,5,103,5,103,0.0
720575941543045149,DNa09,indirect_only,0,0,8,103,8,103,0.0
720575941609235302,DNge090,indirect_only,0,0,8,102,8,102,0.0
720575941557413284,DNut051,both,2,23,5,79,7,102,0.22549019607843138
720575941633206944,DNp103,indirect_only,0,0,4,100,4,100,0.0
720575941471238263,DNxn102,indirect_only,0,0,4,98,4,98,0.0
720575941430069641,DNp17,indirect_only,0,0,4,96,4,96,0.0
720575941562059176,DNg82,indirect_only,0,0,6,95,6,95,0.0
720575941496676295,DNa06,indirect_only,0,0,4,95,4,95,0.0
720575941475448123,DNxn159,indirect_only,0,0,4,95,4,95,0.0
720575941430250377,DNg91,indirect_only,0,0,7,95,7,95,0.0
720575941496426695,DNg02,direct_only,5,93,0,0,5,93,1.0
720575941591050494,DNg32,both,1,12,5,79,6,91,0.13186813186813187
720575941624831228,DNg17,both,1,58,2,33,3,91,0.6373626373626373
720575941632167611,DNg73,indirect_only,0,0,4,90,4,90,0.0
720575941574230523,DNg02,both,5,76,1,11,6,87,0.8735632183908046
720575941542664284,DNxn176,indirect_only,0,0,6,87,6,87,0.0
720575941688517388,DNg93,direct_only,4,87,0,0,4,87,1.0
720575941536778389,DNg01,indirect_only,0,0,5,86,5,86,0.0
720575941438690834,DNp51,indirect_only,0,0,4,86,4,86,0.0
720575941545312005,DNp22,both,1,13,5,69,6,82,0.15853658536585366
720575941656710736,DNge091,indirect_only,0,0,6,81,6,81,0.0
720575941572669342,DNb06,indirect_only,0,0,5,81,5,81,0.0
720575941579876085,DNg74,indirect_only,0,0,3,81,3,81,0.0
720575941681032125,DNg02,direct_only,5,80,0,0,5,80,1.0
720575941435430542,DNg42,indirect_only,0,0,4,79,4,79,0.0
720575941548169608,DNp51,both,1,20,4,59,5,79,0.25316455696202533
720575941441623899,DNg75,indirect_only,0,0,3,79,3,79,0.0
720575941532746981,DNp43,indirect_only,0,0,5,79,5,79,0.0
720575941491992807,DNg100,indirect_only,0,0,1,78,1,78,0.0
720575941414424977,DNp57,indirect_only,0,0,6,78,6,78,0.0
720575941681678525,DNge093,indirect_only,0,0,3,78,3,78,0.0
720575941455714541,DNb02,indirect_only,0,0,5,77,5,77,0.0
720575941555674340,DNg41,indirect_only,0,0,5,76,5,76,0.0
720575941612195501,DNg17,both,1,42,3,34,4,76,0.5526315789473685
720575941537703144,DNg04,both,3,54,1,21,4,75,0.72
720575941626967865,DNge091,indirect_only,0,0,6,74,6,74,0.0
720575941489083596,DNg02,both,4,58,1,16,5,74,0.7837837837837838
720575941514461772,DNp11,indirect_only,0,0,4,74,4,74,0.0
720575941471127104,DNp53,indirect_only,0,0,4,73,4,73,0.0
720575941503507435,DNp02,indirect_only,0,0,5,73,5,73,0.0
720575941629726246,DNp07,indirect_only,0,0,5,73,5,73,0.0
720575941595955569,DNp13,indirect_only,0,0,5,73,5,73,0.0
720575941539809997,DNp03,both,3,44,2,28,5,72,0.6111111111111112
720575941611791590,DNp06,indirect_only,0,0,4,72,4,72,0.0
720575941566556775,DNxn159,indirect_only,0,0,3,70,3,70,0.0
720575941657879576,DNp06,indirect_only,0,0,5,69,5,69,0.0
720575941612286428,DNut048,indirect_only,0,0,5,69,5,69,0.0
720575941514949881,DNnt017,indirect_only,0,0,1,67,1,67,0.0
720575941652815857,DNb03,indirect_only,0,0,3,67,3,67,0.0
720575941536972018,DNg32,indirect_only,0,0,4,67,4,67,0.0
720575941551948543,DNp63,both,1,11,4,54,5,65,0.16923076923076924
720575941503528171,DNg02,both,3,44,2,21,5,65,0.676923076923077
720575941534435338,DNp22,both,1,13,4,52,5,65,0.2
720575941554952858,DNge053,indirect_only,0,0,3,64,3,64,0.0
720575941535140362,DNg15,indirect_only,0,0,6,64,6,64,0.0
720575941433654048,DNge175,indirect_only,0,0,5,64,5,64,0.0
720575941563391383,DNg82,indirect_only,0,0,4,63,4,63,0.0
720575941612039142,DNbe005,both,3,51,1,12,4,63,0.8095238095238095
720575941519463278,DNg108,indirect_only,0,0,2,63,2,63,0.0
720575941550794751,DNg36,indirect_only,0,0,2,62,2,62,0.0
720575941472044352,DNg82,both,2,21,2,41,4,62,0.3387096774193548
720575941470254400,DNa08,both,2,51,1,10,3,61,0.8360655737704918
720575941591448972,DNa08,direct_only,4,61,0,0,4,61,1.0
720575941504810290,DNg90,indirect_only,0,0,1,61,1,61,0.0
720575941449983581,DNg15,indirect_only,0,0,4,58,4,58,0.0
720575941565245794,DNxn151,indirect_only,0,0,4,58,4,58,0.0
720575941531996645,DNpe042,indirect_only,0,0,3,57,3,57,0.0
720575941601731769,DNxn118,indirect_only,0,0,3,57,3,57,0.0
720575941476852254,DNg62,indirect_only,0,0,1,57,1,57,0.0
720575941732586539,DNg05,both,3,32,2,24,5,56,0.5714285714285714
720575941480784258,DNp43,indirect_only,0,0,4,56,4,56,0.0
720575941536301288,DNb02,indirect_only,0,0,4,56,4,56,0.0
720575941494986951,DNg02,direct_only,4,56,0,0,4,56,1.0
720575941483554189,DNut050,indirect_only,0,0,4,55,4,55,0.0
720575941561376813,DNde006,indirect_only,0,0,2,54,2,54,0.0
720575941562215469,DNg98,indirect_only,0,0,4,53,4,53,0.0
720575941611992493,DNxn007,both,1,18,3,35,4,53,0.33962264150943394
720575941513768780,DNge037,indirect_only,0,0,2,53,2,53,0.0
720575941513772179,DNxn117,indirect_only,0,0,3,53,3,53,0.0
720575941574984201,DNge148,direct_only,3,53,0,0,3,53,1.0
720575941504921906,DNp47,indirect_only,0,0,5,53,5,53,0.0
720575941558381860,DNxn183,indirect_only,0,0,4,51,4,51,0.0
720575941502628695,DNp15,indirect_only,0,0,4,51,4,51,0.0
720575941459103391,DNg79,indirect_only,0,0,4,51,4,51,0.0
720575941441226943,DNp53,indirect_only,0,0,3,50,3,50,0.0
720575941607693421,DNg111,indirect_only,0,0,3,50,3,50,0.0
720575941541726493,DNge091,indirect_only,0,0,4,50,4,50,0.0
720575941551414170,DNg07,indirect_only,0,0,3,49,3,49,0.0
720575941639763999,DNg51,indirect_only,0,0,3,49,3,49,0.0
720575941511473996,DNut054,both,1,12,3,37,4,49,0.24489795918367346
720575941609747430,DNge014,indirect_only,0,0,3,49,3,49,0.0
720575941564504832,DNfl025,indirect_only,0,0,1,49,1,49,0.0
720575941539226866,DNp63,both,2,21,2,27,4,48,0.4375
720575941580369489,DNg08,indirect_only,0,0,4,48,4,48,0.0
720575941411212715,DNg32,indirect_only,0,0,3,48,3,48,0.0
720575941498444155,DNg06,indirect_only,0,0,4,47,4,47,0.0
720575941546446697,DNg91,indirect_only,0,0,3,45,3,45,0.0
720575941400285475,DNnt020,indirect_only,0,0,1,45,1,45,0.0
720575941543684357,DNg94,indirect_only,0,0,3,45,3,45,0.0
720575941476250164,DNut062,indirect_only,0,0,3,45,3,45,0.0
720575941441633883,DNge049,both,1,11,3,34,4,45,0.24444444444444444
720575941481103523,DNxn136,indirect_only,0,0,3,44,3,44,0.0
720575941554694372,DNg36,indirect_only,0,0,2,44,2,44,0.0
720575941450378333,DNp103,indirect_only,0,0,2,44,2,44,0.0
720575941557388708,DNb03,indirect_only,0,0,3,44,3,44,0.0
720575941560434035,DNxn152,indirect_only,0,0,3,44,3,44,0.0
720575941412619631,DNxn153,indirect_only,0,0,3,43,3,43,0.0
720575941461674436,DNb06,indirect_only,0,0,2,43,2,43,0.0
720575941593683051,DNp10,indirect_only,0,0,2,43,2,43,0.0
720575941493998464,DNnt010,indirect_only,0,0,1,43,1,43,0.0
720575941602114494,DNnt015,indirect_only,0,0,2,43,2,43,0.0
720575941537710824,DNg98,indirect_only,0,0,3,43,3,43,0.0
720575941733143339,DNg94,indirect_only,0,0,2,43,2,43,0.0
720575941452165801,DNxn146,indirect_only,0,0,2,42,2,42,0.0
720575941554109668,DNg51,indirect_only,0,0,3,41,3,41,0.0
720575941562036743,DNut042,indirect_only,0,0,3,41,3,41,0.0
720575941504703938,DNb02,indirect_only,0,0,3,41,3,41,0.0
720575941562404008,DNge088,indirect_only,0,0,3,40,3,40,0.0
720575941595376677,DNxn143,indirect_only,0,0,2,40,2,40,0.0
720575941521340087,DNp51,indirect_only,0,0,3,40,3,40,0.0
720575941513811532,DNxn173,indirect_only,0,0,1,39,1,39,0.0
720575941530295013,DNg49,indirect_only,0,0,2,39,2,39,0.0
720575941652085745,DNxn143,indirect_only,0,0,2,39,2,39,0.0
720575941691021720,DNg89,indirect_only,0,0,1,39,1,39,0.0
720575941537820658,DNge095,indirect_only,0,0,2,38,2,38,0.0
720575941562192429,DNge090,indirect_only,0,0,2,38,2,38,0.0
720575941490416181,DNg93,direct_only,3,38,0,0,3,38,1.0
720575941515630947,DNp12,indirect_only,0,0,3,37,3,37,0.0
720575941430607753,DNg111,indirect_only,0,0,3,36,3,36,0.0
720575941582282873,DNg08,indirect_only,0,0,2,35,2,35,0.0
720575941572620446,DNb03,indirect_only,0,0,2,35,2,35,0.0
720575941482535366,DNg01,indirect_only,0,0,3,34,3,34,0.0
720575941700293082,DNg06,indirect_only,0,0,3,34,3,34,0.0
720575941668513011,DNp11,indirect_only,0,0,1,33,1,33,0.0
720575941537850600,DNp54,indirect_only,0,0,3,33,3,33,0.0
720575941571871241,DNge091,indirect_only,0,0,2,33,2,33,0.0
720575941581684601,DNa06,indirect_only,0,0,2,33,2,33,0.0
720575941653831185,DNxl092,indirect_only,0,0,1,33,1,33,0.0
720575941550687805,DNge050,indirect_only,0,0,1,33,1,33,0.0
720575941441162191,DNg36,indirect_only,0,0,1,33,1,33,0.0
720575941537583336,DNp54,both,1,10,2,22,3,32,0.3125
720575941526955266,DNge006,indirect_only,0,0,3,32,3,32,0.0
720575941487149378,DNp42,indirect_only,0,0,2,32,2,32,0.0
720575941523074295,DNp16,indirect_only,0,0,2,32,2,32,0.0
720575941640505375,DNge035,indirect_only,0,0,2,32,2,32,0.0
720575941467587606,DNxn175,indirect_only,0,0,2,32,2,32,0.0
720575941470033117,DNbe003,indirect_only,0,0,1,32,1,32,0.0
720575941528320952,DNg88,both,1,13,1,18,2,31,0.41935483870967744
720575941613418716,DNnt020,indirect_only,0,0,2,31,2,31,0.0
720575941562981522,DNxn114,indirect_only,0,0,2,31,2,31,0.0
720575941592644054,DNge091,indirect_only,0,0,1,31,1,31,0.0
720575941510621968,DNxl127,indirect_only,0,0,3,31,3,31,0.0
720575941595590951,DNae005,indirect_only,0,0,1,31,1,31,0.0
720575941658936144,DNp69,indirect_only,0,0,2,31,2,31,0.0
720575941486587714,DNp17,indirect_only,0,0,2,31,2,31,0.0
720575941628237625,DNxl111,indirect_only,0,0,2,31,2,31,0.0
720575941700316378,DNg02,direct_only,3,31,0,0,3,31,1.0
720575941633911227,DNpe004,indirect_only,0,0,3,31,3,31,0.0
720575941634269371,DNg59,indirect_only,0,0,1,31,1,31,0.0
720575941433415200,DNp60,direct_only,2,31,0,0,2,31,1.0
720575941528849848,DNg08,both,1,21,1,10,2,31,0.6774193548387096
720575941558189171,DNg07,indirect_only,0,0,2,30,2,30,0.0
720575941409225902,DNxn181,indirect_only,0,0,2,30,2,30,0.0
720575941460902157,DNg07,indirect_only,0,0,2,30,2,30,0.0
720575941456625567,DNg90,indirect_only,0,0,1,30,1,30,0.0
720575941507241495,DNfl026,indirect_only,0,0,1,29,1,29,0.0
720575941574140169,DNxl103,indirect_only,0,0,1,29,1,29,0.0
720575941515917667,DNg07,indirect_only,0,0,2,29,2,29,0.0
720575941481985475,DNp69,indirect_only,0,0,2,29,2,29,0.0
720575941513096012,DNnt015,indirect_only,0,0,1,28,1,28,0.0
720575941561743872,DNg37,indirect_only,0,0,2,28,2,28,0.0
720575941485358733,DNxn114,indirect_only,0,0,2,28,2,28,0.0
720575941515152195,DNpe006,indirect_only,0,0,2,28,2,28,0.0
720575941441974479,DNg02,both,1,16,1,12,2,28,0.5714285714285714
720575941439563583,DNge053,indirect_only,0,0,2,28,2,28,0.0
720575941518404974,DNpe039,indirect_only,0,0,2,28,2,28,0.0
720575941447973140,DNb02,indirect_only,0,0,2,27,2,27,0.0
720575941578499673,DNge118,indirect_only,0,0,2,27,2,27,0.0
720575941438445330,DNpe032,indirect_only,0,0,1,27,1,27,0.0
720575941477419828,DNxn152,indirect_only,0,0,2,26,2,26,0.0
720575941436259602,DNut047,both,1,12,1,14,2,26,0.46153846153846156
720575941578692697,DNp09,direct_only,1,26,0,0,1,26,1.0
720575941536003314,DNg10,indirect_only,0,0,1,26,1,26,0.0
720575941535862506,DNa01,indirect_only,0,0,2,26,2,26,0.0
720575941497322880,DNp10,indirect_only,0,0,2,25,2,25,0.0
720575941631028962,DNge063,indirect_only,0,0,1,25,1,25,0.0
720575941604585662,DNg106,indirect_only,0,0,1,24,1,24,0.0
720575941526954498,DNut051,both,1,10,1,14,2,24,0.4166666666666667
720575941408639535,DNge148,direct_only,2,24,0,0,2,24,1.0
720575941477915700,DNp48,indirect_only,0,0,2,24,2,24,0.0
720575941658941264,DNxl080,indirect_only,0,0,2,24,2,24,0.0
720575941546668988,DNpe053,direct_only,2,24,0,0,2,24,1.0
720575941477099313,DNge076,indirect_only,0,0,1,24,1,24,0.0
720575941514358675,DNg51,indirect_only,0,0,2,23,2,23,0.0
720575941566180199,DNg89,indirect_only,0,0,2,23,2,23,0.0
720575941619883135,DNpe031,indirect_only,0,0,2,23,2,23,0.0
720575941518951091,DNg36,indirect_only,0,0,2,23,2,23,0.0
720575941552142727,DNa03,indirect_only,0,0,2,23,2,23,0.0
720575941439143954,DNg08,indirect_only,0,0,2,22,2,22,0.0
720575941599049152,DNut042,indirect_only,0,0,2,22,2,22,0.0
720575941411472555,DNb09,indirect_only,0,0,1,22,1,22,0.0
720575941626256266,DNxl115,indirect_only,0,0,2,22,2,22,0.0
720575941441643867,DNg02,both,1,12,1,10,2,22,0.5454545454545454
720575941632594592,DNa07,direct_only,1,22,0,0,1,22,1.0
720575941431097737,DNxl130,both,1,10,1,12,2,22,0.45454545454545453
720575941468862583,DNxn117,indirect_only,0,0,2,22,2,22,0.0
720575941598693824,DNp17,indirect_only,0,0,1,22,1,22,0.0
720575941480799395,DNg105,indirect_only,0,0,2,21,2,21,0.0
720575941407841071,DNp07,indirect_only,0,0,2,21,2,21,0.0
720575941610917037,DNxl113,indirect_only,0,0,1,21,1,21,0.0
720575941561392173,DNg39,indirect_only,0,0,1,21,1,21,0.0
720575941526723609,DNnt012,indirect_only,0,0,1,21,1,21,0.0
720575941572713886,DNg97,indirect_only,0,0,1,21,1,21,0.0
720575941480780451,DNg50,direct_only,1,20,0,0,1,20,1.0
720575941470584695,DNp53,indirect_only,0,0,1,20,1,20,0.0
720575941632059372,DNge006,indirect_only,0,0,1,20,1,20,0.0
720575941449527477,DNge131,indirect_only,0,0,1,20,1,20,0.0
720575941624816124,DNg08,indirect_only,0,0,2,20,2,20,0.0
720575941480954019,DNxn187,indirect_only,0,0,2,20,2,20,0.0
720575941549506932,DNb03,indirect_only,0,0,1,20,1,20,0.0
720575941550196797,DNxl082,direct_only,1,20,0,0,1,20,1.0
720575941556195300,DNde001,indirect_only,0,0,1,19,1,19,0.0
720575941461320644,DNpe054,indirect_only,0,0,1,19,1,19,0.0
720575941579616081,DNp16,indirect_only,0,0,1,19,1,19,0.0
720575941537638627,DNa14,indirect_only,0,0,1,19,1,19,0.0
720575941476378164,DNg10,direct_only,1,18,0,0,1,18,1.0
720575941650178289,DNg45,indirect_only,0,0,1,18,1,18,0.0
720575941625993371,DNg06,indirect_only,0,0,1,17,1,17,0.0
720575941555637331,DNxn131,indirect_only,0,0,1,17,1,17,0.0
720575941611136476,DNg89,indirect_only,0,0,1,17,1,17,0.0
720575941563866536,DNg08,indirect_only,0,0,1,17,1,17,0.0
720575941652728049,DNg74,indirect_only,0,0,1,17,1,17,0.0
720575941596431749,DNut042,indirect_only,0,0,1,17,1,17,0.0
720575941590576424,DNge091,indirect_only,0,0,1,16,1,16,0.0
720575941534881368,DNb08,indirect_only,0,0,1,16,1,16,0.0
720575941430975329,DNut046,indirect_only,0,0,1,16,1,16,0.0
720575941394119830,DNp42,indirect_only,0,0,1,16,1,16,0.0
720575941569801586,DNpe042,indirect_only,0,0,1,15,1,15,0.0
720575941542898205,DNd04,indirect_only,0,0,1,15,1,15,0.0
720575941498998395,DNg02,indirect_only,0,0,1,15,1,15,0.0
720575941588874892,DNht001,indirect_only,0,0,1,15,1,15,0.0
720575941515922169,DNpe003,indirect_only,0,0,1,15,1,15,0.0
720575941500700139,DNg01,indirect_only,0,0,1,15,1,15,0.0
720575941513942106,DNxn117,indirect_only,0,0,1,15,1,15,0.0
720575941536231105,DNxn144,indirect_only,0,0,1,15,1,15,0.0
720575941390285462,DNg05,direct_only,1,15,0,0,1,15,1.0
720575941596182129,DNp66,indirect_only,0,0,1,15,1,15,0.0
720575941512837452,DNge091,indirect_only,0,0,1,14,1,14,0.0
720575941447838996,DNp72,indirect_only,0,0,1,14,1,14,0.0
720575941559950863,DNg10,indirect_only,0,0,1,14,1,14,0.0
720575941489036494,DNxn139,indirect_only,0,0,1,14,1,14,0.0
720575941504679106,DNxl117,indirect_only,0,0,1,14,1,14,0.0
720575941515548515,DNge046,indirect_only,0,0,1,14,1,14,0.0
720575941492684208,DNpe054,indirect_only,0,0,1,14,1,14,0.0
720575941436052768,DNut043,indirect_only,0,0,1,14,1,14,0.0
720575941553985875,DNg02,direct_only,1,14,0,0,1,14,1.0
720575941631020192,DNnt010,indirect_only,0,0,1,14,1,14,0.0
720575941494960254,DNg79,indirect_only,0,0,1,14,1,14,0.0
720575941439285036,DNg08,direct_only,1,14,0,0,1,14,1.0
720575941564432786,DNxl080,indirect_only,0,0,1,14,1,14,0.0
720575941477326900,DNg19,indirect_only,0,0,1,14,1,14,0.0
720575941574375272,DNg07,indirect_only,0,0,1,14,1,14,0.0
720575941701672666,DNp72,indirect_only,0,0,1,13,1,13,0.0
720575941401766435,DNbe007,indirect_only,0,0,1,13,1,13,0.0
720575941606629485,720575941606629485,indirect_only,0,0,1,13,1,13,0.0
720575941470084317,DNpe054,indirect_only,0,0,1,13,1,13,0.0
720575941477443358,DNp47,indirect_only,0,0,1,13,1,13,0.0
720575941543962629,DNg05,direct_only,1,13,0,0,1,13,1.0
720575941586653062,DNp37,indirect_only,0,0,1,13,1,13,0.0
720575941626299530,DNg10,direct_only,1,13,0,0,1,13,1.0
720575941439029951,DNg02,direct_only,1,13,0,0,1,13,1.0
720575941526946050,DNxn173,indirect_only,0,0,1,13,1,13,0.0
720575941612321382,DNa07,direct_only,1,13,0,0,1,13,1.0
720575941526676045,DNg50,direct_only,1,13,0,0,1,13,1.0
720575941439622111,DNit007,indirect_only,0,0,1,13,1,13,0.0
720575941654376916,DNg106,indirect_only,0,0,1,13,1,13,0.0
720575941560549491,DNg07,indirect_only,0,0,1,12,1,12,0.0
720575941467350237,DNg79,indirect_only,0,0,1,12,1,12,0.0
720575941469775069,DNxn181,indirect_only,0,0,1,12,1,12,0.0
720575941557943155,DNg37,indirect_only,0,0,1,12,1,12,0.0
720575941558704164,DNp12,indirect_only,0,0,1,12,1,12,0.0
720575941546667452,DNp60,indirect_only,0,0,1,12,1,12,0.0
720575941495377280,DNut042,indirect_only,0,0,1,12,1,12,0.0
720575941547718461,DNxn106,indirect_only,0,0,1,12,1,12,0.0
720575941546634428,DNp23,indirect_only,0,0,1,12,1,12,0.0
720575941662695992,DNg65,indirect_only,0,0,1,12,1,12,0.0
720575941568946938,DNg18,indirect_only,0,0,1,12,1,12,0.0
720575941542610437,DNp23,indirect_only,0,0,1,12,1,12,0.0
720575941513116762,DNg07,indirect_only,0,0,1,12,1,12,0.0
720575941533578177,DNge085,indirect_only,0,0,1,12,1,12,0.0
720575941480554370,DNg79,indirect_only,0,0,1,12,1,12,0.0
720575941394131094,DNg26,direct_only,1,12,0,0,1,12,1.0
720575941584708486,DNnt011,indirect_only,0,0,1,12,1,12,0.0
720575941618655615,DNxl075,indirect_only,0,0,1,12,1,12,0.0
720575941596600709,DNge116,indirect_only,0,0,1,11,1,11,0.0
720575941495998843,DNg41,indirect_only,0,0,1,11,1,11,0.0
720575941596748933,DNbe002,indirect_only,0,0,1,11,1,11,0.0
720575941415224348,DNg36,indirect_only,0,0,1,11,1,11,0.0
720575941559176942,DNb04,indirect_only,0,0,1,11,1,11,0.0
720575941539264242,DNd04,indirect_only,0,0,1,11,1,11,0.0
720575941429113775,DNg10,direct_only,1,11,0,0,1,11,1.0
720575941598325148,DNge094,indirect_only,0,0,1,11,1,11,0.0
720575941469757405,DNg106,indirect_only,0,0,1,11,1,11,0.0
720575941559874831,DNp04,indirect_only,0,0,1,11,1,11,0.0
720575941440899023,DNg06,indirect_only,0,0,1,11,1,11,0.0
720575941535975873,DNg105,indirect_only,0,0,1,11,1,11,0.0
720575941408535343,DNb08,indirect_only,0,0,1,11,1,11,0.0
720575941637800309,DNut046,indirect_only,0,0,1,11,1,11,0.0
720575941481381117,DNg45,indirect_only,0,0,1,11,1,11,0.0
720575941524513892,DNxn109,indirect_only,0,0,1,11,1,11,0.0
720575941516764819,DNg02,direct_only,1,11,0,0,1,11,1.0
720575941645372792,DNut046,indirect_only,0,0,1,11,1,11,0.0
720575941436586784,720575941436586784,indirect_only,0,0,1,11,1,11,0.0
720575941459216287,DNfl027,indirect_only,0,0,1,11,1,11,0.0
720575941581721977,DNg21,indirect_only,0,0,1,11,1,11,0.0
720575941502262411,DNge007,indirect_only,0,0,1,11,1,11,0.0
720575941466194454,DNp04,indirect_only,0,0,1,11,1,11,0.0
720575941461875908,DNpe045,indirect_only,0,0,1,11,1,11,0.0
720575941493021104,DNut046,indirect_only,0,0,1,11,1,11,0.0
720575941569348858,DNxl112,indirect_only,0,0,1,10,1,10,0.0
720575941538218216,DNg08,indirect_only,0,0,1,10,1,10,0.0
720575941431184559,DNxn179,indirect_only,0,0,1,10,1,10,0.0
720575941655820244,DNg21,indirect_only,0,0,1,10,1,10,0.0
720575941574671517,DNpe011,indirect_only,0,0,1,10,1,10,0.0
720575941652278033,DNg10,direct_only,1,10,0,0,1,10,1.0
720575941432905943,DNg110,direct_only,1,10,0,0,1,10,1.0
720575941590435070,DNpe010,indirect_only,0,0,1,10,1,10,0.0
720575941514530892,DNp48,indirect_only,0,0,1,10,1,10,0.0
720575941540215501,DNp01,indirect_only,0,0,1,10,1,10,0.0
720575941430630392,DNxn117,indirect_only,0,0,1,10,1,10,0.0
720575941454969395,DNg56,indirect_only,0,0,1,10,1,10,0.0
720575941642966629,DNg07,direct_only,1,10,0,0,1,10,1.0
720575941564410112,DNg05,indirect_only,0,0,1,10,1,10,0.0
720575941595517735,DNg75,indirect_only,0,0,1,10,1,10,0.0
720575941481407427,DNg10,direct_only,1,10,0,0,1,10,1.0
720575941550165054,DNg10,direct_only,1,10,0,0,1,10,1.0
720575941481122690,DNg08,indirect_only,0,0,1,10,1,10,0.0
720575941477201002,DNg07,indirect_only,0,0,1,10,1,10,0.0
720575941405473327,DNge015,direct_only,1,10,0,0,1,10,1.0
720575941487659984,DNut058,indirect_only,0,0,1,10,1,10,0.0
720575941552017663,DNxl100,indirect_only,0,0,1,10,1,10,0.0
720575941495918665,DNg106,indirect_only,0,0,1,10,1,10,0.0
720575941486574598,DNg02,direct_only,1,10,0,0,1,10,1.0
720575941545273861,DNut042,indirect_only,0,0,1,10,1,10,0.0
720575941474677825,DNg89,indirect_only,0,0,1,10,1,10,0.0
720575941602974649,DNpe054,indirect_only,0,0,1,10,1,10,0.0
720575941571453342,DNge094,no_wing_connection,0,0,0,0,0,0,0.0
720575941554701722,DNfl040,no_wing_connection,0,0,0,0,0,0,0.0
720575941566170422,DNp14,no_wing_connection,0,0,0,0,0,0,0.0
720575941660948348,DNg40,no_wing_connection,0,0,0,0,0,0,0.0
720575941566232886,DNfl024,no_wing_connection,0,0,0,0,0,0,0.0
720575941659595320,DNg10,no_wing_connection,0,0,0,0,0,0,0.0
720575941653841681,DNge001,no_wing_connection,0,0,0,0,0,0,0.0
720575941722108218,DNg07,no_wing_connection,0,0,0,0,0,0,0.0
720575941655117012,DNg11,no_wing_connection,0,0,0,0,0,0,0.0
720575941555742035,DNxn132,no_wing_connection,0,0,0,0,0,0,0.0
720575941566364982,DNge122,no_wing_connection,0,0,0,0,0,0,0.0
720575941566487655,DNge074,no_wing_connection,0,0,0,0,0,0,0.0
720575941659400984,DNg08,no_wing_connection,0,0,0,0,0,0,0.0
720575941566565174,CB0191,no_wing_connection,0,0,0,0,0,0,0.0
720575941658910488,DNxn148,no_wing_connection,0,0,0,0,0,0,0.0
720575941567187962,DNg92,no_wing_connection,0,0,0,0,0,0,0.0
720575941661233976,DNpe011,no_wing_connection,0,0,0,0,0,0,0.0
720575941661415224,DNg02,no_wing_connection,0,0,0,0,0,0,0.0
720575941568199726,DNg12,no_wing_connection,0,0,0,0,0,0,0.0
720575941556199652,DNxn109,no_wing_connection,0,0,0,0,0,0,0.0
720575941565477174,DNfl021,no_wing_connection,0,0,0,0,0,0,0.0
720575941556283876,DNge004,no_wing_connection,0,0,0,0,0,0,0.0
720575941662407992,DNg29,no_wing_connection,0,0,0,0,0,0,0.0
720575941703384026,DNpe001,no_wing_connection,0,0,0,0,0,0,0.0
720575941720258362,DNg36,no_wing_connection,0,0,0,0,0,0,0.0
720575941565508759,DNxl128,no_wing_connection,0,0,0,0,0,0,0.0
720575941565694262,DNfl036,no_wing_connection,0,0,0,0,0,0,0.0
720575941721640506,DNg46,no_wing_connection,0,0,0,0,0,0,0.0
720575941662395704,DNd02,no_wing_connection,0,0,0,0,0,0,0.0
720575941721638714,DNb09,no_wing_connection,0,0,0,0,0,0,0.0
720575941565716578,DNfl030,no_wing_connection,0,0,0,0,0,0,0.0
720575941565876375,DNge152,no_wing_connection,0,0,0,0,0,0,0.0
720575941566132119,DNg22,no_wing_connection,0,0,0,0,0,0,0.0
720575941566165302,DNg87,no_wing_connection,0,0,0,0,0,0,0.0
720575941567199790,DNg64,no_wing_connection,0,0,0,0,0,0,0.0
720575941555710547,DNp56,no_wing_connection,0,0,0,0,0,0,0.0
720575941554888676,DNxn144,no_wing_connection,0,0,0,0,0,0,0.0
720575941569808754,DNnt008,no_wing_connection,0,0,0,0,0,0,0.0
720575941572407710,DNad004,no_wing_connection,0,0,0,0,0,0,0.0
720575941572392201,DNnt013,no_wing_connection,0,0,0,0,0,0,0.0
720575941730244651,DNg12,no_wing_connection,0,0,0,0,0,0,0.0
720575941554856019,DNpe054,no_wing_connection,0,0,0,0,0,0,0.0
720575941555393537,DNa13,no_wing_connection,0,0,0,0,0,0,0.0
720575941555196929,DNfl012,no_wing_connection,0,0,0,0,0,0,0.0
720575941730332715,DNg02,no_wing_connection,0,0,0,0,0,0,0.0
720575941555461377,DNfl024,no_wing_connection,0,0,0,0,0,0,0.0
720575941569836914,DNxn137,no_wing_connection,0,0,0,0,0,0,0.0
720575941569909106,DNg84,no_wing_connection,0,0,0,0,0,0,0.0
720575941731655979,DNge094,no_wing_connection,0,0,0,0,0,0,0.0
720575941657989712,DNge003,no_wing_connection,0,0,0,0,0,0,0.0
720575941570031092,DNge099,no_wing_connection,0,0,0,0,0,0,0.0
720575941570128498,DNa01,no_wing_connection,0,0,0,0,0,0,0.0
720575941723220282,DNxl063,no_wing_connection,0,0,0,0,0,0,0.0
720575941658066456,DNge138,no_wing_connection,0,0,0,0,0,0,0.0
720575941568499502,DNp55,no_wing_connection,0,0,0,0,0,0,0.0
720575941569306874,DNg12,no_wing_connection,0,0,0,0,0,0,0.0
720575941658841112,DNxl102,no_wing_connection,0,0,0,0,0,0,0.0
720575941568894202,DNxn134,no_wing_connection,0,0,0,0,0,0,0.0
720575941732549163,DNg59,no_wing_connection,0,0,0,0,0,0,0.0
720575941565293063,DNg12,no_wing_connection,0,0,0,0,0,0,0.0
720575941572464798,DNad006,no_wing_connection,0,0,0,0,0,0,0.0
720575941569105658,DNge039,no_wing_connection,0,0,0,0,0,0,0.0
720575941658621976,DNpe054,no_wing_connection,0,0,0,0,0,0,0.0
720575941569571186,DNp71,no_wing_connection,0,0,0,0,0,0,0.0
720575941658613784,DNad006,no_wing_connection,0,0,0,0,0,0,0.0
720575941569320050,DNpe054,no_wing_connection,0,0,0,0,0,0,0.0
720575941722210362,DNg06,no_wing_connection,0,0,0,0,0,0,0.0
720575941555504467,DNge127,no_wing_connection,0,0,0,0,0,0,0.0
720575941569424372,DNht001,no_wing_connection,0,0,0,0,0,0,0.0
720575941569505394,DNut042,no_wing_connection,0,0,0,0,0,0,0.0
720575941565392482,DNfl021,no_wing_connection,0,0,0,0,0,0,0.0
720575941688582518,DNge092,no_wing_connection,0,0,0,0,0,0,0.0
720575941662495356,DNg07,no_wing_connection,0,0,0,0,0,0,0.0
720575941561776173,DNxl120,no_wing_connection,0,0,0,0,0,0,0.0
720575941559394931,DNg08,no_wing_connection,0,0,0,0,0,0,0.0
720575941686310895,DNge024,no_wing_connection,0,0,0,0,0,0,0.0
720575941681384637,DNg92,no_wing_connection,0,0,0,0,0,0,0.0
720575941690766555,DNxl084,no_wing_connection,0,0,0,0,0,0,0.0
720575941559205933,DNg05,no_wing_connection,0,0,0,0,0,0,0.0
720575941559104813,DNg02,no_wing_connection,0,0,0,0,0,0,0.0
720575941653816081,pIP9,no_wing_connection,0,0,0,0,0,0,0.0
720575941671947687,DNge116,no_wing_connection,0,0,0,0,0,0,0.0
720575941562217517,DNp24,no_wing_connection,0,0,0,0,0,0,0.0
720575941671658407,DNxn134,no_wing_connection,0,0,0,0,0,0,0.0
720575941562771624,DNnt012,no_wing_connection,0,0,0,0,0,0,0.0
720575941690788827,DNxl091,no_wing_connection,0,0,0,0,0,0,0.0
720575941671438247,DNxn140,no_wing_connection,0,0,0,0,0,0,0.0
720575941559022381,DNge095,no_wing_connection,0,0,0,0,0,0,0.0
720575941563064071,DNg12,no_wing_connection,0,0,0,0,0,0,0.0
720575941687006988,DNge071,no_wing_connection,0,0,0,0,0,0,0.0
720575941689709019,DNg07,no_wing_connection,0,0,0,0,0,0,0.0
720575941558807411,DNfl015,no_wing_connection,0,0,0,0,0,0,0.0
720575941559946478,DNpe008,no_wing_connection,0,0,0,0,0,0,0.0
720575941560435059,DNge133,no_wing_connection,0,0,0,0,0,0,0.0
720575941688674200,DNge115,no_wing_connection,0,0,0,0,0,0,0.0
720575941560564239,DNp16,no_wing_connection,0,0,0,0,0,0,0.0
720575941688574360,DNge109,no_wing_connection,0,0,0,0,0,0,0.0
720575941560597775,DNg110,no_wing_connection,0,0,0,0,0,0,0.0
720575941688560367,DNpe034,no_wing_connection,0,0,0,0,0,0,0.0
720575941560655731,DNge051,no_wing_connection,0,0,0,0,0,0,0.0
720575941688250998,DNg47,no_wing_connection,0,0,0,0,0,0,0.0
720575941688806412,DNxn145,no_wing_connection,0,0,0,0,0,0,0.0
720575941688242328,DNge024,no_wing_connection,0,0,0,0,0,0,0.0
720575941561430829,oviDN,no_wing_connection,0,0,0,0,0,0,0.0
720575941561655341,DNae001,no_wing_connection,0,0,0,0,0,0,0.0
720575941560162798,DNp35,no_wing_connection,0,0,0,0,0,0,0.0
720575941688133871,DNge046,no_wing_connection,0,0,0,0,0,0,0.0
720575941687421302,DNg09,no_wing_connection,0,0,0,0,0,0,0.0
720575941563169704,DNg13,no_wing_connection,0,0,0,0,0,0,0.0
720575941563201687,DNg12,no_wing_connection,0,0,0,0,0,0,0.0
720575941556379108,DNxl129,no_wing_connection,0,0,0,0,0,0,0.0
720575941557838756,DNg86,no_wing_connection,0,0,0,0,0,0,0.0
720575941557473572,DNde006,no_wing_connection,0,0,0,0,0,0,0.0
720575941663480188,DNge101,no_wing_connection,0,0,0,0,0,0,0.0
720575941564275602,DNp32,no_wing_connection,0,0,0,0,0,0,0.0
720575941564402023,DNg09,no_wing_connection,0,0,0,0,0,0,0.0
720575941691311512,DNg31,no_wing_connection,0,0,0,0,0,0,0.0
720575941557316004,DNg14,no_wing_connection,0,0,0,0,0,0,0.0
720575941663102520,DNg34,no_wing_connection,0,0,0,0,0,0,0.0
720575941662983224,DNpe054,no_wing_connection,0,0,0,0,0,0,0.0
720575941703187674,DNg87,no_wing_connection,0,0,0,0,0,0,0.0
720575941564649216,DNit012,no_wing_connection,0,0,0,0,0,0,0.0
720575941662645304,DNd03,no_wing_connection,0,0,0,0,0,0,0.0
720575941565091847,DNfl026,no_wing_connection,0,0,0,0,0,0,0.0
720575941556990735,DNfl032,no_wing_connection,0,0,0,0,0,0,0.0
720575941556870884,DNg110,no_wing_connection,0,0,0,0,0,0,0.0
720575941688644315,DNge085,no_wing_connection,0,0,0,0,0,0,0.0
720575941557512307,DNg12,no_wing_connection,0,0,0,0,0,0,0.0
720575941663497084,DNa11,no_wing_connection,0,0,0,0,0,0,0.0
720575941690874331,DNp16,no_wing_connection,0,0,0,0,0,0,0.0
720575941564186007,DNg52,no_wing_connection,0,0,0,0,0,0,0.0
720575941669801905,DNg54,no_wing_connection,0,0,0,0,0,0,0.0
720575941669726129,DNg85,no_wing_connection,0,0,0,0,0,0,0.0
720575941668914609,DNxn116,no_wing_connection,0,0,0,0,0,0,0.0
720575941690964888,DNxn119,no_wing_connection,0,0,0,0,0,0,0.0
720575941558599972,DNxn177,no_wing_connection,0,0,0,0,0,0,0.0
720575941668465319,DNge111,no_wing_connection,0,0,0,0,0,0,0.0
720575941666925745,DNg12,no_wing_connection,0,0,0,0,0,0,0.0
720575941666660595,DNpe014,no_wing_connection,0,0,0,0,0,0,0.0
720575941665097203,DNxn073,no_wing_connection,0,0,0,0,0,0,0.0
720575941563334912,DNp17,no_wing_connection,0,0,0,0,0,0,0.0
720575941663701884,DNg61,no_wing_connection,0,0,0,0,0,0,0.0
720575941663518844,DNxn146,no_wing_connection,0,0,0,0,0,0,0.0
720575941691031704,DNg48,no_wing_connection,0,0,0,0,0,0,0.0
720575941691308952,DNg34,no_wing_connection,0,0,0,0,0,0,0.0
720575941564155904,DNnt012,no_wing_connection,0,0,0,0,0,0,0.0
720575941680648893,DNge019,no_wing_connection,0,0,0,0,0,0,0.0
720575941574878351,DNnt019,no_wing_connection,0,0,0,0,0,0,0.0
720575941653640465,DNxl086,no_wing_connection,0,0,0,0,0,0,0.0
720575941596218225,DNg09,no_wing_connection,0,0,0,0,0,0,0.0
720575941596424581,oviDN,no_wing_connection,0,0,0,0,0,0,0.0
720575941628231138,DNg52,no_wing_connection,0,0,0,0,0,0,0.0
720575941596596357,DNit004,no_wing_connection,0,0,0,0,0,0,0.0
720575941628167225,DNg03,no_wing_connection,0,0,0,0,0,0,0.0
720575941597345692,DNfl017,no_wing_connection,0,0,0,0,0,0,0.0
720575941598469276,DNg68,no_wing_connection,0,0,0,0,0,0,0.0
720575941598492457,DNg05,no_wing_connection,0,0,0,0,0,0,0.0
720575941628153913,DNge140,no_wing_connection,0,0,0,0,0,0,0.0
720575941598907072,DNa13,no_wing_connection,0,0,0,0,0,0,0.0
720575941627576377,DNge085,no_wing_connection,0,0,0,0,0,0,0.0
720575941627484454,DNge145,no_wing_connection,0,0,0,0,0,0,0.0
720575941626745452,oviDN,no_wing_connection,0,0,0,0,0,0,0.0
720575941599034560,DNde005,no_wing_connection,0,0,0,0,0,0,0.0
720575941626530442,DNxn134,no_wing_connection,0,0,0,0,0,0,0.0
720575941626500746,DNg100,no_wing_connection,0,0,0,0,0,0,0.0
720575941601297705,DNxl096,no_wing_connection,0,0,0,0,0,0,0.0
720575941626337162,DNg103,no_wing_connection,0,0,0,0,0,0,0.0
720575941626302858,DNg12,no_wing_connection,0,0,0,0,0,0,0.0
720575941626282634,DNxl072,no_wing_connection,0,0,0,0,0,0,0.0
720575941626222218,DNp16,no_wing_connection,0,0,0,0,0,0,0.0
720575941626193563,DNxn110,no_wing_connection,0,0,0,0,0,0,0.0
720575941628262969,DNge096,no_wing_connection,0,0,0,0,0,0,0.0
720575941596205425,DNg106,no_wing_connection,0,0,0,0,0,0,0.0
720575941602854841,DNge081,no_wing_connection,0,0,0,0,0,0,0.0
720575941628349990,DNxn139,no_wing_connection,0,0,0,0,0,0,0.0
720575941593409064,DNpe054,no_wing_connection,0,0,0,0,0,0,0.0
720575941632978629,DNg02,no_wing_connection,0,0,0,0,0,0,0.0
720575941632799392,DNnt011,no_wing_connection,0,0,0,0,0,0,0.0
720575941632652987,DNxl107,no_wing_connection,0,0,0,0,0,0,0.0
720575941594497575,DNut046,no_wing_connection,0,0,0,0,0,0,0.0
720575941632002720,DNg02,no_wing_connection,0,0,0,0,0,0,0.0
720575941594858198,DNg109,no_wing_connection,0,0,0,0,0,0,0.0
720575941631315616,DNxl093,no_wing_connection,0,0,0,0,0,0,0.0
720575941631060972,DNg65,no_wing_connection,0,0,0,0,0,0,0.0
720575941595193558,DNp35,no_wing_connection,0,0,0,0,0,0,0.0
720575941631013090,DNxl134,no_wing_connection,0,0,0,0,0,0,0.0
720575941630646432,DNfl003_CvC,no_wing_connection,0,0,0,0,0,0,0.0
720575941595520039,DNpe041,no_wing_connection,0,0,0,0,0,0,0.0
720575941595534981,DNfl019,no_wing_connection,0,0,0,0,0,0,0.0
720575941630522850,DNg64,no_wing_connection,0,0,0,0,0,0,0.0
720575941630081574,DNp17,no_wing_connection,0,0,0,0,0,0,0.0
720575941630049762,DNut054,no_wing_connection,0,0,0,0,0,0,0.0
720575941595605029,DNge071,no_wing_connection,0,0,0,0,0,0,0.0
720575941629386732,DNg12,no_wing_connection,0,0,0,0,0,0,0.0
720575941595615783,DNg106,no_wing_connection,0,0,0,0,0,0,0.0
720575941628710694,DNge116,no_wing_connection,0,0,0,0,0,0,0.0
720575941602726078,DNge109,no_wing_connection,0,0,0,0,0,0,0.0
720575941626175643,DNg16,no_wing_connection,0,0,0,0,0,0,0.0
720575941633124549,DNxn157,no_wing_connection,0,0,0,0,0,0,0.0
720575941610213478,DNg01,no_wing_connection,0,0,0,0,0,0,0.0
720575941623407050,DNg09,no_wing_connection,0,0,0,0,0,0,0.0
720575941611082826,DNg03,no_wing_connection,0,0,0,0,0,0,0.0
720575941620273535,DNd03,no_wing_connection,0,0,0,0,0,0,0.0
720575941611304937,DNc01,no_wing_connection,0,0,0,0,0,0,0.0
720575941611457098,DNg53,no_wing_connection,0,0,0,0,0,0,0.0
720575941616284629,DNp17,no_wing_connection,0,0,0,0,0,0,0.0
720575941611833577,DNge051,no_wing_connection,0,0,0,0,0,0,0.0
720575941615534489,DNp68,no_wing_connection,0,0,0,0,0,0,0.0
720575941615336601,DNge060,no_wing_connection,0,0,0,0,0,0,0.0
720575941615259289,DNfl019,no_wing_connection,0,0,0,0,0,0,0.0
720575941614906387,MDN,no_wing_connection,0,0,0,0,0,0,0.0
720575941612058982,DNxn179,no_wing_connection,0,0,0,0,0,0,0.0
720575941614893013,DNnt013,no_wing_connection,0,0,0,0,0,0,0.0
720575941614483475,DNg08,no_wing_connection,0,0,0,0,0,0,0.0
720575941614432409,DNxn162,no_wing_connection,0,0,0,0,0,0,0.0
720575941612340909,DNnt011,no_wing_connection,0,0,0,0,0,0,0.0
720575941612374425,DNfl021,no_wing_connection,0,0,0,0,0,0,0.0
720575941612401510,CB0191,no_wing_connection,0,0,0,0,0,0,0.0
720575941612982169,DNge094,no_wing_connection,0,0,0,0,0,0,0.0
720575941614190099,DNpe008,no_wing_connection,0,0,0,0,0,0,0.0
720575941613532892,DNxn178,no_wing_connection,0,0,0,0,0,0,0.0
720575941623634122,DNg02,no_wing_connection,0,0,0,0,0,0,0.0
720575941624257532,DNp41,no_wing_connection,0,0,0,0,0,0,0.0
720575941626056556,DNge122,no_wing_connection,0,0,0,0,0,0,0.0
720575941624437756,DNxn174,no_wing_connection,0,0,0,0,0,0,0.0
720575941554354259,DNg12,no_wing_connection,0,0,0,0,0,0,0.0
720575941603720377,DNp52,no_wing_connection,0,0,0,0,0,0,0.0
720575941626032074,DNg95,no_wing_connection,0,0,0,0,0,0,0.0
720575941603720633,DNg20,no_wing_connection,0,0,0,0,0,0,0.0
720575941603744697,DNxl108,no_wing_connection,0,0,0,0,0,0,0.0
720575941626007195,DNxn109,no_wing_connection,0,0,0,0,0,0,0.0
720575941603785913,DNxn148,no_wing_connection,0,0,0,0,0,0,0.0
720575941603791350,DNg76,no_wing_connection,0,0,0,0,0,0,0.0
720575941604343225,DNg08,no_wing_connection,0,0,0,0,0,0,0.0
720575941604343737,DNg110,no_wing_connection,0,0,0,0,0,0,0.0
720575941604982462,DNit003,no_wing_connection,0,0,0,0,0,0,0.0
720575941605091518,DNnt011,no_wing_connection,0,0,0,0,0,0,0.0
720575941605523902,DNp44,no_wing_connection,0,0,0,0,0,0,0.0
720575941625794186,DNae008,no_wing_connection,0,0,0,0,0,0,0.0
720575941606542701,DNg07,no_wing_connection,0,0,0,0,0,0,0.0
720575941607119725,DNge059,no_wing_connection,0,0,0,0,0,0,0.0
720575941607564909,DNge100,no_wing_connection,0,0,0,0,0,0,0.0
720575941607634285,oviDN,no_wing_connection,0,0,0,0,0,0,0.0
720575941624572042,DNg61,no_wing_connection,0,0,0,0,0,0,0.0
720575941624536828,SA_DMT_DMetaN_6,no_wing_connection,0,0,0,0,0,0,0.0
720575941608733673,DNut042,no_wing_connection,0,0,0,0,0,0,0.0
720575941592925992,DNg69,no_wing_connection,0,0,0,0,0,0,0.0
720575941592628950,DNge071,no_wing_connection,0,0,0,0,0,0,0.0
720575941572719006,DNp67,no_wing_connection,0,0,0,0,0,0,0.0
720575941574933661,DNde005,no_wing_connection,0,0,0,0,0,0,0.0
720575941652036373,DNp62,no_wing_connection,0,0,0,0,0,0,0.0
720575941575419401,DNxl088,no_wing_connection,0,0,0,0,0,0,0.0
720575941575484598,DNge071,no_wing_connection,0,0,0,0,0,0,0.0
720575941575525992,DNfl041,no_wing_connection,0,0,0,0,0,0,0.0
720575941575725928,DNxn129,no_wing_connection,0,0,0,0,0,0,0.0
720575941651866901,DNut054,no_wing_connection,0,0,0,0,0,0,0.0
720575941575744655,DNxn140,no_wing_connection,0,0,0,0,0,0,0.0
720575941576254134,DNxl078,no_wing_connection,0,0,0,0,0,0,0.0
720575941576562792,DNxl101,no_wing_connection,0,0,0,0,0,0,0.0
720575941651139349,DNg92,no_wing_connection,0,0,0,0,0,0,0.0
720575941577482585,DNxn108,no_wing_connection,0,0,0,0,0,0,0.0
720575941577519961,DNit003,no_wing_connection,0,0,0,0,0,0,0.0
720575941578384629,DNxl121,no_wing_connection,0,0,0,0,0,0,0.0
720575941649976049,DNge019,no_wing_connection,0,0,0,0,0,0,0.0
720575941645918152,DNpe048,no_wing_connection,0,0,0,0,0,0,0.0
720575941645731272,DNge071,no_wing_connection,0,0,0,0,0,0,0.0
720575941578679897,DNxn130,no_wing_connection,0,0,0,0,0,0,0.0
720575941578803025,DNa13,no_wing_connection,0,0,0,0,0,0,0.0
720575941645239752,DNge085,no_wing_connection,0,0,0,0,0,0,0.0
720575941579149401,DNp17,no_wing_connection,0,0,0,0,0,0,0.0
720575941579208281,DNc02,no_wing_connection,0,0,0,0,0,0,0.0
720575941574979229,DNge142,no_wing_connection,0,0,0,0,0,0,0.0
720575941614012892,DNg64,no_wing_connection,0,0,0,0,0,0,0.0
720575941579450745,DNge020,no_wing_connection,0,0,0,0,0,0,0.0
720575941574790664,DNg62,no_wing_connection,0,0,0,0,0,0,0.0
720575941572941051,DNge094,no_wing_connection,0,0,0,0,0,0,0.0
720575941573266171,DNge054,no_wing_connection,0,0,0,0,0,0,0.0
720575941652579093,DNge149,no_wing_connection,0,0,0,0,0,0,0.0
720575941573370696,DNg12,no_wing_connection,0,0,0,0,0,0,0.0
720575941573385224,DNge114,no_wing_connection,0,0,0,0,0,0,0.0
720575941573417117,DNg10,no_wing_connection,0,0,0,0,0,0,0.0
720575941652493524,DNfl028,no_wing_connection,0,0,0,0,0,0,0.0
720575941573657416,DNp62,no_wing_connection,0,0,0,0,0,0,0.0
720575941573658184,DNg30,no_wing_connection,0,0,0,0,0,0,0.0
720575941573846941,DNge094,no_wing_connection,0,0,0,0,0,0,0.0
720575941574040329,DNit012,no_wing_connection,0,0,0,0,0,0,0.0
720575941652433393,DNpe011,no_wing_connection,0,0,0,0,0,0,0.0
720575941574158075,DNg66,no_wing_connection,0,0,0,0,0,0,0.0
720575941574226024,DNge020,no_wing_connection,0,0,0,0,0,0,0.0
720575941652319705,DNge019,no_wing_connection,0,0,0,0,0,0,0.0
720575941574467997,DNpe054,no_wing_connection,0,0,0,0,0,0,0.0
720575941652156657,DNp41,no_wing_connection,0,0,0,0,0,0,0.0
720575941574724361,DNg23,no_wing_connection,0,0,0,0,0,0,0.0
720575941574731272,DNp46,no_wing_connection,0,0,0,0,0,0,0.0
720575941652078869,DNg44,no_wing_connection,0,0,0,0,0,0,0.0
720575941574744329,DNg02,no_wing_connection,0,0,0,0,0,0,0.0
720575941645213048,DNit012,no_wing_connection,0,0,0,0,0,0,0.0
720575941645117304,DNxl070,no_wing_connection,0,0,0,0,0,0,0.0
720575941591804712,DNxn109,no_wing_connection,0,0,0,0,0,0,0.0
720575941640075551,DNge062,no_wing_connection,0,0,0,0,0,0,0.0
720575941587856951,DNg02,no_wing_connection,0,0,0,0,0,0,0.0
720575941639802655,DNg08,no_wing_connection,0,0,0,0,0,0,0.0
720575941588123902,DNg12,no_wing_connection,0,0,0,0,0,0,0.0
720575941588369662,DNg01,no_wing_connection,0,0,0,0,0,0,0.0
720575941588409924,DNp17,no_wing_connection,0,0,0,0,0,0,0.0
720575941588955703,DNge117,no_wing_connection,0,0,0,0,0,0,0.0
720575941589304644,DNxl119,no_wing_connection,0,0,0,0,0,0,0.0
720575941637734175,DNg06,no_wing_connection,0,0,0,0,0,0,0.0
720575941589353284,DNge085,no_wing_connection,0,0,0,0,0,0,0.0
720575941589678078,DNg12,no_wing_connection,0,0,0,0,0,0,0.0
720575941589853950,DNg26,no_wing_connection,0,0,0,0,0,0,0.0
720575941589986359,DNge128,no_wing_connection,0,0,0,0,0,0,0.0
720575941590551592,DNg107,no_wing_connection,0,0,0,0,0,0,0.0
720575941634017723,DNpe018,no_wing_connection,0,0,0,0,0,0,0.0
720575941633833403,DNge091,no_wing_connection,0,0,0,0,0,0,0.0
720575941591064716,DNpe054,no_wing_connection,0,0,0,0,0,0,0.0
720575941591151500,DNg02,no_wing_connection,0,0,0,0,0,0,0.0
720575941591285132,DNxl118,no_wing_connection,0,0,0,0,0,0,0.0
720575941633779387,DNp09,no_wing_connection,0,0,0,0,0,0,0.0
720575941633602501,DNp25,no_wing_connection,0,0,0,0,0,0,0.0
720575941591761704,DNg02,no_wing_connection,0,0,0,0,0,0,0.0
720575941586901316,DNge089,no_wing_connection,0,0,0,0,0,0,0.0
720575941586609886,DNg63,no_wing_connection,0,0,0,0,0,0,0.0
720575941645080481,DNxn126,no_wing_connection,0,0,0,0,0,0,0.0
720575941640775455,DNxn133,no_wing_connection,0,0,0,0,0,0,0.0
720575941579793909,DNge010,no_wing_connection,0,0,0,0,0,0,0.0
720575941579841013,DNp16,no_wing_connection,0,0,0,0,0,0,0.0
720575941644756168,DNg30,no_wing_connection,0,0,0,0,0,0,0.0
720575941644554184,DNfl038,no_wing_connection,0,0,0,0,0,0,0.0
720575941644268626,DNg67,no_wing_connection,0,0,0,0,0,0,0.0
720575941581648761,DNg54,no_wing_connection,0,0,0,0,0,0,0.0
720575941644058706,oviDN,no_wing_connection,0,0,0,0,0,0,0.0
720575941643577445,DNxn113,no_wing_connection,0,0,0,0,0,0,0.0
720575941581870457,DNxn130,no_wing_connection,0,0,0,0,0,0,0.0
720575941643043272,DNg72,no_wing_connection,0,0,0,0,0,0,0.0
720575941643030945,DNg92,no_wing_connection,0,0,0,0,0,0,0.0
720575941583462110,DNge154,no_wing_connection,0,0,0,0,0,0,0.0
720575941583758726,DNg01,no_wing_connection,0,0,0,0,0,0,0.0
720575941585365214,DNut042,no_wing_connection,0,0,0,0,0,0,0.0
720575941586099334,DNfl030,no_wing_connection,0,0,0,0,0,0,0.0
720575941642906529,DNxl021,no_wing_connection,0,0,0,0,0,0,0.0
720575941642868385,DNg12,no_wing_connection,0,0,0,0,0,0,0.0
720575941586221958,DNp41,no_wing_connection,0,0,0,0,0,0,0.0
720575941586273926,DNnt012,no_wing_connection,0,0,0,0,0,0,0.0
720575941586425412,DNg12,no_wing_connection,0,0,0,0,0,0,0.0
720575941640840991,DNg80,no_wing_connection,0,0,0,0,0,0,0.0
720575941603438777,DNg07,no_wing_connection,0,0,0,0,0,0,0.0
720575941350890544,DNge110,no_wing_connection,0,0,0,0,0,0,0.0
720575941554228481,DNnt013,no_wing_connection,0,0,0,0,0,0,0.0
720575941477736066,DNg92,no_wing_connection,0,0,0,0,0,0,0.0
720575941471627639,DNg92,no_wing_connection,0,0,0,0,0,0,0.0
720575941471768843,DNxn171,no_wing_connection,0,0,0,0,0,0,0.0
720575941471805963,DNg51,no_wing_connection,0,0,0,0,0,0,0.0
720575941472005952,DNxl068,no_wing_connection,0,0,0,0,0,0,0.0
720575941472178752,DNp70,no_wing_connection,0,0,0,0,0,0,0.0
720575941472597051,DNg12,no_wing_connection,0,0,0,0,0,0,0.0
720575941473793322,DNg02,no_wing_connection,0,0,0,0,0,0,0.0
720575941473825888,DNge020,no_wing_connection,0,0,0,0,0,0,0.0
720575941473933664,DNge104,no_wing_connection,0,0,0,0,0,0,0.0
720575941473970747,DNge116,no_wing_connection,0,0,0,0,0,0,0.0
720575941474126944,DNp34,no_wing_connection,0,0,0,0,0,0,0.0
720575941474256224,DNpe008,no_wing_connection,0,0,0,0,0,0,0.0
720575941474312800,DNge094,no_wing_connection,0,0,0,0,0,0,0.0
720575941474608170,DNpe029,no_wing_connection,0,0,0,0,0,0,0.0
720575941474665514,DNg106,no_wing_connection,0,0,0,0,0,0,0.0
720575941475341610,DNpe012,no_wing_connection,0,0,0,0,0,0,0.0
720575941475456827,DNp72,no_wing_connection,0,0,0,0,0,0,0.0
720575941475557681,DNg03,no_wing_connection,0,0,0,0,0,0,0.0
720575941475572539,DNit004,no_wing_connection,0,0,0,0,0,0,0.0
720575941476214833,DNge140,no_wing_connection,0,0,0,0,0,0,0.0
720575941476367937,DNg12,no_wing_connection,0,0,0,0,0,0,0.0
720575941476398897,DNge092,no_wing_connection,0,0,0,0,0,0,0.0
720575941476632385,DNg01,no_wing_connection,0,0,0,0,0,0,0.0
720575941476981569,DNit007,no_wing_connection,0,0,0,0,0,0,0.0
720575941477006388,DNxn104,no_wing_connection,0,0,0,0,0,0,0.0
720575941477053233,DNg103,no_wing_connection,0,0,0,0,0,0,0.0
720575941477145393,DNxl113,no_wing_connection,0,0,0,0,0,0,0.0
720575941477298996,DNge144,no_wing_connection,0,0,0,0,0,0,0.0
720575941477392926,DNxl073,no_wing_connection,0,0,0,0,0,0,0.0
720575941471454583,DNg38,no_wing_connection,0,0,0,0,0,0,0.0
720575941471297911,DNxl109,no_wing_connection,0,0,0,0,0,0,0.0
720575941471266423,DNge062,no_wing_connection,0,0,0,0,0,0,0.0
720575941467453462,DNfl038,no_wing_connection,0,0,0,0,0,0,0.0
720575941459097503,DNp01,no_wing_connection,0,0,0,0,0,0,0.0
720575941459415878,pIP9,no_wing_connection,0,0,0,0,0,0,0.0
720575941460757715,DNxn112,no_wing_connection,0,0,0,0,0,0,0.0
720575941461347027,DNg68,no_wing_connection,0,0,0,0,0,0,0.0
720575941461352659,DNxn144,no_wing_connection,0,0,0,0,0,0,0.0
720575941461407955,DNxn157,no_wing_connection,0,0,0,0,0,0,0.0
720575941461494483,DNp64,no_wing_connection,0,0,0,0,0,0,0.0
720575941462261188,DNg35,no_wing_connection,0,0,0,0,0,0,0.0
720575941462378692,oviDN,no_wing_connection,0,0,0,0,0,0,0.0
720575941463078800,DNg18_b,no_wing_connection,0,0,0,0,0,0,0.0
720575941465737814,DNg12,no_wing_connection,0,0,0,0,0,0,0.0
720575941466964566,DNg64,no_wing_connection,0,0,0,0,0,0,0.0
720575941466965725,DNge024,no_wing_connection,0,0,0,0,0,0,0.0
720575941467559702,DNg06,no_wing_connection,0,0,0,0,0,0,0.0
720575941471147127,DNxl066,no_wing_connection,0,0,0,0,0,0,0.0
720575941468787520,DNge061,no_wing_connection,0,0,0,0,0,0,0.0
720575941468982795,DNg106,no_wing_connection,0,0,0,0,0,0,0.0
720575941469370688,DNg10,no_wing_connection,0,0,0,0,0,0,0.0
720575941469521216,DNg03,no_wing_connection,0,0,0,0,0,0,0.0
720575941469678557,DNg09,no_wing_connection,0,0,0,0,0,0,0.0
720575941469716445,DNg48,no_wing_connection,0,0,0,0,0,0,0.0
720575941470004445,DNge027,no_wing_connection,0,0,0,0,0,0,0.0
720575941470195723,DNxl056,no_wing_connection,0,0,0,0,0,0,0.0
720575941470236023,DNpe041,no_wing_connection,0,0,0,0,0,0,0.0
720575941470533131,DNg96,no_wing_connection,0,0,0,0,0,0,0.0
720575941470575479,DNut046,no_wing_connection,0,0,0,0,0,0,0.0
720575941470933824,DNxn127,no_wing_connection,0,0,0,0,0,0,0.0
720575941471139191,DNpe028,no_wing_connection,0,0,0,0,0,0,0.0
720575941477713770,DNxn162,no_wing_connection,0,0,0,0,0,0,0.0
720575941477812131,DNxl113,no_wing_connection,0,0,0,0,0,0,0.0
720575941456679149,DNpe020,no_wing_connection,0,0,0,0,0,0,0.0
720575941478074592,DNg02,no_wing_connection,0,0,0,0,0,0,0.0
720575941486575426,DNxl068,no_wing_connection,0,0,0,0,0,0,0.0
720575941486612034,DNa03,no_wing_connection,0,0,0,0,0,0,0.0
720575941486680717,DNp32,no_wing_connection,0,0,0,0,0,0,0.0
720575941486684226,DNa14,no_wing_connection,0,0,0,0,0,0,0.0
720575941486692493,DNp68,no_wing_connection,0,0,0,0,0,0,0.0
720575941486815238,DNfl022,no_wing_connection,0,0,0,0,0,0,0.0
720575941487186896,DNge112,no_wing_connection,0,0,0,0,0,0,0.0
720575941488845287,DNg44,no_wing_connection,0,0,0,0,0,0,0.0
720575941489195724,DNnt008,no_wing_connection,0,0,0,0,0,0,0.0
720575941489207605,DNnt012,no_wing_connection,0,0,0,0,0,0,0.0
720575941489274057,DNge046,no_wing_connection,0,0,0,0,0,0,0.0
720575941489377737,DNp17,no_wing_connection,0,0,0,0,0,0,0.0
720575941489812277,DNp52,no_wing_connection,0,0,0,0,0,0,0.0
720575941490071605,DNut046,no_wing_connection,0,0,0,0,0,0,0.0
720575941490535600,DNg53,no_wing_connection,0,0,0,0,0,0,0.0
720575941490558261,DNit013,no_wing_connection,0,0,0,0,0,0,0.0
720575941490590924,DNxn154,no_wing_connection,0,0,0,0,0,0,0.0
720575941490679497,DNge145,no_wing_connection,0,0,0,0,0,0,0.0
720575941490694453,DNp30,no_wing_connection,0,0,0,0,0,0,0.0
720575941490799157,DNp58,no_wing_connection,0,0,0,0,0,0,0.0
720575941491012809,MDN,no_wing_connection,0,0,0,0,0,0,0.0
720575941491055820,DNp17,no_wing_connection,0,0,0,0,0,0,0.0
720575941491065653,MDN,no_wing_connection,0,0,0,0,0,0,0.0
720575941491126222,DNg33,no_wing_connection,0,0,0,0,0,0,0.0
720575941491287497,DNpe048,no_wing_connection,0,0,0,0,0,0,0.0
720575941491649255,oviDN,no_wing_connection,0,0,0,0,0,0,0.0
720575941491807463,DNp56,no_wing_connection,0,0,0,0,0,0,0.0
720575941492328167,DNxl014,no_wing_connection,0,0,0,0,0,0,0.0
720575941492588976,DNxl123,no_wing_connection,0,0,0,0,0,0,0.0
720575941486437954,DNg108,no_wing_connection,0,0,0,0,0,0,0.0
720575941486413709,DNg40,no_wing_connection,0,0,0,0,0,0,0.0
720575941485430992,DNg37,no_wing_connection,0,0,0,0,0,0,0.0
720575941480797859,DNad004,no_wing_connection,0,0,0,0,0,0,0.0
720575941478429802,DNg70,no_wing_connection,0,0,0,0,0,0,0.0
720575941478705770,DNxn168,no_wing_connection,0,0,0,0,0,0,0.0
720575941479434720,DNg12,no_wing_connection,0,0,0,0,0,0,0.0
720575941479543776,DNxl124,no_wing_connection,0,0,0,0,0,0,0.0
720575941479563650,DNxl084,no_wing_connection,0,0,0,0,0,0,0.0
720575941480105039,DNnt013,no_wing_connection,0,0,0,0,0,0,0.0
720575941480480963,DNxn172,no_wing_connection,0,0,0,0,0,0,0.0
720575941480490882,DNfl035,no_wing_connection,0,0,0,0,0,0,0.0
720575941480513154,DNg106,no_wing_connection,0,0,0,0,0,0,0.0
720575941480587394,DNxn071,no_wing_connection,0,0,0,0,0,0,0.0
720575941480673154,DNg12,no_wing_connection,0,0,0,0,0,0,0.0
720575941480704954,DNg07,no_wing_connection,0,0,0,0,0,0,0.0
720575941480759971,DNxn179,no_wing_connection,0,0,0,0,0,0,0.0
720575941480901827,DNge085,no_wing_connection,0,0,0,0,0,0,0.0
720575941484195514,DNp24,no_wing_connection,0,0,0,0,0,0,0.0
720575941480917187,DNge069,no_wing_connection,0,0,0,0,0,0,0.0
720575941480942499,DNnt013,no_wing_connection,0,0,0,0,0,0,0.0
720575941480996226,DNpe008,no_wing_connection,0,0,0,0,0,0,0.0
720575941481045155,DNp16,no_wing_connection,0,0,0,0,0,0,0.0
720575941481337679,DNg77,no_wing_connection,0,0,0,0,0,0,0.0
720575941482058179,DNxn144,no_wing_connection,0,0,0,0,0,0,0.0
720575941482407677,DNnt008,no_wing_connection,0,0,0,0,0,0,0.0
720575941482713341,DNg07,no_wing_connection,0,0,0,0,0,0,0.0
720575941482970310,DNge139,no_wing_connection,0,0,0,0,0,0,0.0
720575941483266246,DNpe045,no_wing_connection,0,0,0,0,0,0,0.0
720575941483358717,DNp17,no_wing_connection,0,0,0,0,0,0,0.0
720575941483679674,DNge076,no_wing_connection,0,0,0,0,0,0,0.0
720575941483701178,DNp67,no_wing_connection,0,0,0,0,0,0,0.0
720575941459023088,DNpe025,no_wing_connection,0,0,0,0,0,0,0.0
720575941456665581,DNg12,no_wing_connection,0,0,0,0,0,0,0.0
720575941493947006,DNg46,no_wing_connection,0,0,0,0,0,0,0.0
720575941433139598,DNg06,no_wing_connection,0,0,0,0,0,0,0.0
720575941414353436,DNg10,no_wing_connection,0,0,0,0,0,0,0.0
720575941414491028,DNge102,no_wing_connection,0,0,0,0,0,0,0.0
720575941414899345,DNc02,no_wing_connection,0,0,0,0,0,0,0.0
720575941414947220,DNxn187,no_wing_connection,0,0,0,0,0,0,0.0
720575941415707420,DNg24,no_wing_connection,0,0,0,0,0,0,0.0
720575941417243164,oviDN,no_wing_connection,0,0,0,0,0,0,0.0
720575941425381716,DNxn109,no_wing_connection,0,0,0,0,0,0,0.0
720575941426612564,DNg92,no_wing_connection,0,0,0,0,0,0,0.0
720575941427901012,DNfl020,no_wing_connection,0,0,0,0,0,0,0.0
720575941427934548,DNpe020,no_wing_connection,0,0,0,0,0,0,0.0
720575941428164233,DNfl021,no_wing_connection,0,0,0,0,0,0,0.0
720575941428365193,DNg12,no_wing_connection,0,0,0,0,0,0,0.0
720575941429383521,DNg12,no_wing_connection,0,0,0,0,0,0,0.0
720575941429866593,DNut054,no_wing_connection,0,0,0,0,0,0,0.0
720575941430120289,DNge023,no_wing_connection,0,0,0,0,0,0,0.0
720575941430513289,DNg36,no_wing_connection,0,0,0,0,0,0,0.0
720575941430610095,DNge109,no_wing_connection,0,0,0,0,0,0,0.0
720575941431211951,DNg29,no_wing_connection,0,0,0,0,0,0,0.0
720575941431469304,DNp46,no_wing_connection,0,0,0,0,0,0,0.0
720575941431577007,DNg02,no_wing_connection,0,0,0,0,0,0,0.0
720575941431747086,DNg73,no_wing_connection,0,0,0,0,0,0,0.0
720575941431875832,DNxl083,no_wing_connection,0,0,0,0,0,0,0.0
720575941432046945,DNxl125,no_wing_connection,0,0,0,0,0,0,0.0
720575941432255959,DNxl070,no_wing_connection,0,0,0,0,0,0,0.0
720575941432269271,DNg10,no_wing_connection,0,0,0,0,0,0,0.0
720575941432295639,DNg02,no_wing_connection,0,0,0,0,0,0,0.0
720575941432481633,DNxn126,no_wing_connection,0,0,0,0,0,0,0.0
720575941433030414,DNfl024,no_wing_connection,0,0,0,0,0,0,0.0
720575941433031182,DNxn165,no_wing_connection,0,0,0,0,0,0,0.0
720575941413642268,DNg78,no_wing_connection,0,0,0,0,0,0,0.0
720575941413189999,DNp38,no_wing_connection,0,0,0,0,0,0,0.0
720575941412623215,DNg12,no_wing_connection,0,0,0,0,0,0,0.0
720575941401753635,DNg06,no_wing_connection,0,0,0,0,0,0,0.0
720575941352918576,DNg70,no_wing_connection,0,0,0,0,0,0,0.0
720575941353080624,DNfl042,no_wing_connection,0,0,0,0,0,0,0.0
720575941390308246,DNut054,no_wing_connection,0,0,0,0,0,0,0.0
720575941390619140,DNg10,no_wing_connection,0,0,0,0,0,0,0.0
720575941390623382,DNp20,no_wing_connection,0,0,0,0,0,0,0.0
720575941390722710,DNge025,no_wing_connection,0,0,0,0,0,0,0.0
720575941391756548,DNfl028,no_wing_connection,0,0,0,0,0,0,0.0
720575941393196950,DNpe054,no_wing_connection,0,0,0,0,0,0,0.0
720575941393242628,DNp30,no_wing_connection,0,0,0,0,0,0,0.0
720575941399042851,DNfl025,no_wing_connection,0,0,0,0,0,0,0.0
720575941399099427,DNfl033,no_wing_connection,0,0,0,0,0,0,0.0
720575941399380515,DNg12,no_wing_connection,0,0,0,0,0,0,0.0
720575941400290851,DNg49,no_wing_connection,0,0,0,0,0,0,0.0
720575941401786403,DNut042,no_wing_connection,0,0,0,0,0,0,0.0
720575941411620207,DNg33,no_wing_connection,0,0,0,0,0,0,0.0
720575941401814307,DNxl049,no_wing_connection,0,0,0,0,0,0,0.0
720575941401962787,DNg104,no_wing_connection,0,0,0,0,0,0,0.0
720575941402468899,DNp17,no_wing_connection,0,0,0,0,0,0,0.0
720575941404711792,DNpe016,no_wing_connection,0,0,0,0,0,0,0.0
720575941404748144,DNxl097,no_wing_connection,0,0,0,0,0,0,0.0
720575941404813680,DNut042,no_wing_connection,0,0,0,0,0,0,0.0
720575941404874352,DNfl021,no_wing_connection,0,0,0,0,0,0,0.0
720575941404981360,DNp17,no_wing_connection,0,0,0,0,0,0,0.0
720575941407788206,DNge029,no_wing_connection,0,0,0,0,0,0,0.0
720575941408170799,DNxn165,no_wing_connection,0,0,0,0,0,0,0.0
720575941408568238,DNb08,no_wing_connection,0,0,0,0,0,0,0.0
720575941408577327,DNg62,no_wing_connection,0,0,0,0,0,0,0.0
720575941409214894,DNp25,no_wing_connection,0,0,0,0,0,0,0.0
720575941433116046,DNg03,no_wing_connection,0,0,0,0,0,0,0.0
720575941433235744,DNg12,no_wing_connection,0,0,0,0,0,0,0.0
720575941456506015,DNg23,no_wing_connection,0,0,0,0,0,0,0.0
720575941434224526,DNge110,no_wing_connection,0,0,0,0,0,0,0.0
720575941446894612,DNnt008,no_wing_connection,0,0,0,0,0,0,0.0
720575941447884820,DNxn071,no_wing_connection,0,0,0,0,0,0,0.0
720575941447935764,oviDN,no_wing_connection,0,0,0,0,0,0,0.0
720575941448018196,DNge142,no_wing_connection,0,0,0,0,0,0,0.0
720575941448124692,DNge115,no_wing_connection,0,0,0,0,0,0,0.0
720575941448922717,DNg11,no_wing_connection,0,0,0,0,0,0,0.0
720575941448968029,DNfl014,no_wing_connection,0,0,0,0,0,0,0.0
720575941449384885,DNge150,no_wing_connection,0,0,0,0,0,0,0.0
720575941449875893,DNxl106,no_wing_connection,0,0,0,0,0,0,0.0
720575941450039477,DNg83,no_wing_connection,0,0,0,0,0,0,0.0
720575941450587726,DNp55,no_wing_connection,0,0,0,0,0,0,0.0
720575941450728314,DNxl104,no_wing_connection,0,0,0,0,0,0,0.0
720575941450934350,DNp27,no_wing_connection,0,0,0,0,0,0,0.0
720575941451023482,DNfl014,no_wing_connection,0,0,0,0,0,0,0.0
720575941452016199,DNxn144,no_wing_connection,0,0,0,0,0,0,0.0
720575941452030330,oviDN,no_wing_connection,0,0,0,0,0,0,0.0
720575941452211834,DNxn143,no_wing_connection,0,0,0,0,0,0,0.0
720575941452264361,DNnt011,no_wing_connection,0,0,0,0,0,0,0.0
720575941453538473,DNxl113,no_wing_connection,0,0,0,0,0,0,0.0
720575941453830637,DNfl012,no_wing_connection,0,0,0,0,0,0,0.0
720575941453869619,DNg18,no_wing_connection,0,0,0,0,0,0,0.0
720575941454124781,DNg12,no_wing_connection,0,0,0,0,0,0,0.0
720575941454260275,DNg106,no_wing_connection,0,0,0,0,0,0,0.0
720575941454569523,DNg18,no_wing_connection,0,0,0,0,0,0,0.0
720575941454913075,DNge083,no_wing_connection,0,0,0,0,0,0,0.0
720575941454975539,DNp16,no_wing_connection,0,0,0,0,0,0,0.0
720575941455929837,DNge089,no_wing_connection,0,0,0,0,0,0,0.0
720575941456180461,DNg63,no_wing_connection,0,0,0,0,0,0,0.0
720575941456504560,DNg03,no_wing_connection,0,0,0,0,0,0,0.0
720575941445677332,DNge060,no_wing_connection,0,0,0,0,0,0,0.0
720575941444536746,DNut042,no_wing_connection,0,0,0,0,0,0,0.0
720575941442861482,DNg09,no_wing_connection,0,0,0,0,0,0,0.0
720575941438655506,DNfl042,no_wing_connection,0,0,0,0,0,0,0.0
720575941434874912,720575941434874912,no_wing_connection,0,0,0,0,0,0,0.0
720575941435949198,DNxl118,no_wing_connection,0,0,0,0,0,0,0.0
720575941435997984,DNge034,no_wing_connection,0,0,0,0,0,0,0.0
720575941436095788,DNut058,no_wing_connection,0,0,0,0,0,0,0.0
720575941436313888,DNfl035,no_wing_connection,0,0,0,0,0,0,0.0
720575941437329708,DNg08_b,no_wing_connection,0,0,0,0,0,0,0.0
720575941437971541,DNg01,no_wing_connection,0,0,0,0,0,0,0.0
720575941438049621,DNnt008,no_wing_connection,0,0,0,0,0,0,0.0
720575941438213951,DNge118,no_wing_connection,0,0,0,0,0,0,0.0
720575941438465298,DNb04,no_wing_connection,0,0,0,0,0,0,0.0
720575941438469676,DNxl125,no_wing_connection,0,0,0,0,0,0,0.0
720575941438500370,DNxn145,no_wing_connection,0,0,0,0,0,0,0.0
720575941438646290,DNg38,no_wing_connection,0,0,0,0,0,0,0.0
720575941438719967,DNg11,no_wing_connection,0,0,0,0,0,0,0.0
720575941441615963,DNpe007,no_wing_connection,0,0,0,0,0,0,0.0
720575941438848479,DNpe054,no_wing_connection,0,0,0,0,0,0,0.0
720575941439454783,DNit003,no_wing_connection,0,0,0,0,0,0,0.0
720575941439567327,DNfl024,no_wing_connection,0,0,0,0,0,0,0.0
720575941439577055,DNxl114,no_wing_connection,0,0,0,0,0,0,0.0
720575941439620415,DNxl088,no_wing_connection,0,0,0,0,0,0,0.0
720575941439633983,DNp65,no_wing_connection,0,0,0,0,0,0,0.0
720575941439740895,DNg11,no_wing_connection,0,0,0,0,0,0,0.0
720575941439786719,DNxl101,no_wing_connection,0,0,0,0,0,0,0.0
720575941439919295,DNg12,no_wing_connection,0,0,0,0,0,0,0.0
720575941440350293,DNp71,no_wing_connection,0,0,0,0,0,0,0.0
720575941440379733,DNp66,no_wing_connection,0,0,0,0,0,0,0.0
720575941440714959,DNg03,no_wing_connection,0,0,0,0,0,0,0.0
720575941441243839,DNxn179,no_wing_connection,0,0,0,0,0,0,0.0
720575941493928064,DNnt008,no_wing_connection,0,0,0,0,0,0,0.0
720575941494925182,DNxl127,no_wing_connection,0,0,0,0,0,0,0.0
720575941554172807,DNp44,no_wing_connection,0,0,0,0,0,0,0.0
720575941537718653,DNxn108,no_wing_connection,0,0,0,0,0,0,0.0
720575941530577355,DNut046,no_wing_connection,0,0,0,0,0,0,0.0
720575941530606467,DNg06,no_wing_connection,0,0,0,0,0,0,0.0
720575941531334373,DNxn108,no_wing_connection,0,0,0,0,0,0,0.0
720575941531488971,DNxl095,no_wing_connection,0,0,0,0,0,0,0.0
720575941531735269,DNg72,no_wing_connection,0,0,0,0,0,0,0.0
720575941531918565,DNxn109,no_wing_connection,0,0,0,0,0,0,0.0
720575941531974629,DNg36,no_wing_connection,0,0,0,0,0,0,0.0
720575941532803160,DNxl081,no_wing_connection,0,0,0,0,0,0,0.0
720575941533398659,DNxn105,no_wing_connection,0,0,0,0,0,0,0.0
720575941533506586,DNg106,no_wing_connection,0,0,0,0,0,0,0.0
720575941533567754,DNge071,no_wing_connection,0,0,0,0,0,0,0.0
720575941533807082,DNg11,no_wing_connection,0,0,0,0,0,0,0.0
720575941534075370,DNge071,no_wing_connection,0,0,0,0,0,0,0.0
720575941534800618,DNge071,no_wing_connection,0,0,0,0,0,0,0.0
720575941352057904,DNpe054,no_wing_connection,0,0,0,0,0,0,0.0
720575941534911832,DNge139,no_wing_connection,0,0,0,0,0,0,0.0
720575941535086424,DNg13,no_wing_connection,0,0,0,0,0,0,0.0
720575941535097578,DNge012,no_wing_connection,0,0,0,0,0,0,0.0
720575941535167320,DNxn073,no_wing_connection,0,0,0,0,0,0,0.0
720575941535231832,DNxl123,no_wing_connection,0,0,0,0,0,0,0.0
720575941535332952,DNpe008,no_wing_connection,0,0,0,0,0,0,0.0
720575941535705778,DNp17,no_wing_connection,0,0,0,0,0,0,0.0
720575941535724522,DNge056,no_wing_connection,0,0,0,0,0,0,0.0
720575941535811562,DNg12,no_wing_connection,0,0,0,0,0,0,0.0
720575941536048321,DNg62,no_wing_connection,0,0,0,0,0,0,0.0
720575941536140993,DNxn181,no_wing_connection,0,0,0,0,0,0,0.0
720575941536326805,DNnt008,no_wing_connection,0,0,0,0,0,0,0.0
720575941536580634,DNge129,no_wing_connection,0,0,0,0,0,0,0.0
720575941536706753,DNg80,no_wing_connection,0,0,0,0,0,0,0.0
720575941530466488,DNg08,no_wing_connection,0,0,0,0,0,0,0.0
720575941530093496,DNxn119,no_wing_connection,0,0,0,0,0,0,0.0
720575941530080997,DNxn111,no_wing_connection,0,0,0,0,0,0,0.0
720575941526723940,DNp65,no_wing_connection,0,0,0,0,0,0,0.0
720575941522739275,DNg10,no_wing_connection,0,0,0,0,0,0,0.0
720575941523079671,DNg106,no_wing_connection,0,0,0,0,0,0,0.0
720575941523106295,DNg14,no_wing_connection,0,0,0,0,0,0,0.0
720575941523236171,DNg36,no_wing_connection,0,0,0,0,0,0,0.0
720575941523447883,DNg07,no_wing_connection,0,0,0,0,0,0,0.0
720575941523790925,DNg106,no_wing_connection,0,0,0,0,0,0,0.0
720575941524167755,oviDN,no_wing_connection,0,0,0,0,0,0,0.0
720575941524210763,DNg47,no_wing_connection,0,0,0,0,0,0,0.0
720575941524478795,DNit003,no_wing_connection,0,0,0,0,0,0,0.0
720575941524958118,DNut042,no_wing_connection,0,0,0,0,0,0,0.0
720575941525186818,DNnt016,no_wing_connection,0,0,0,0,0,0,0.0
720575941526676301,DNut047,no_wing_connection,0,0,0,0,0,0,0.0
720575941526696804,DNut054,no_wing_connection,0,0,0,0,0,0,0.0
720575941526772836,DNg37,no_wing_connection,0,0,0,0,0,0,0.0
720575941529830840,DNfl024,no_wing_connection,0,0,0,0,0,0,0.0
720575941526849357,DNg107,no_wing_connection,0,0,0,0,0,0,0.0
720575941526946562,DNa11,no_wing_connection,0,0,0,0,0,0,0.0
720575941527175524,DNg03,no_wing_connection,0,0,0,0,0,0,0.0
720575941527644600,DNg57,no_wing_connection,0,0,0,0,0,0,0.0
720575941527922598,DNg08,no_wing_connection,0,0,0,0,0,0,0.0
720575941528092344,DNg36,no_wing_connection,0,0,0,0,0,0,0.0
720575941528109222,DNg88,no_wing_connection,0,0,0,0,0,0,0.0
720575941529139844,DNxn153,no_wing_connection,0,0,0,0,0,0,0.0
720575941529212600,DNge031,no_wing_connection,0,0,0,0,0,0,0.0
720575941529494660,DNc01,no_wing_connection,0,0,0,0,0,0,0.0
720575941529711288,DNge004,no_wing_connection,0,0,0,0,0,0,0.0
720575941529744869,DNg106,no_wing_connection,0,0,0,0,0,0,0.0
720575941529824440,oviDN,no_wing_connection,0,0,0,0,0,0,0.0
720575941536772378,DNp29,no_wing_connection,0,0,0,0,0,0,0.0
720575941537766632,DNd05,no_wing_connection,0,0,0,0,0,0,0.0
720575941521369523,DNge092,no_wing_connection,0,0,0,0,0,0,0.0
720575941537912291,DNpe012,no_wing_connection,0,0,0,0,0,0,0.0
720575941546970292,DNp16,no_wing_connection,0,0,0,0,0,0,0.0
720575941547317940,DNge032,no_wing_connection,0,0,0,0,0,0,0.0
720575941547473268,DNnt008,no_wing_connection,0,0,0,0,0,0,0.0
720575941547763060,DNfl037,no_wing_connection,0,0,0,0,0,0,0.0
720575941548066184,DNge073,no_wing_connection,0,0,0,0,0,0,0.0
720575941548170120,DNxl094,no_wing_connection,0,0,0,0,0,0,0.0
720575941548409377,DNxn128,no_wing_connection,0,0,0,0,0,0,0.0
720575941548641085,DNfl020,no_wing_connection,0,0,0,0,0,0,0.0
720575941548655496,DNxl132,no_wing_connection,0,0,0,0,0,0,0.0
720575941549022497,DNpe054,no_wing_connection,0,0,0,0,0,0,0.0
720575941549156980,DNg02,no_wing_connection,0,0,0,0,0,0,0.0
720575941549490209,DNg02,no_wing_connection,0,0,0,0,0,0,0.0
720575941549788961,DNpe054,no_wing_connection,0,0,0,0,0,0,0.0
720575941550148724,DNg31,no_wing_connection,0,0,0,0,0,0,0.0
720575941550401086,DNfl024,no_wing_connection,0,0,0,0,0,0,0.0
720575941550561341,DNxn189,no_wing_connection,0,0,0,0,0,0,0.0
720575941551093639,DNg12,no_wing_connection,0,0,0,0,0,0,0.0
720575941551193115,DNg10,no_wing_connection,0,0,0,0,0,0,0.0
720575941551774526,DNit013,no_wing_connection,0,0,0,0,0,0,0.0
720575941551991295,DNg16,no_wing_connection,0,0,0,0,0,0,0.0
720575941552002815,DNg57,no_wing_connection,0,0,0,0,0,0,0.0
720575941552009727,DNg49,no_wing_connection,0,0,0,0,0,0,0.0
720575941552163583,DNpe022,no_wing_connection,0,0,0,0,0,0,0.0
720575941552584510,DNxn144,no_wing_connection,0,0,0,0,0,0,0.0
720575941552768062,DNxn172,no_wing_connection,0,0,0,0,0,0,0.0
720575941552863489,DNg92,no_wing_connection,0,0,0,0,0,0,0.0
720575941553550471,DNxn109,no_wing_connection,0,0,0,0,0,0,0.0
720575941553551495,DNg07,no_wing_connection,0,0,0,0,0,0,0.0
720575941553670791,DNa13,no_wing_connection,0,0,0,0,0,0,0.0
720575941546602345,DNpe031,no_wing_connection,0,0,0,0,0,0,0.0
720575941546513001,DNp70,no_wing_connection,0,0,0,0,0,0,0.0
720575941546194364,DNge145,no_wing_connection,0,0,0,0,0,0,0.0
720575941540462285,DNxl067,no_wing_connection,0,0,0,0,0,0,0.0
720575941538209229,DNg10,no_wing_connection,0,0,0,0,0,0,0.0
720575941538221288,DNg26,no_wing_connection,0,0,0,0,0,0,0.0
720575941538255587,DNg110,no_wing_connection,0,0,0,0,0,0,0.0
720575941538336381,DNg60,no_wing_connection,0,0,0,0,0,0,0.0
720575941539028722,DNxl099,no_wing_connection,0,0,0,0,0,0,0.0
720575941539243669,DNnt016,no_wing_connection,0,0,0,0,0,0,0.0
720575941539325333,DNfl040,no_wing_connection,0,0,0,0,0,0,0.0
720575941539407090,DNpe011,no_wing_connection,0,0,0,0,0,0,0.0
720575941539552717,DNxn115,no_wing_connection,0,0,0,0,0,0,0.0
720575941539816061,DNxn153,no_wing_connection,0,0,0,0,0,0,0.0
720575941540257741,DNxn167,no_wing_connection,0,0,0,0,0,0,0.0
720575941540269693,oviDN,no_wing_connection,0,0,0,0,0,0,0.0
720575941540291789,DNxl110,no_wing_connection,0,0,0,0,0,0,0.0
720575941540535069,DNg12,no_wing_connection,0,0,0,0,0,0,0.0
720575941545432425,DNb08,no_wing_connection,0,0,0,0,0,0,0.0
720575941541271325,DNg78,no_wing_connection,0,0,0,0,0,0,0.0
720575941542514268,DNg43,no_wing_connection,0,0,0,0,0,0,0.0
720575941542584837,DNge020,no_wing_connection,0,0,0,0,0,0,0.0
720575941542617117,DNp17,no_wing_connection,0,0,0,0,0,0,0.0
720575941542676572,DNg85,no_wing_connection,0,0,0,0,0,0,0.0
720575941542733573,DNfl021,no_wing_connection,0,0,0,0,0,0,0.0
720575941542885661,DNg84,no_wing_connection,0,0,0,0,0,0,0.0
720575941543092060,DNp14,no_wing_connection,0,0,0,0,0,0,0.0
720575941543093021,DNxl073,no_wing_connection,0,0,0,0,0,0,0.0
720575941543108956,DNp37,no_wing_connection,0,0,0,0,0,0,0.0
720575941545033916,DNnt011,no_wing_connection,0,0,0,0,0,0,0.0
720575941545120361,DNg12,no_wing_connection,0,0,0,0,0,0,0.0
720575941545418501,DNg67,no_wing_connection,0,0,0,0,0,0,0.0
720575941521454003,oviDN,no_wing_connection,0,0,0,0,0,0,0.0
720575941521282739,DNg49,no_wing_connection,0,0,0,0,0,0,0.0
720575941495055486,DNpe001,no_wing_connection,0,0,0,0,0,0,0.0
720575941508261922,DNnt007,no_wing_connection,0,0,0,0,0,0,0.0
720575941504331607,DNg110,no_wing_connection,0,0,0,0,0,0,0.0
720575941504459458,DNxl063,no_wing_connection,0,0,0,0,0,0,0.0
720575941504602418,DNxn129,no_wing_connection,0,0,0,0,0,0,0.0
720575941504687810,DNxn113,no_wing_connection,0,0,0,0,0,0,0.0
720575941505033010,DNp52,no_wing_connection,0,0,0,0,0,0,0.0
720575941505242789,DNg52,no_wing_connection,0,0,0,0,0,0,0.0
720575941505410876,DNfl020,no_wing_connection,0,0,0,0,0,0,0.0
720575941505415484,DNfl021,no_wing_connection,0,0,0,0,0,0,0.0
720575941505767970,DNg20,no_wing_connection,0,0,0,0,0,0,0.0
720575941505929506,DNg02,no_wing_connection,0,0,0,0,0,0,0.0
720575941505983813,DNg07,no_wing_connection,0,0,0,0,0,0,0.0
720575941505988165,DNge151,no_wing_connection,0,0,0,0,0,0,0.0
720575941506164037,DNg46,no_wing_connection,0,0,0,0,0,0,0.0
720575941506196247,DNp20,no_wing_connection,0,0,0,0,0,0,0.0
720575941506229889,DNge089,no_wing_connection,0,0,0,0,0,0,0.0
720575941506628225,DNge095,no_wing_connection,0,0,0,0,0,0,0.0
720575941506644028,DNnt011,no_wing_connection,0,0,0,0,0,0,0.0
720575941506736956,DNp29,no_wing_connection,0,0,0,0,0,0,0.0
720575941507049239,DNit008,no_wing_connection,0,0,0,0,0,0,0.0
720575941507062807,DNg19,no_wing_connection,0,0,0,0,0,0,0.0
720575941507065111,DNxn109,no_wing_connection,0,0,0,0,0,0,0.0
720575941507079703,DNxl100,no_wing_connection,0,0,0,0,0,0,0.0
720575941507205143,DNxn178,no_wing_connection,0,0,0,0,0,0,0.0
720575941507243333,DNge061,no_wing_connection,0,0,0,0,0,0,0.0
720575941507243589,DNbe002,no_wing_connection,0,0,0,0,0,0,0.0
720575941507249221,DNg109,no_wing_connection,0,0,0,0,0,0,0.0
720575941507409502,DNge116,no_wing_connection,0,0,0,0,0,0,0.0
720575941507724929,DNxn109,no_wing_connection,0,0,0,0,0,0,0.0
720575941507751447,DNxn146,no_wing_connection,0,0,0,0,0,0,0.0
720575941504258839,DNge025,no_wing_connection,0,0,0,0,0,0,0.0
720575941504090162,DNxl022,no_wing_connection,0,0,0,0,0,0,0.0
720575941503846706,DNpe011,no_wing_connection,0,0,0,0,0,0,0.0
720575941499200585,DNg95,no_wing_connection,0,0,0,0,0,0,0.0
720575941495266247,DNxl104,no_wing_connection,0,0,0,0,0,0,0.0
720575941495775431,DNge085,no_wing_connection,0,0,0,0,0,0,0.0
720575941496208071,DNge058,no_wing_connection,0,0,0,0,0,0,0.0
720575941496684672,DNxl106,no_wing_connection,0,0,0,0,0,0,0.0
720575941496695751,DNg22,no_wing_connection,0,0,0,0,0,0,0.0
720575941496696263,DNp58,no_wing_connection,0,0,0,0,0,0,0.0
720575941496697216,DNp39,no_wing_connection,0,0,0,0,0,0,0.0
720575941496731042,DNg72,no_wing_connection,0,0,0,0,0,0,0.0
720575941498434683,DNge094,no_wing_connection,0,0,0,0,0,0,0.0
720575941498788258,DNnt011,no_wing_connection,0,0,0,0,0,0,0.0
720575941498984161,DNxl114,no_wing_connection,0,0,0,0,0,0,0.0
720575941499077089,DNpe027,no_wing_connection,0,0,0,0,0,0,0.0
720575941499166281,DNxl021,no_wing_connection,0,0,0,0,0,0,0.0
720575941499708745,MDN,no_wing_connection,0,0,0,0,0,0,0.0
720575941503769650,DNg52,no_wing_connection,0,0,0,0,0,0,0.0
720575941500839147,DNit005,no_wing_connection,0,0,0,0,0,0,0.0
720575941501552983,DNg02,no_wing_connection,0,0,0,0,0,0,0.0
720575941501608939,DNfl044,no_wing_connection,0,0,0,0,0,0,0.0
720575941501635927,DNg02,no_wing_connection,0,0,0,0,0,0,0.0
720575941502004107,DNpe003,no_wing_connection,0,0,0,0,0,0,0.0
720575941502273419,DNxl105,no_wing_connection,0,0,0,0,0,0,0.0
720575941502715019,DNg24,no_wing_connection,0,0,0,0,0,0,0.0
720575941502734475,DNp38,no_wing_connection,0,0,0,0,0,0,0.0
720575941503131371,DNut046,no_wing_connection,0,0,0,0,0,0,0.0
720575941503461867,DNge010,no_wing_connection,0,0,0,0,0,0,0.0
720575941503527147,DNge025,no_wing_connection,0,0,0,0,0,0,0.0
720575941503529522,DNg10,no_wing_connection,0,0,0,0,0,0,0.0
720575941503767127,DNg37,no_wing_connection,0,0,0,0,0,0,0.0
720575941507894366,DNg69,no_wing_connection,0,0,0,0,0,0,0.0
720575941508298786,DNg43,no_wing_connection,0,0,0,0,0,0,0.0
720575941521274551,DNg35,no_wing_connection,0,0,0,0,0,0,0.0
720575941508471824,DNg81,no_wing_connection,0,0,0,0,0,0,0.0
720575941515922778,DNxn183,no_wing_connection,0,0,0,0,0,0,0.0
720575941515944803,DNge048,no_wing_connection,0,0,0,0,0,0,0.0
720575941515969123,DNg60,no_wing_connection,0,0,0,0,0,0,0.0
720575941516229475,DNp34,no_wing_connection,0,0,0,0,0,0,0.0
720575941516237817,DNd02,no_wing_connection,0,0,0,0,0,0,0.0
720575941516271450,DNg56,no_wing_connection,0,0,0,0,0,0,0.0
720575941516357881,DNpe014,no_wing_connection,0,0,0,0,0,0,0.0
720575941516480110,DNit005,no_wing_connection,0,0,0,0,0,0,0.0
720575941516601690,oviDN,no_wing_connection,0,0,0,0,0,0,0.0
720575941516800147,DNnt019,no_wing_connection,0,0,0,0,0,0,0.0
720575941517006296,DNg03,no_wing_connection,0,0,0,0,0,0,0.0
720575941517695660,DNxn144,no_wing_connection,0,0,0,0,0,0,0.0
720575941518261932,DNg12,no_wing_connection,0,0,0,0,0,0,0.0
720575941518509495,DNxl131,no_wing_connection,0,0,0,0,0,0,0.0
720575941518794668,DNxl097,no_wing_connection,0,0,0,0,0,0,0.0
720575941518945459,DNge071,no_wing_connection,0,0,0,0,0,0,0.0
720575941519241176,DNxl111,no_wing_connection,0,0,0,0,0,0,0.0
720575941519246296,DNge080,no_wing_connection,0,0,0,0,0,0,0.0
720575941519274968,DNp17,no_wing_connection,0,0,0,0,0,0,0.0
720575941519453550,DNxn168,no_wing_connection,0,0,0,0,0,0,0.0
720575941519462766,DNg104,no_wing_connection,0,0,0,0,0,0,0.0
720575941519464046,DNg97,no_wing_connection,0,0,0,0,0,0,0.0
720575941519611608,DNxl086,no_wing_connection,0,0,0,0,0,0,0.0
720575941519656814,DNxl117,no_wing_connection,0,0,0,0,0,0,0.0
720575941519658862,DNp64,no_wing_connection,0,0,0,0,0,0,0.0
720575941519866840,DNg76,no_wing_connection,0,0,0,0,0,0,0.0
720575941520735411,DNge098,no_wing_connection,0,0,0,0,0,0,0.0
720575941521188791,DNpe052,no_wing_connection,0,0,0,0,0,0,0.0
720575941521256115,DNxn181,no_wing_connection,0,0,0,0,0,0,0.0
720575941515872003,DNp56,no_wing_connection,0,0,0,0,0,0,0.0
720575941515840403,DNge145,no_wing_connection,0,0,0,0,0,0,0.0
720575941515746051,DNge044,no_wing_connection,0,0,0,0,0,0,0.0
720575941513793612,DNg12,no_wing_connection,0,0,0,0,0,0,0.0
720575941508500609,DNxl087,no_wing_connection,0,0,0,0,0,0,0.0
720575941509165185,DNp27,no_wing_connection,0,0,0,0,0,0,0.0
720575941510361298,DNge117,no_wing_connection,0,0,0,0,0,0,0.0
720575941510509072,DNnt009,no_wing_connection,0,0,0,0,0,0,0.0
720575941510651152,DNge138,no_wing_connection,0,0,0,0,0,0,0.0
720575941511270610,DNg39,no_wing_connection,0,0,0,0,0,0,0.0
720575941511281618,DNg96,no_wing_connection,0,0,0,0,0,0,0.0
720575941512496716,DNxl094,no_wing_connection,0,0,0,0,0,0,0.0
720575941512600140,DNxn106,no_wing_connection,0,0,0,0,0,0,0.0
720575941513032780,DNit003,no_wing_connection,0,0,0,0,0,0,0.0
720575941513203665,DNp41,no_wing_connection,0,0,0,0,0,0,0.0
720575941513419619,DNge118,no_wing_connection,0,0,0,0,0,0,0.0
720575941513674131,DNfl037,no_wing_connection,0,0,0,0,0,0,0.0
720575941513798097,DNg88,no_wing_connection,0,0,0,0,0,0,0.0
720575941515726691,DNge028,no_wing_connection,0,0,0,0,0,0,0.0
720575941513808849,DNge038,no_wing_connection,0,0,0,0,0,0,0.0
720575941513981433,DNg26,no_wing_connection,0,0,0,0,0,0,0.0
720575941514064716,DNd05,no_wing_connection,0,0,0,0,0,0,0.0
720575941514111564,DNg72,no_wing_connection,0,0,0,0,0,0,0.0
720575941514447097,DNnt018,no_wing_connection,0,0,0,0,0,0,0.0
720575941514456569,DNfl032,no_wing_connection,0,0,0,0,0,0,0.0
720575941514608995,DNg81,no_wing_connection,0,0,0,0,0,0,0.0
720575941514787907,DNge068,no_wing_connection,0,0,0,0,0,0,0.0
720575941515074883,DNp39,no_wing_connection,0,0,0,0,0,0,0.0
720575941515077699,DNg12,no_wing_connection,0,0,0,0,0,0,0.0
720575941515238234,DNg07,no_wing_connection,0,0,0,0,0,0,0.0
720575941515411603,DNit005,no_wing_connection,0,0,0,0,0,0,0.0
720575941515579747,DNxn170,no_wing_connection,0,0,0,0,0,0,0.0
720575941733215019,DNpe013,no_wing_connection,0,0,0,0,0,0,0.0
