source,target,weight,neuropil,nt_type,muscle,muscle_type
720575941390285462,720575941732789547,15,VNC_unassigned_R,,hg2,steering
720575941392812548,720575941456201887,11,VNC_HTct_L,,hg1,steering
720575941392812548,720575941547315060,15,VNC_IntTct_L,,i1,steering
720575941394131094,720575941643100754,12,VNC_WTct_R,,ps1,steering
720575941405473327,720575941519783640,10,VNC_WTct_L,,DLM1,power
720575941408639535,720575941566847847,10,VNC_WTct_L,,DVM1A,power
720575941408639535,720575941590220684,14,VNC_WTct_L,,DVM3A,power
720575941411441323,720575941475745898,11,VNC_IntTct_R,,i2,steering
720575941411441323,720575941475745898,13,VNC_WTct_R,,i2,steering
720575941411441323,720575941547394081,24,VNC_IntTct_L,,i2,steering
720575941411441323,720575941547394081,17,VNC_WTct_L,,i2,steering
720575941414262161,720575941629172716,10,VNC_LTct_R,,iii1,steering
720575941414341521,720575941479034563,11,VNC_WTct_R,,DLM1,power
720575941429113775,720575941630940642,11,VNC_NTct_L,,hg4,steering
720575941431097737,720575941603635190,10,VNC_WTct_R,,DVM1A,power
720575941432905943,720575941645041313,10,VNC_WTct_L,,ps1,steering
720575941433415200,720575941468288375,20,VNC_WTct_R,,hg3,steering
720575941433415200,720575941688499212,11,VNC_WTct_R,,unknown,unknown
720575941436259602,720575941542412805,12,VNC_NTct_L,,b3,steering
720575941439029951,720575941645041313,13,VNC_HTct_L,,ps1,steering
720575941439285036,720575941475745898,14,VNC_IntTct_R,,i2,steering
720575941440280767,720575941468897856,15,VNC_HTct_R,,i1,steering
720575941440280767,720575941468897856,16,VNC_IntTct_R,,i1,steering
720575941440280767,720575941474574132,11,VNC_HTct_R,,b3,steering
720575941440280767,720575941474574132,14,VNC_IntTct_R,,b3,steering
720575941440280767,720575941474574132,20,VNC_WTct_R,,b3,steering
720575941440280767,720575941580669817,14,VNC_HTct_R,,hg1,steering
720575941440280767,720575941580669817,13,VNC_IntTct_R,,hg1,steering
720575941441633883,720575941569529458,11,VNC_WTct_L,,unknown,unknown
720575941441643867,720575941643100754,12,VNC_WTct_R,,ps1,steering
720575941441974479,720575941645041313,16,VNC_HTct_L,,ps1,steering
720575941447863316,720575941580669817,13,VNC_IntTct_R,,hg1,steering
720575941447863316,720575941655597785,25,VNC_IntTct_R,,b2,steering
720575941450506830,720575941655597785,15,VNC_WTct_R,,b2,steering
720575941451941498,720575941468897856,16,VNC_IntTct_R,,i1,steering
720575941451941498,720575941475745898,22,VNC_IntTct_R,,i2,steering
720575941453030983,720575941463144336,11,VNC_WTct_R,,DLM1,power
720575941456897005,720575941580669817,11,VNC_HTct_R,,hg1,steering
720575941470254400,720575941507955269,17,VNC_WTct_L,,DLM1,power
720575941470254400,720575941542412805,34,VNC_WTct_L,,b3,steering
720575941471808375,720575941521196211,15,VNC_WTct_L,,b1,steering
720575941471808375,720575941549822781,14,VNC_IntTct_R,,b1,steering
720575941471808375,720575941549822781,44,VNC_WTct_R,,b1,steering
720575941471808375,720575941624155644,12,VNC_WTct_L,,b2,steering
720575941471808375,720575941655597785,30,VNC_IntTct_R,,b2,steering
720575941471808375,720575941655597785,16,VNC_WTct_R,,b2,steering
720575941471955264,720575941468288375,11,VNC_WTct_R,,hg3,steering
720575941471955264,720575941483845954,11,VNC_WTct_R,,hg3,steering
720575941471955264,720575941549822781,11,VNC_WTct_R,,b1,steering
720575941471955264,720575941580669817,16,VNC_WTct_R,,hg1,steering
720575941471955264,720575941624155644,11,VNC_WTct_L,,b2,steering
720575941471955264,720575941655597785,18,VNC_WTct_R,,b2,steering
720575941472044352,720575941479034563,11,VNC_WTct_L,,DLM1,power
720575941472044352,720575941732789547,10,VNC_HTct_L,,hg2,steering
720575941476378164,720575941513173763,18,VNC_NTct_R,,hg4,steering
720575941476477492,720575941456201887,10,VNC_IntTct_L,,hg1,steering
720575941477013825,720575941456201887,16,VNC_HTct_L,,hg1,steering
720575941477013825,720575941630940642,25,VNC_HTct_L,,hg4,steering
720575941478195265,720575941474574132,15,VNC_IntTct_R,,b3,steering
720575941478585450,720575941547315060,14,VNC_IntTct_L,,i1,steering
720575941480780451,720575941596050112,20,VNC_WTct_R,,DLM5,power
720575941481407427,720575941513173763,10,VNC_NTct_R,,hg4,steering
720575941486574598,720575941669019635,10,VNC_WTct_R,,unknown,unknown
720575941486700098,720575941468897856,27,VNC_HTct_R,,i1,steering
720575941486700098,720575941468897856,14,VNC_IntTct_R,,i1,steering
720575941486700098,720575941468897856,15,VNC_WTct_R,,i1,steering
720575941489083596,720575941555120612,10,VNC_WTct_R,,unknown,unknown
720575941489083596,720575941569529458,24,VNC_WTct_R,,unknown,unknown
720575941489083596,720575941643100754,11,VNC_WTct_R,,ps1,steering
720575941489083596,720575941645041313,13,VNC_WTct_R,,ps1,steering
720575941490416181,720575941569529458,13,VNC_unassigned_L,,unknown,unknown
720575941490416181,720575941645041313,10,VNC_NTct_L,,ps1,steering
720575941490416181,720575941645041313,15,VNC_unassigned_L,,ps1,steering
720575941492697264,720575941468897856,17,VNC_IntTct_R,,i1,steering
720575941494986951,720575941555120612,17,VNC_WTct_R,,unknown,unknown
720575941494986951,720575941569529458,14,VNC_WTct_R,,unknown,unknown
720575941494986951,720575941643100754,13,VNC_WTct_R,,ps1,steering
720575941494986951,720575941645041313,12,VNC_WTct_R,,ps1,steering
720575941496011719,720575941630940642,29,VNC_HTct_L,,hg4,steering
720575941496011719,720575941630940642,17,VNC_NTct_L,,hg4,steering
720575941496426695,720575941463144336,11,VNC_WTct_L,,DLM1,power
720575941496426695,720575941507955269,15,VNC_WTct_L,,DLM1,power
720575941496426695,720575941534583786,12,VNC_WTct_L,,DLM5,power
720575941496426695,720575941569529458,39,VNC_WTct_L,,unknown,unknown
720575941496426695,720575941643100754,16,VNC_WTct_L,,ps1,steering
720575941496919168,720575941479658831,18,VNC_IntTct_R,,hg2,steering
720575941503528171,720575941569529458,10,VNC_WTct_R,,unknown,unknown
720575941503528171,720575941643100754,19,VNC_WTct_R,,ps1,steering
720575941503528171,720575941645041313,15,VNC_WTct_R,,ps1,steering
720575941504328791,720575941479658831,10,VNC_IntTct_L,,hg2,steering
720575941504652482,720575941475745898,12,VNC_IntTct_R,,i2,steering
720575941504652482,720575941475745898,22,VNC_WTct_R,,i2,steering
720575941504652482,720575941547394081,16,VNC_IntTct_L,,i2,steering
720575941504652482,720575941547394081,15,VNC_WTct_L,,i2,steering
720575941505673566,720575941463144336,14,VNC_WTct_R,,DLM1,power
720575941505673566,720575941479034563,18,VNC_WTct_R,,DLM1,power
720575941505673566,720575941534583786,10,VNC_WTct_R,,DLM5,power
720575941505673566,720575941583644382,10,VNC_HTct_R,,DLM1,power
720575941505673566,720575941596050112,24,VNC_WTct_R,,DLM5,power
720575941505673566,720575941645403000,17,VNC_WTct_R,,DLM1,power
720575941507568709,720575941513173763,25,VNC_HTct_R,,hg4,steering
720575941507568709,720575941513173763,15,VNC_NTct_R,,hg4,steering
720575941509010305,720575941475745898,10,VNC_IntTct_R,,i2,steering
720575941509010305,720575941655597785,10,VNC_IntTct_R,,b2,steering
720575941510475536,720575941456201887,11,VNC_HTct_L,,hg1,steering
720575941510642192,720575941468897856,10,VNC_HTct_R,,i1,steering
720575941510642192,720575941475745898,11,VNC_HTct_R,,i2,steering
720575941510642192,720575941475745898,20,VNC_IntTct_R,,i2,steering
720575941510642192,720575941475745898,33,VNC_WTct_R,,i2,steering
720575941510642192,720575941542412805,11,VNC_HTct_L,,b3,steering
720575941510642192,720575941542412805,21,VNC_WTct_L,,b3,steering
720575941510642192,720575941547315060,10,VNC_IntTct_L,,i1,steering
720575941510642192,720575941547394081,25,VNC_HTct_L,,i2,steering
720575941510642192,720575941547394081,18,VNC_IntTct_L,,i2,steering
720575941510642192,720575941547394081,65,VNC_WTct_L,,i2,steering
720575941511336402,720575941513173763,19,VNC_HTct_R,,hg4,steering
720575941511336402,720575941580669817,24,VNC_HTct_R,,hg1,steering
720575941511336402,720575941580669817,26,VNC_WTct_R,,hg1,steering
720575941511473996,720575941624155644,12,VNC_IntTct_L,,b2,steering
720575941516764819,720575941476080948,11,VNC_HTct_L,,unknown,unknown
720575941523099127,720575941463144336,21,VNC_WTct_R,,DLM1,power
720575941523099127,720575941479034563,15,VNC_WTct_R,,DLM1,power
720575941523099127,720575941507955269,19,VNC_WTct_R,,DLM1,power
720575941523099127,720575941519783640,11,VNC_WTct_R,,DLM1,power
720575941523099127,720575941533190337,33,VNC_WTct_R,,DLM1,power
720575941523099127,720575941534583786,24,VNC_WTct_R,,DLM5,power
720575941523099127,720575941583644382,34,VNC_WTct_R,,DLM1,power
720575941523099127,720575941596050112,33,VNC_WTct_R,,DLM5,power
720575941523099127,720575941640465439,11,VNC_WTct_R,,DLM1,power
720575941526676045,720575941534583786,13,VNC_unassigned_L,,DLM5,power
720575941526954498,720575941596050112,10,VNC_WTct_R,,DLM5,power
720575941527162905,720575941624155644,21,VNC_IntTct_L,,b2,steering
720575941527162905,720575941624155644,13,VNC_WTct_L,,b2,steering
720575941528320952,720575941501027819,13,VNC_T2_MesoNm_L,,unknown,unknown
720575941528849848,720575941475745898,21,VNC_IntTct_R,,i2,steering
720575941532728195,720575941580669817,11,VNC_HTct_R,,hg1,steering
720575941532728195,720575941580669817,13,VNC_WTct_R,,hg1,steering
720575941532728195,720575941630940642,10,VNC_HTct_L,,hg4,steering
720575941532728195,720575941655597785,12,VNC_WTct_R,,b2,steering
720575941533704067,720575941463144336,24,VNC_WTct_R,,DLM1,power
720575941533704067,720575941472734048,19,VNC_WTct_R,,DVM1A,power
720575941533704067,720575941479034563,30,VNC_WTct_R,,DLM1,power
720575941533704067,720575941487139138,12,VNC_WTct_R,,DVM3A,power
720575941533704067,720575941507955269,18,VNC_WTct_L,,DLM1,power
720575941533704067,720575941507955269,17,VNC_WTct_R,,DLM1,power
720575941533704067,720575941519783640,14,VNC_WTct_L,,DLM1,power
720575941533704067,720575941530190027,10,VNC_WTct_R,,DVM2A,power
720575941533704067,720575941533190337,35,VNC_WTct_R,,DLM1,power
720575941533704067,720575941534583786,23,VNC_WTct_L,,DLM5,power
720575941533704067,720575941555120612,20,VNC_HTct_R,,unknown,unknown
720575941533704067,720575941555120612,11,VNC_WTct_R,,unknown,unknown
720575941533704067,720575941560383347,15,VNC_WTct_L,,DVM1A,power
720575941533704067,720575941569529458,16,VNC_HTct_L,,unknown,unknown
720575941533704067,720575941569529458,11,VNC_HTct_R,,unknown,unknown
720575941533704067,720575941569529458,14,VNC_WTct_L,,unknown,unknown
720575941533704067,720575941569529458,27,VNC_WTct_R,,unknown,unknown
720575941533704067,720575941583644382,42,VNC_WTct_R,,DLM1,power
720575941533704067,720575941596050112,24,VNC_WTct_R,,DLM5,power
720575941533704067,720575941597489344,17,VNC_WTct_R,,DVM1A,power
720575941533704067,720575941603635190,22,VNC_WTct_R,,DVM1A,power
720575941533704067,720575941640465439,13,VNC_WTct_L,,DLM1,power
720575941533704067,720575941640465439,10,VNC_WTct_R,,DLM1,power
720575941533704067,720575941643100754,22,VNC_HTct_L,,ps1,steering
720575941533704067,720575941643100754,30,VNC_HTct_R,,ps1,steering
720575941533704067,720575941643100754,34,VNC_WTct_R,,ps1,steering
720575941533704067,720575941645041313,13,VNC_HTct_L,,ps1,steering
720575941533704067,720575941645041313,19,VNC_HTct_R,,ps1,steering
720575941533704067,720575941645041313,28,VNC_WTct_L,,ps1,steering
720575941533704067,720575941645041313,12,VNC_WTct_R,,ps1,steering
720575941533704067,720575941645403000,31,VNC_WTct_L,,DLM1,power
720575941533704067,720575941645403000,21,VNC_WTct_R,,DLM1,power
720575941534435338,720575941542412805,13,VNC_HTct_L,,b3,steering
720575941537583336,720575941476080948,10,VNC_IntTct_L,,unknown,unknown
720575941537703144,720575941456201887,18,VNC_HTct_L,,hg1,steering
720575941537703144,720575941630940642,24,VNC_HTct_L,,hg4,steering
720575941537703144,720575941630940642,12,VNC_NTct_L,,hg4,steering
720575941539226866,720575941479658831,11,VNC_IntTct_R,,hg2,steering
720575941539226866,720575941479658831,10,VNC_unassigned_R,,hg2,steering
720575941539809997,720575941474574132,15,VNC_WTct_R,,b3,steering
720575941539809997,720575941569529458,18,VNC_HTct_R,,unknown,unknown
720575941539809997,720575941569529458,11,VNC_WTct_R,,unknown,unknown
720575941540246364,720575941521196211,17,VNC_WTct_L,,b1,steering
720575941540246364,720575941549822781,12,VNC_WTct_L,,b1,steering
720575941540246364,720575941549822781,36,VNC_WTct_R,,b1,steering
720575941540246364,720575941624155644,26,VNC_WTct_L,,b2,steering
720575941540246364,720575941655597785,14,VNC_WTct_R,,b2,steering
720575941542534236,720575941516770670,14,VNC_HTct_R,,iii4,steering
720575941543962629,720575941732789547,13,VNC_unassigned_R,,hg2,steering
720575941545312005,720575941474574132,13,VNC_HTct_R,,b3,steering
720575941546668988,720575941566847847,12,VNC_WTct_L,,DVM1A,power
720575941546668988,720575941597489344,12,VNC_WTct_R,,DVM1A,power
720575941547452084,720575941489673420,22,VNC_LTct_L,,iii1,steering
720575941547452084,720575941629172716,15,VNC_IntTct_R,,iii1,steering
720575941547452084,720575941629172716,29,VNC_LTct_R,,iii1,steering
720575941548169608,720575941474574132,20,VNC_IntTct_R,,b3,steering
720575941550165054,720575941630940642,10,VNC_NTct_L,,hg4,steering
720575941550196797,720575941516770670,20,VNC_IntTct_R,,iii4,steering
720575941551948543,720575941732789547,11,VNC_HTct_R,,hg2,steering
720575941552726407,720575941468897856,10,VNC_HTct_R,,i1,steering
720575941552726407,720575941468897856,12,VNC_IntTct_R,,i1,steering
720575941553985875,720575941643100754,14,VNC_WTct_L,,ps1,steering
720575941557413284,720575941583644382,10,VNC_WTct_R,,DLM1,power
720575941557413284,720575941645403000,13,VNC_WTct_L,,DLM1,power
720575941558607396,720575941463144336,10,VNC_WTct_L,,DLM1,power
720575941558607396,720575941479034563,11,VNC_WTct_L,,DLM1,power
720575941558607396,720575941534583786,11,VNC_WTct_L,,DLM5,power
720575941558607396,720575941542412805,12,VNC_WTct_L,,b3,steering
720575941558607396,720575941569529458,15,VNC_WTct_L,,unknown,unknown
720575941558607396,720575941645041313,10,VNC_HTct_L,,ps1,steering
720575941558607396,720575941645041313,10,VNC_WTct_L,,ps1,steering
720575941558607396,720575941645403000,20,VNC_WTct_L,,DLM1,power
720575941563183016,720575941519783640,10,VNC_WTct_L,,DLM1,power
720575941563183016,720575941569529458,26,VNC_WTct_L,,unknown,unknown
720575941563183016,720575941569529458,22,VNC_unassigned_L,,unknown,unknown
720575941563183016,720575941645041313,15,VNC_T2_MesoNm_L,,ps1,steering
720575941563183016,720575941645041313,25,VNC_WTct_L,,ps1,steering
720575941563183016,720575941645041313,45,VNC_unassigned_L,,ps1,steering
720575941563218944,720575941479658831,12,VNC_IntTct_R,,hg2,steering
720575941563218944,720575941732789547,12,VNC_NTct_R,,hg2,steering
720575941566309174,720575941468897856,11,VNC_IntTct_R,,i1,steering
720575941568870770,720575941468897856,11,VNC_WTct_R,,i1,steering
720575941568870770,720575941475745898,11,VNC_HTct_R,,i2,steering
720575941568870770,720575941475745898,17,VNC_IntTct_R,,i2,steering
720575941568870770,720575941475745898,10,VNC_WTct_L,,i2,steering
720575941568870770,720575941475745898,46,VNC_WTct_R,,i2,steering
720575941568870770,720575941542412805,18,VNC_WTct_L,,b3,steering
720575941568870770,720575941547394081,12,VNC_HTct_L,,i2,steering
720575941568870770,720575941547394081,14,VNC_IntTct_L,,i2,steering
720575941568870770,720575941547394081,33,VNC_WTct_L,,i2,steering
720575941568870770,720575941547394081,11,VNC_WTct_R,,i2,steering
720575941572471454,720575941533190337,10,VNC_unassigned_R,,DLM1,power
720575941572471454,720575941555120612,38,VNC_WTct_R,,unknown,unknown
720575941572471454,720575941555120612,13,VNC_unassigned_R,,unknown,unknown
720575941572471454,720575941643100754,15,VNC_T2_MesoNm_R,,ps1,steering
720575941572471454,720575941643100754,67,VNC_WTct_R,,ps1,steering
720575941572471454,720575941643100754,29,VNC_unassigned_R,,ps1,steering
720575941574230523,720575941569529458,11,VNC_WTct_L,,unknown,unknown
720575941574230523,720575941643100754,23,VNC_WTct_L,,ps1,steering
720575941574230523,720575941645041313,11,VNC_HTct_L,,ps1,steering
720575941574230523,720575941645041313,19,VNC_WTct_L,,ps1,steering
720575941574230523,720575941645403000,12,VNC_WTct_L,,DLM1,power
720575941574984201,720575941472734048,13,VNC_WTct_R,,DVM1A,power
720575941574984201,720575941499558369,21,VNC_WTct_R,,DVM3A,power
720575941574984201,720575941597489344,19,VNC_WTct_R,,DVM1A,power
720575941578692697,720575941597267356,26,VNC_WTct_R,,unknown,unknown
720575941591050494,720575941655597785,12,VNC_WTct_R,,b2,steering
720575941591448972,720575941479034563,10,VNC_WTct_R,,DLM1,power
720575941591448972,720575941507955269,17,VNC_WTct_R,,DLM1,power
720575941591448972,720575941533190337,17,VNC_WTct_R,,DLM1,power
720575941591448972,720575941583644382,17,VNC_WTct_R,,DLM1,power
720575941592893992,720575941489673420,20,VNC_IntTct_L,,iii1,steering
720575941592893992,720575941489673420,32,VNC_LTct_L,,iii1,steering
720575941592893992,720575941629172716,16,VNC_LTct_L,,iii1,steering
720575941592893992,720575941629172716,23,VNC_LTct_R,,iii1,steering
720575941594823537,720575941629172716,17,VNC_LTct_L,,iii1,steering
720575941595189029,720575941542412805,10,VNC_WTct_L,,b3,steering
720575941595189029,720575941624155644,11,VNC_WTct_L,,b2,steering
720575941598950556,720575941534583786,21,VNC_WTct_L,,DLM5,power
720575941598950556,720575941596050112,15,VNC_WTct_R,,DLM5,power
720575941600878377,720575941547315060,15,VNC_HTct_L,,i1,steering
720575941600878377,720575941547315060,22,VNC_WTct_L,,i1,steering
720575941602323897,720575941468897856,24,VNC_HTct_R,,i1,steering
720575941602323897,720575941468897856,11,VNC_WTct_R,,i1,steering
720575941602323897,720575941474574132,24,VNC_WTct_R,,b3,steering
720575941602323897,720575941580669817,66,VNC_HTct_R,,hg1,steering
720575941602323897,720575941580669817,13,VNC_IntTct_R,,hg1,steering
720575941602323897,720575941580669817,43,VNC_WTct_R,,hg1,steering
720575941611992493,720575941580669817,18,VNC_HTct_R,,hg1,steering
720575941612039142,720575941456201887,16,VNC_HTct_L,,hg1,steering
720575941612039142,720575941580669817,22,VNC_HTct_R,,hg1,steering
720575941612039142,720575941580669817,13,VNC_IntTct_R,,hg1,steering
720575941612044518,720575941456201887,54,VNC_HTct_L,,hg1,steering
720575941612044518,720575941456201887,12,VNC_IntTct_L,,hg1,steering
720575941612044518,720575941456201887,35,VNC_WTct_L,,hg1,steering
720575941612044518,720575941459347411,10,VNC_HTct_L,,iii4,steering
720575941612044518,720575941542412805,16,VNC_IntTct_L,,b3,steering
720575941612044518,720575941542412805,20,VNC_WTct_L,,b3,steering
720575941612044518,720575941547315060,15,VNC_HTct_L,,i1,steering
720575941612044518,720575941547315060,15,VNC_IntTct_L,,i1,steering
720575941612044518,720575941547315060,22,VNC_WTct_L,,i1,steering
720575941612044518,720575941630940642,14,VNC_HTct_L,,hg4,steering
720575941612195501,720575941624155644,42,VNC_WTct_L,,b2,steering
720575941612321382,720575941456201887,13,VNC_WTct_L,,hg1,steering
720575941618366079,720575941463144336,18,VNC_WTct_L,,DLM1,power
720575941618366079,720575941463144336,21,VNC_WTct_R,,DLM1,power
720575941618366079,720575941479034563,15,VNC_WTct_L,,DLM1,power
720575941618366079,720575941479034563,26,VNC_WTct_R,,DLM1,power
720575941618366079,720575941507955269,37,VNC_WTct_L,,DLM1,power
720575941618366079,720575941519783640,40,VNC_WTct_L,,DLM1,power
720575941618366079,720575941533190337,13,VNC_WTct_L,,DLM1,power
720575941618366079,720575941533190337,16,VNC_WTct_R,,DLM1,power
720575941618366079,720575941534583786,33,VNC_WTct_L,,DLM5,power
720575941618366079,720575941555120612,10,VNC_HTct_L,,unknown,unknown
720575941618366079,720575941555120612,15,VNC_HTct_R,,unknown,unknown
720575941618366079,720575941560383347,10,VNC_WTct_L,,DVM1A,power
720575941618366079,720575941565105206,10,VNC_WTct_L,,DVM1A,power
720575941618366079,720575941566847847,13,VNC_WTct_L,,DVM1A,power
720575941618366079,720575941569529458,17,VNC_HTct_L,,unknown,unknown
720575941618366079,720575941569529458,39,VNC_WTct_L,,unknown,unknown
720575941618366079,720575941569529458,21,VNC_WTct_R,,unknown,unknown
720575941618366079,720575941583644382,12,VNC_WTct_L,,DLM1,power
720575941618366079,720575941583644382,24,VNC_WTct_R,,DLM1,power
720575941618366079,720575941596050112,26,VNC_WTct_R,,DLM5,power
720575941618366079,720575941597489344,11,VNC_WTct_R,,DVM1A,power
720575941618366079,720575941603635190,14,VNC_WTct_R,,DVM1A,power
720575941618366079,720575941640465439,30,VNC_WTct_L,,DLM1,power
720575941618366079,720575941640465439,11,VNC_WTct_R,,DLM1,power
720575941618366079,720575941643100754,19,VNC_HTct_R,,ps1,steering
720575941618366079,720575941643100754,27,VNC_WTct_L,,ps1,steering
720575941618366079,720575941643100754,33,VNC_WTct_R,,ps1,steering
720575941618366079,720575941645041313,23,VNC_HTct_L,,ps1,steering
720575941618366079,720575941645041313,10,VNC_HTct_R,,ps1,steering
720575941618366079,720575941645041313,28,VNC_WTct_L,,ps1,steering
720575941618366079,720575941645041313,18,VNC_WTct_R,,ps1,steering
720575941618366079,720575941645403000,71,VNC_WTct_L,,DLM1,power
720575941618895231,720575941547315060,15,VNC_IntTct_L,,i1,steering
720575941618895231,720575941547315060,11,VNC_WTct_L,,i1,steering
720575941624831228,720575941655597785,58,VNC_WTct_R,,b2,steering
720575941625972123,720575941474574132,10,VNC_IntTct_R,,b3,steering
720575941626299530,720575941630940642,13,VNC_NTct_L,,hg4,steering
720575941628867042,720575941513173763,17,VNC_HTct_R,,hg4,steering
720575941628867042,720575941580669817,20,VNC_WTct_R,,hg1,steering
720575941629872422,720575941468897856,12,VNC_HTct_R,,i1,steering
720575941629872422,720575941468897856,16,VNC_IntTct_R,,i1,steering
720575941631642860,720575941547315060,17,VNC_HTct_L,,i1,steering
720575941631642860,720575941547315060,14,VNC_IntTct_L,,i1,steering
720575941631642860,720575941547315060,16,VNC_WTct_L,,i1,steering
720575941632594592,720575941580669817,22,VNC_WTct_R,,hg1,steering
720575941638407199,720575941456201887,15,VNC_HTct_L,,hg1,steering
720575941638407199,720575941456201887,11,VNC_IntTct_L,,hg1,steering
720575941638407199,720575941456201887,11,VNC_WTct_L,,hg1,steering
720575941638407199,720575941542412805,17,VNC_HTct_L,,b3,steering
720575941638407199,720575941542412805,17,VNC_IntTct_L,,b3,steering
720575941638407199,720575941542412805,20,VNC_WTct_L,,b3,steering
720575941638407199,720575941547315060,13,VNC_HTct_L,,i1,steering
720575941638407199,720575941547315060,10,VNC_IntTct_L,,i1,steering
720575941638407199,720575941547315060,12,VNC_WTct_L,,i1,steering
720575941639588127,720575941459347411,13,VNC_IntTct_L,,iii4,steering
720575941639588127,720575941459347411,19,VNC_WTct_L,,iii4,steering
720575941639588127,720575941547394081,19,VNC_IntTct_L,,i2,steering
720575941639588127,720575941547394081,12,VNC_WTct_L,,i2,steering
720575941642966629,720575941475745898,10,VNC_IntTct_R,,i2,steering
720575941645444808,720575941468897856,16,VNC_HTct_R,,i1,steering
720575941645444808,720575941468897856,16,VNC_IntTct_R,,i1,steering
720575941652278033,720575941513173763,10,VNC_NTct_R,,hg4,steering
720575941652614129,720575941542412805,11,VNC_HTct_L,,b3,steering
720575941652614129,720575941542412805,20,VNC_WTct_L,,b3,steering
720575941652633585,720575941474574132,13,VNC_HTct_R,,b3,steering
720575941652633585,720575941474574132,21,VNC_WTct_R,,b3,steering
720575941662506040,720575941534583786,12,VNC_WTct_L,,DLM5,power
720575941662506040,720575941583644382,10,VNC_WTct_R,,DLM1,power
720575941662506040,720575941596050112,13,VNC_WTct_R,,DLM5,power
720575941681032125,720575941555120612,16,VNC_WTct_R,,unknown,unknown
720575941681032125,720575941569529458,12,VNC_WTct_R,,unknown,unknown
720575941681032125,720575941583644382,12,VNC_WTct_R,,DLM1,power
720575941681032125,720575941643100754,27,VNC_WTct_R,,ps1,steering
720575941681032125,720575941645041313,13,VNC_WTct_R,,ps1,steering
720575941688517388,720575941555120612,17,VNC_WTct_R,,unknown,unknown
720575941688517388,720575941643100754,10,VNC_T2_MesoNm_R,,ps1,steering
720575941688517388,720575941643100754,40,VNC_WTct_R,,ps1,steering
720575941688517388,720575941643100754,20,VNC_unassigned_R,,ps1,steering
720575941700316378,720575941569529458,11,VNC_WTct_L,,unknown,unknown
720575941700316378,720575941643100754,10,VNC_WTct_L,,ps1,steering
720575941700316378,720575941645041313,10,VNC_WTct_L,,ps1,steering
720575941732586539,720575941483845954,11,VNC_HTct_L,,hg3,steering
720575941732586539,720575941507955269,11,VNC_WTct_L,,DLM1,power
720575941732586539,720575941519783640,10,VNC_WTct_L,,DLM1,power
