dn_group,DLM1,DLM5,DVM1A,DVM2A,DVM3A,b1,b2,b3,hg1,hg2,hg3,hg4,i1,i2,iii1,iii3,iii4,ps1
DNa02,0.0,0.0,0.0,0.0,0.0,0.0,0.0,0.0013464991023339318,0.007405745062836625,0.0,0.0,0.0029174147217235187,0.0011220825852782765,0.0,0.0,0.0,0.0020197486535008975,0.0
DNa03,0.0,0.0,0.0,0.0,0.0,0.0,0.0,0.0,0.0,0.0,0.0,0.0,0.010830324909747292,0.0,0.0,0.0,0.0,0.0
DNa04,0.0,0.0,0.0,0.0,0.0,0.0,0.0018214936247723133,0.027625986642380085,0.07073466909532483,0.0,0.0021250758955676987,0.015482695810564663,0.028840315725561626,0.0,0.0,0.0,0.007285974499089253,0.0
DNa05,0.0,0.0,0.0,0.0,0.0,0.0,0.0,0.009893992932862191,0.011307420494699646,0.0,0.0,0.0,0.0353356890459364,0.0,0.0,0.0,0.0,0.0
DNa07,0.0,0.0,0.0,0.0,0.0,0.0,0.06484641638225255,0.0,0.1945392491467577,0.034129692832764506,0.0,0.010238907849829351,0.030716723549488054,0.0,0.0,0.0,0.051194539249146756,0.0
DNa08,0.28360215053763443,0.04704301075268817,0.033602150537634407,0.033602150537634407,0.008064516129032258,0.0,0.0,0.06989247311827956,0.0,0.005376344086021506,0.01478494623655914,0.0,0.0,0.005376344086021506,0.0,0.0,0.0,0.0
DNa09,0.0,0.0,0.0,0.0,0.0,0.0,0.0,0.008321096426823299,0.0,0.0,0.0,0.0,0.003915810083210965,0.0,0.0,0.0,0.0,0.0
DNa10,0.0,0.0,0.0,0.0,0.0,0.0,0.0,0.02530044275774826,0.002530044275774826,0.0,0.0,0.0,0.01739405439595193,0.13314358001265023,0.002213788741302973,0.0,0.0,0.0
DNa12,0.0,0.0,0.0,0.0,0.0,0.0,0.0,0.0,0.0,0.0,0.0,0.0,0.0,0.0,0.0,0.0,0.004250797024442083,0.0
DNa15,0.0,0.0,0.0,0.0,0.0,0.0,0.0,0.02754399387911247,0.019127773527161437,0.0,0.0,0.0,0.018617699566437135,0.0,0.0,0.0,0.0,0.0
DNa16,0.0,0.0,0.0,0.0,0.0,0.0,0.0,0.0031902552204176333,0.0095707656612529,0.0,0.0,0.03248259860788863,0.0,0.0,0.0,0.0,0.005510440835266821,0.0
DNae002,0.0,0.0,0.0,0.0,0.0,0.0,0.0,0.03108003108003108,0.011655011655011656,0.0,0.0,0.001554001554001554,0.006216006216006216,0.0,0.0,0.0,0.0,0.0
DNae003,0.0,0.0,0.0,0.0,0.0,0.0,0.0,0.01678445229681979,0.0,0.0,0.0,0.0,0.002208480565371025,0.0,0.0,0.0,0.0,0.0
DNb01,0.0,0.0,0.0,0.0,0.0,0.0,0.0,0.005840071877807727,0.01302785265049416,0.016621743036837375,0.008535489667565139,0.0,0.02021563342318059,0.0,0.0,0.0,0.0,0.0
DNb02,0.0,0.0,0.0,0.0,0.0,0.0,0.0,0.0,0.0,0.0,0.0,0.0016835016835016834,0.0,0.0,0.0,0.0,0.0,0.0
DNb03,0.0,0.0,0.0,0.0,0.0,0.0,0.0,0.0028328611898017,0.0,0.0,0.0,0.0,0.0,0.0,0.0,0.0,0.0,0.0
DNb05,0.0,0.0,0.0,0.0,0.0,0.004349545274812179,0.012850929221035983,0.0,0.003361012257809411,0.001383946223803875,0.0,0.0,0.0,0.0,0.0,0.0,0.002372479240806643,0.0035587188612099642
DNb06,0.0,0.0,0.0,0.0,0.0,0.0,0.007349938750510413,0.0,0.002041649652919559,0.0016333197223356473,0.0,0.011433238056349531,0.0,0.0,0.0,0.0,0.0,0.0012249897917517355
DNb07,0.003934987168520102,0.0011976047904191617,0.0,0.0,0.0,0.0,0.0,0.0,0.0070145423438836615,0.015397775876817793,0.013686911890504704,0.0,0.0,0.0,0.0,0.0,0.0,0.0
DNbe005,0.0,0.0,0.0,0.0,0.0,0.0,0.0,0.0,0.07763975155279502,0.017598343685300208,0.013457556935817806,0.003105590062111801,0.0,0.0,0.0,0.0,0.0,0.0
DNbe007,0.0,0.0,0.0,0.0,0.0,0.0,0.0,0.0,0.0,0.008880994671403197,0.0,0.0,0.0,0.0,0.0,0.0,0.0,0.0
DNg01,0.007269789983844911,0.006462035541195477,0.0,0.0,0.0,0.0,0.0,0.0,0.0024232633279483036,0.012116316639741519,0.0,0.0,0.0,0.0,0.0,0.0,0.0,0.0
DNg02,0.055865921787709494,0.008464533604198408,0.019129845945488402,0.004740138818351109,0.006602336211274758,0.0,0.0,0.0,0.0,0.0,0.0006771626883358727,0.002200778737091586,0.0,0.0,0.0,0.0,0.0,0.14220416455053325
DNg03,0.0,0.0,0.0,0.0,0.0029013539651837525,0.0,0.0,0.0,0.0,0.0,0.0,0.0029013539651837525,0.0,0.0,0.0,0.0,0.0,0.004835589941972921
DNg04,0.0,0.0022675736961451248,0.0,0.0,0.0,0.0,0.015873015873015872,0.0,0.11564625850340136,0.0,0.0,0.1111111111111111,0.0,0.0,0.0,0.0,0.018140589569160998,0.0
DNg05,0.02385496183206107,0.0033396946564885495,0.0,0.0014312977099236641,0.0,0.0,0.0,0.0,0.015744274809160304,0.04389312977099236,0.053912213740458015,0.015267175572519083,0.0,0.0,0.0,0.0,0.0019083969465648854,0.0
DNg06,0.0,0.0,0.0,0.0,0.0,0.0,0.0,0.0,0.0,0.0,0.0,0.007211538461538462,0.0,0.0,0.0,0.0,0.0,0.014423076923076924
DNg07,0.0,0.0,0.0,0.0,0.0,0.0,0.0015463917525773195,0.0,0.0,0.0,0.0,0.004123711340206186,0.0,0.005154639175257732,0.0,0.0,0.0015463917525773195,0.0
DNg08,0.0,0.0,0.0,0.0,0.0,0.0,0.0029806259314456036,0.0,0.0,0.0,0.0,0.0,0.0,0.023099850968703428,0.0,0.0,0.0,0.0
DNg09,0.0,0.0,0.0,0.0,0.0,0.0,0.0,0.01927710843373494,0.0,0.0,0.0,0.0,0.0,0.0,0.0,0.0,0.0,0.0
DNg10,0.0,0.0,0.0,0.0,0.0,0.0,0.0,0.005604483586869495,0.0024019215372297837,0.0,0.0,0.042033626901521216,0.0,0.0,0.0,0.0,0.0,0.0
DNg100,0.0,0.0,0.00044879946144064627,0.0,0.0,0.0,0.0,0.0,0.0,0.0,0.0,0.0,0.0,0.0,0.0,0.0,0.0,0.0
DNg108,0.0007529175555276697,0.0,0.0,0.0,0.00025097251850922326,0.0,0.0,0.0,0.0,0.0,0.0,0.0,0.0,0.0,0.0007529175555276697,0.0,0.0,0.007089973647885556
DNg110,0.06918918918918919,0.006486486486486486,0.01945945945945946,0.0075675675675675675,0.010810810810810811,0.0,0.0,0.0,0.0,0.0,0.0,0.0,0.0,0.0,0.0,0.0,0.0,0.17189189189189188
DNg15,0.0,0.0,0.0,0.0,0.0,0.0,0.0,0.0,0.0,0.0,0.0,0.0,0.0,0.0017982017982017982,0.0,0.0,0.0,0.0
DNg17,0.010843941537010843,0.0033003300330033004,0.0014144271570014145,0.002828854314002829,0.0023573785950023575,0.0,0.05233380480905234,0.0,0.0,0.0,0.0,0.0,0.0,0.0,0.0,0.0,0.0,0.0
DNg26,0.0,0.0,0.0,0.0,0.0,0.0,0.0,0.0,0.0,0.0,0.0,0.0,0.0,0.0,0.0,0.0,0.0,0.324468085106383
DNg27,0.07076622742801367,0.05075646656905808,0.0014641288433382138,0.0,0.002440214738897023,0.0,0.0,0.0,0.0,0.0,0.0,0.0,0.0,0.0,0.0,0.0,0.0,0.0014641288433382138
DNg32,0.0,0.0,0.0,0.0,0.0,0.0,0.01309049516220831,0.0,0.0,0.0,0.0,0.0,0.0,0.0,0.0,0.001707455890722823,0.0,0.0
DNg35,0.0,0.0,0.0,0.0,0.0,0.0,0.0,0.0,0.0,0.0,0.0,0.0,0.0,0.0,0.0,0.0,0.0017241379310344827,0.0
DNg37,0.0,0.0,0.0,0.0,0.0,0.0,0.0,0.0,0.0,0.0,0.0,0.0017953321364452424,0.0,0.0,0.0,0.0,0.0,0.0010259040779687098
DNg41,0.0,0.0,0.0,0.0,0.0,0.0,0.0,0.0,0.003681885125184094,0.0,0.0,0.0022091310751104565,0.0,0.0,0.0,0.0,0.0,0.0
DNg42,0.0,0.0,0.0,0.0,0.0,0.0,0.0,0.018907563025210083,0.0,0.0,0.0,0.0,0.0,0.0,0.0,0.0,0.0,0.0
DNg50,0.05489260143198091,0.081145584725537,0.0,0.0,0.0,0.0,0.0,0.0,0.0,0.0,0.0,0.0,0.0,0.0,0.0,0.0,0.0,0.0
DNg51,0.0,0.0,0.0,0.0,0.0,0.0,0.0,0.021398002853067047,0.0,0.0,0.0,0.0,0.0,0.0,0.0,0.0,0.0,0.0
DNg71,0.0,0.0,0.0,0.0,0.0,0.0,0.0,0.0061162079510703364,0.0,0.0,0.0,0.0,0.004077471967380225,0.0,0.0,0.0,0.0,0.0
DNg74,0.00124001785625713,0.0,0.0001488021427508556,0.0,0.0004464064282525668,0.0,0.0,0.0,0.0,0.0,0.0,0.0,0.0,0.0,0.00019840285700114082,0.0,0.0,0.004414463568275383
DNg76,0.0,0.0,0.0,0.0,0.0,0.0,0.0,0.0,0.0,0.0,0.003416856492027335,0.02164009111617312,0.0,0.0,0.0,0.0,0.0,0.0
DNg79,0.0,0.0,0.0007460830639144492,0.0,0.0,0.0,0.0,0.0,0.002486943546381497,0.0,0.0,0.0,0.0,0.0,0.0,0.0,0.0007460830639144492,0.0
DNg81,0.0,0.0,0.0,0.0,0.0,0.0,0.0,0.0,0.0,0.0,0.0,0.006896551724137931,0.0,0.0,0.0,0.0,0.0,0.0
DNg82,0.1356717405691595,0.04500330906684315,0.001985440105890139,0.0,0.0,0.0,0.021178027796161483,0.0,0.018530774321641297,0.08471211118464593,0.0,0.0,0.011912640635340834,0.0026472534745201853,0.0,0.0,0.0,0.0
DNg91,0.0,0.0,0.0,0.0,0.0,0.0,0.0,0.0205620287868403,0.0,0.0,0.0,0.00205620287868403,0.004797806716929404,0.01782042494859493,0.0,0.0,0.00205620287868403,0.00822481151473612
DNg92,0.0,0.0,0.0,0.0,0.0,0.0,0.0,0.0,0.0,0.03968253968253968,0.006349206349206349,0.047619047619047616,0.0,0.0,0.0,0.0,0.0,0.0
DNg93,0.0015756302521008404,0.0,0.0006302521008403362,0.0,0.0009453781512605042,0.0,0.0,0.0003151260504201681,0.0,0.0,0.0,0.0,0.0,0.0,0.0,0.0,0.0,0.010924369747899159
DNg99,0.0,0.0,0.0,0.0,0.0,0.0,0.0,0.0011169024571854058,0.0,0.0,0.0,0.0,0.013030528667163067,0.009307520476545048,0.0,0.0,0.0,0.0
DNge001,0.0,0.0,0.0,0.0,0.0,0.0,0.0,0.0,0.0,0.0,0.0,0.012684989429175475,0.0,0.0,0.0,0.0,0.0,0.0
DNge014,0.02416918429003021,0.012084592145015106,0.0,0.0,0.0,0.0,0.0,0.0,0.0,0.0,0.0,0.0,0.0,0.0,0.0,0.0,0.0,0.0
DNge015,0.2222222222222222,0.037037037037037035,0.0,0.0,0.0,0.0,0.0,0.0,0.0,0.0,0.0,0.0,0.0,0.0,0.0,0.0,0.0,0.24691358024691357
DNge016,0.0074487895716946,0.0,0.0,0.0,0.0,0.0,0.01303538175046555,0.0,0.0,0.0,0.0,0.0,0.0,0.0,0.0,0.0,0.0,0.0
DNge032,0.0,0.0,0.0,0.0,0.0,0.0,0.005847953216374269,0.0,0.0,0.0,0.0,0.0,0.0,0.0,0.0,0.0,0.0,0.0
DNge038,0.04070796460176991,0.007079646017699115,0.019469026548672566,0.0,0.012389380530973451,0.0,0.0,0.0,0.0,0.0,0.0,0.0,0.0,0.0,0.0,0.0,0.0,0.0
DNge048,0.0,0.0,0.0,0.0,0.0,0.0,0.0018441678192715537,0.0,0.0,0.0,0.0,0.0,0.0,0.0,0.0036883356385431073,0.0,0.0,0.0013831258644536654
DNge049,0.0008512449457331347,0.0,0.0040434134922323894,0.000638433709299851,0.002766546073632688,0.0,0.0,0.0,0.0,0.0,0.0,0.0,0.0,0.0,0.0,0.0,0.0,0.0008512449457331347
DNge071,0.0,0.0,0.0,0.0,0.0,0.0,0.0,0.04105571847507331,0.011730205278592375,0.0,0.0,0.03812316715542522,0.0,0.0,0.0,0.0,0.0,0.0
DNge090,0.0,0.0,0.0,0.0,0.0,0.0,0.02610441767068273,0.0,0.0,0.0,0.0,0.0,0.0,0.014056224899598393,0.0,0.0,0.0,0.0
DNge092,0.0,0.0,0.0,0.0,0.0,0.0,0.0,0.0,0.0,0.0,0.0,0.06923076923076923,0.0,0.0,0.0,0.0,0.0,0.0
DNge095,0.0,0.0,0.0,0.0,0.0,0.0,0.0211864406779661,0.0,0.0,0.0,0.0,0.0,0.0,0.0,0.0,0.0,0.0,0.0
DNge109,0.0,0.0,0.0,0.0,0.0,0.0,0.006507592190889371,0.0,0.0,0.0,0.0,0.0,0.0,0.0,0.0,0.0,0.0,0.0
DNge110,0.0,0.0,0.0,0.0,0.0,0.0,0.0457516339869281,0.0,0.013071895424836602,0.0,0.0,0.0,0.0,0.029411764705882353,0.0,0.0,0.00980392156862745,0.0
DNge118,0.0,0.0,0.0,0.0,0.0,0.0,0.019464720194647202,0.0,0.0,0.0,0.0,0.0,0.0,0.0,0.0,0.0072992700729927005,0.0,0.0
DNge145,0.0,0.0,0.0,0.0,0.0,0.0,0.0,0.015625,0.0,0.0,0.0,0.0,0.0,0.0,0.0,0.0,0.0,0.0
DNge148,0.001749271137026239,0.0,0.05014577259475218,0.004664723032069971,0.0402332361516035,0.0,0.0,0.0,0.0,0.0,0.0,0.0,0.0,0.0,0.0,0.0,0.0,0.0
DNge150,0.0,0.0,0.0,0.0,0.0,0.0,0.0,0.0,0.0,0.0,0.0,0.0,0.0,0.0,0.0,0.0,0.0,0.04477611940298507
DNge154,0.0,0.0,0.0,0.0,0.0,0.0,0.05263157894736842,0.0,0.019736842105263157,0.0,0.0,0.0,0.0,0.03289473684210526,0.0,0.0,0.019736842105263157,0.0
DNge175,0.033797216699801194,0.011928429423459244,0.0,0.0,0.0,0.017892644135188866,0.02982107355864811,0.0,0.0,0.0,0.0,0.0,0.0,0.0,0.0,0.0,0.0,0.0
DNnt007,0.0,0.0,0.0,0.0,0.0,0.0,0.0,0.0,0.0,0.0,0.0,0.0,0.0,0.0,0.0,0.0,0.0,0.09195402298850575
DNnt012,0.0,0.0,0.0,0.0,0.0,0.0,0.0,0.011345218800648298,0.0,0.0,0.0,0.0,0.0,0.0,0.0,0.0,0.0,0.0
DNnt017,0.0,0.0,0.0,0.0,0.0,0.0,0.0,0.0,0.0,0.0,0.0,0.005427408412483039,0.0,0.0,0.0,0.0,0.0,0.0
DNp02,0.0,0.0,0.0,0.0,0.0,0.0,0.0,0.0,0.0,0.0,0.0,0.0,0.0037283621837549932,0.0,0.0,0.0,0.0,0.0
DNp03,0.10136765888978279,0.032180209171359615,0.012872083668543845,0.0,0.003218020917135961,0.0,0.0,0.03459372485921158,0.0056315366049879325,0.02011263073209976,0.0,0.0,0.019308125502815767,0.0,0.0,0.0,0.0,0.0418342719227675
DNp05,0.0,0.0,0.0,0.0,0.0,0.0,0.0,0.0,0.0,0.0,0.0,0.0,0.0,0.0,0.03279742765273312,0.0,0.0,0.0
DNp07,0.0,0.0,0.0,0.0,0.0,0.0,0.0,0.0,0.0,0.0,0.0,0.0,0.0,0.005910602142593277,0.0,0.0,0.0,0.0
DNp10,0.0,0.0,0.0,0.0,0.0,0.0,0.0,0.0,0.0,0.0,0.0,0.0,0.0010023387905111927,0.0,0.0,0.0,0.0,0.0
DNp11,0.0,0.0,0.0,0.0,0.0,0.0,0.0,0.0,0.0,0.0,0.0,0.0,0.0010551305724083356,0.0,0.0015826958586125032,0.0,0.0,0.0
DNp13,0.0,0.0,0.0,0.0,0.0,0.0,0.0,0.0,0.0007158196134574087,0.0,0.0,0.0,0.0,0.0,0.0,0.0,0.006680983058935815,0.0
DNp15,0.0,0.0,0.0,0.0,0.0,0.0,0.0,0.0,0.0016997167138810198,0.0016997167138810198,0.0016997167138810198,0.0,0.0,0.0,0.0,0.0,0.0,0.0
DNp16,0.0,0.0,0.0,0.0,0.0,0.0,0.0,0.012522361359570662,0.0,0.0,0.0,0.0,0.0,0.0,0.0,0.0,0.0,0.0
DNp18,0.0,0.0,0.0,0.0,0.0,0.0,0.005685856432125089,0.0028429282160625444,0.00550817341862118,0.0012437810945273632,0.0007107320540156361,0.0,0.0031982942430703624,0.0008884150675195451,0.0,0.0,0.0,0.0
DNp19,0.0,0.0,0.0,0.0,0.0,0.0,0.0,0.004408817635270541,0.0,0.0,0.0,0.0,0.006412825651302605,0.010821643286573146,0.0,0.0,0.0,0.0
DNp22,0.0,0.0,0.0,0.0,0.0,0.0,0.0,0.015817223198594025,0.0,0.0,0.0,0.0,0.015566156163695707,0.007280944012051218,0.0,0.0,0.0,0.0
DNp26,0.002937720329024677,0.0,0.0,0.0,0.0,0.0,0.0,0.005875440658049354,0.01645123384253819,0.027614571092831962,0.0,0.0,0.021151586368977675,0.0,0.0,0.0,0.0,0.0
DNp28,0.0,0.0,0.0,0.0,0.0,0.0,0.0,0.01740294511378849,0.0,0.0,0.0,0.0,0.02677376171352075,0.002008032128514056,0.0,0.0,0.0,0.0
DNp31,0.15407407407407409,0.03132275132275132,0.037248677248677246,0.014391534391534391,0.012698412698412698,0.0,0.004232804232804233,0.0,0.0,0.0,0.0014814814814814814,0.0038095238095238095,0.0,0.0,0.0,0.0,0.0035978835978835977,0.0764021164021164
DNp33,0.0013940520446096654,0.0,0.02137546468401487,0.0,0.0,0.0,0.0,0.0,0.022304832713754646,0.0,0.0013940520446096654,0.008364312267657992,0.012081784386617101,0.028345724907063198,0.0,0.0,0.024163568773234202,0.0
DNp48,0.0,0.0,0.006923409779316313,0.0,0.0,0.0,0.0,0.0,0.0,0.0,0.0,0.0,0.0,0.0,0.0,0.0,0.0,0.0
DNp49,0.0,0.0,0.0,0.0,0.0,0.0,0.0,0.0,0.0,0.0,0.0,0.0,0.0,0.0,0.05558468799160986,0.0,0.0,0.0
DNp51,0.0,0.004266211604095563,0.0,0.0,0.0,0.0,0.0,0.03498293515358362,0.017064846416382253,0.007679180887372013,0.0,0.0,0.002559726962457338,0.0,0.0,0.0,0.0,0.0
DNp57,0.0,0.0,0.0,0.0,0.0,0.0,0.0,0.0,0.0,0.03157063930544594,0.0,0.0,0.0055248618784530384,0.0,0.0,0.0,0.0,0.0
DNp60,0.0,0.0,0.0,0.0,0.0,0.0,0.0,0.0,0.0,0.0,0.03875968992248062,0.0,0.0,0.0,0.006201550387596899,0.0,0.0,0.0
DNp63,0.0,0.0,0.0,0.0,0.0,0.0,0.0,0.0,0.02910266774454325,0.12530315278900567,0.0032336297493936943,0.0,0.0,0.0,0.0,0.0,0.0,0.0
DNp72,0.0,0.0,0.0,0.0,0.0,0.0,0.0,0.008928571428571428,0.0,0.0,0.0,0.0,0.0,0.0,0.0,0.0,0.0,0.0
DNp73,0.0,0.0,0.0,0.0,0.0,0.0,0.0,0.0,0.0,0.0,0.0,0.0,0.007168458781362007,0.0047789725209080045,0.0,0.0,0.0,0.0
DNpe001,0.0,0.0,0.0,0.0,0.0,0.0,0.0,0.0,0.0,0.0037267080745341614,0.0,0.0,0.0,0.0,0.0,0.0,0.0,0.0
DNpe003,0.0,0.0,0.0,0.0,0.0,0.0,0.0,0.0,0.0,0.0,0.0,0.005045408678102927,0.0,0.0,0.0,0.0,0.0,0.0
DNpe005,0.0,0.0,0.0034647033347769596,0.00259852750108272,0.0,0.0,0.0,0.0,0.0030316154179298397,0.04374187960155912,0.00563014291901256,0.0,0.0,0.0,0.0,0.0,0.0,0.0
DNpe010,0.0,0.0,0.0,0.0,0.0,0.0,0.0,0.0,0.08333333333333333,0.0,0.18333333333333332,0.11666666666666667,0.0,0.0,0.0,0.0,0.0,0.0
DNpe013,0.0,0.0,0.0,0.0,0.0,0.0,0.0,0.0,0.0,0.0,0.0,0.006211180124223602,0.0,0.0,0.0,0.0,0.0,0.0
DNpe045,0.0,0.0,0.000977198697068404,0.0,0.000977198697068404,0.0,0.0,0.0,0.0,0.0,0.0,0.0,0.0,0.0,0.0,0.0,0.0,0.0
DNpe053,0.0,0.0,0.04613841524573721,0.006018054162487462,0.007021063189568706,0.0,0.0,0.0,0.0,0.0,0.0,0.0,0.0,0.0,0.0,0.0,0.0,0.0
DNpe055,0.012037833190025795,0.0,0.008598452278589854,0.0,0.0,0.0,0.0,0.0,0.0,0.0,0.0,0.0,0.0,0.0,0.0,0.0,0.0,0.0025795356835769563
DNut037,0.0,0.0,0.0,0.0,0.0,0.0,0.0,0.0,0.010416666666666666,0.0,0.0,0.0,0.0625,0.0,0.0,0.0,0.0,0.0
DNut040,0.02363693665300977,0.007248660573589662,0.0,0.0,0.0,0.011030570438071227,0.025843050740624016,0.0,0.02458241411913016,0.016073116924046643,0.03498266624645446,0.016388276079420106,0.0,0.0,0.0,0.0,0.0018909549322407816,0.001575795776867318
DNut047,0.0,0.0,0.0,0.0,0.0,0.0,0.0,0.02996845425867508,0.011041009463722398,0.0,0.0,0.0,0.0,0.0,0.0,0.0,0.0,0.0
DNut048,0.0,0.0,0.0,0.0,0.0,0.0,0.013452914798206279,0.0,0.0,0.0,0.0,0.0,0.0,0.0,0.0,0.0,0.0,0.0
DNut050,0.0,0.0,0.0,0.0,0.0,0.0,0.010554089709762533,0.0,0.0,0.0,0.0,0.0,0.0,0.0,0.0,0.0,0.0,0.0
DNut051,0.2042360060514372,0.05446293494704992,0.0,0.0,0.0,0.0,0.0,0.0,0.0,0.0,0.0,0.0,0.0,0.0,0.0,0.0,0.0,0.0
DNut053,0.17065217391304346,0.06630434782608696,0.0,0.0,0.0,0.0,0.0,0.0,0.0,0.017391304347826087,0.03804347826086957,0.0,0.0,0.0,0.0,0.0,0.0,0.0
DNut054,0.0,0.0,0.0,0.0,0.0,0.0,0.020531400966183576,0.0,0.0,0.0,0.0,0.0,0.0,0.006038647342995169,0.0,0.012077294685990338,0.0,0.0
DNut058,0.01729559748427673,0.0047169811320754715,0.0,0.0,0.0,0.0110062893081761,0.0,0.0,0.01729559748427673,0.0,0.0047169811320754715,0.009433962264150943,0.0,0.0,0.0,0.0,0.0,0.0
DNut062,0.0,0.0,0.0,0.0,0.0,0.0,0.0,0.0,0.0,0.0,0.0,0.0,0.0,0.0,0.0,0.012448132780082987,0.0,0.0
DNxl082,0.0,0.0,0.0,0.0,0.0,0.0,0.0,0.0,0.0,0.0,0.0,0.0,0.0,0.0,0.0,0.0,0.048625792811839326,0.0
DNxl119,0.0018270401948842874,0.0,0.0,0.0,0.0,0.0,0.00243605359317905,0.0,0.0,0.0,0.0,0.0,0.0,0.0,0.00243605359317905,0.0,0.0,0.0036540803897685747
DNxl130,0.002577319587628866,0.0,0.007731958762886598,0.0,0.003436426116838488,0.0,0.0,0.0,0.0,0.0,0.0,0.0,0.0,0.0,0.0,0.0,0.0,0.0
DNxn007,0.0,0.0,0.0,0.0,0.0,0.0,0.0,0.0,0.04499540863177227,0.02295684113865932,0.011019283746556474,0.0,0.0,0.0,0.0,0.0,0.0,0.0
DNxn102,0.022601279317697228,0.0,0.0029850746268656717,0.0,0.001279317697228145,0.0,0.0,0.0,0.0,0.0,0.0,0.0,0.0,0.0,0.0,0.0,0.0,0.0
DNxn109,0.0,0.0,0.0,0.0,0.0,0.0,0.0,0.0,0.0,0.0,0.0,0.03350083752093802,0.0,0.0,0.0,0.0,0.005025125628140704,0.0
DNxn113,0.0,0.0,0.012048192771084338,0.0,0.0321285140562249,0.0,0.0,0.0,0.0,0.0,0.0,0.0,0.0,0.0,0.0,0.0,0.0,0.0
DNxn114,0.0,0.0,0.0,0.0,0.0,0.0,0.0,0.0,0.0,0.0,0.0,0.0,0.006666666666666667,0.008888888888888889,0.0,0.0,0.0,0.0
DNxn117,0.0,0.0,0.0,0.0,0.0,0.0,0.0,0.0,0.0,0.0,0.0,0.0,0.005571030640668524,0.0,0.0,0.0,0.0,0.0
DNxn118,0.0,0.0,0.0,0.0,0.0,0.0,0.0,0.0,0.02383939774153074,0.010037641154328732,0.0,0.0,0.01756587202007528,0.0,0.0,0.0,0.0,0.0
DNxn122,0.0,0.0,0.0,0.0,0.0,0.0,0.0,0.0,0.018849685838569358,0.027549540840985983,0.0,0.0,0.0,0.0,0.0,0.0,0.0,0.0
DNxn124,0.0,0.0,0.0,0.0,0.0,0.0,0.0,0.0,0.0,0.0007114062129475931,0.0,0.0,0.0,0.04505572682001423,0.0,0.0,0.0,0.0
DNxn125,0.0009794319294809011,0.0,0.0,0.0,0.0,0.04831864185439112,0.043095004897159644,0.0,0.006203068886712374,0.013712047012732615,0.010120796604635978,0.0,0.0,0.0,0.0,0.0,0.001305909239307868,0.0
DNxn126,0.00825082508250825,0.0,0.0,0.0,0.0,0.0,0.0,0.0,0.0,0.0,0.0,0.0,0.0,0.0,0.0,0.0,0.0,0.006600660066006601
DNxn136,0.0,0.0,0.0,0.0,0.0,0.0,0.0,0.039603960396039604,0.009900990099009901,0.0,0.0,0.0,0.0,0.0,0.0,0.0,0.0,0.0
DNxn142,0.0,0.0,0.0,0.0,0.0,0.0009357454772301934,0.004990642545227698,0.0,0.004366812227074236,0.0012476606363069245,0.0,0.0,0.0028072364316905803,0.0015595757953836558,0.0,0.0,0.0,0.0
DNxn151,0.0,0.0,0.0,0.0,0.0,0.0,0.004133784291619692,0.0,0.0,0.0,0.0,0.0,0.0,0.006388575723412251,0.0,0.0,0.0,0.0
DNxn163,0.0,0.0,0.0,0.0,0.0,0.0,0.0,0.0,0.0,0.0,0.0,0.0,0.0,0.0,0.004661365505895256,0.0,0.0,0.0
DNxn168,0.0,0.0,0.0,0.0,0.0,0.0,0.0,0.0,0.0,0.0012239902080783353,0.0,0.0,0.0,0.0,0.0,0.0,0.0,0.0
DNxn176,0.0,0.0,0.0,0.0,0.0,0.0,0.0,0.0,0.0,0.0,0.0,0.0,0.002688172043010753,0.0,0.0,0.0,0.0,0.0
DNxn177,0.001985440105890139,0.0,0.013898080741230973,0.0,0.0,0.0,0.0,0.0,0.0,0.0,0.0,0.0,0.0,0.0,0.0,0.0,0.0,0.0
aSP22,0.0,0.0,0.0,0.0,0.0,0.0,0.0,0.0,0.0,0.0,0.0,0.0,0.006718924972004479,0.0,0.0,0.0,0.0,0.0
untyped_720575941434874912,0.07006369426751592,0.0,0.0,0.01910828025477707,0.0,0.0,0.0,0.0,0.0,0.0,0.0,0.0,0.0,0.0,0.0,0.0,0.0,0.1910828025477707
