dn_id,dn_name,primary_cluster,specialization,n_clusters_targeted,total_connectivity,n_in_targets,cluster_1,cluster_2,cluster_3,cluster_4,cluster_5
720575941638407199,DNa15,3,steering_control,5,1172,112,355.0,190.0,549.0,6.0,72.0
720575941504652482,DNxn124,5,steering_control,5,1138,206,43.0,277.0,331.0,145.0,342.0
720575941440280767,DNa15,3,steering_control,5,1134,119,342.0,293.0,417.0,18.0,64.0
720575941612044518,DNa04,3,steering_control,5,1044,131,290.0,227.0,314.0,20.0,193.0
720575941411441323,DNxn124,3,steering_control,5,1030,182,24.0,223.0,342.0,112.0,329.0
720575941496011719,DNa16,2,steering_control,5,971,66,89.0,391.0,76.0,61.0,354.0
720575941533704067,DNp31,4,power_control,5,946,138,89.0,212.0,222.0,227.0,196.0
720575941568870770,DNa10,3,steering_control,5,921,190,44.0,130.0,422.0,118.0,207.0
720575941552726407,DNg99,1,steering_control,5,878,86,354.0,171.0,247.0,3.0,103.0
720575941600878377,DNa05,3,steering_control,5,860,120,122.0,242.0,258.0,16.0,222.0
720575941602323897,DNa04,3,steering_control,5,822,112,188.0,201.0,279.0,19.0,135.0
720575941618366079,DNp31,2,steering_control,5,818,135,89.0,193.0,180.0,173.0,183.0
720575941486700098,DNa05,3,steering_control,5,816,124,76.0,263.0,297.0,10.0,170.0
720575941510642192,DNa10,3,steering_control,5,807,156,42.0,83.0,421.0,51.0,210.0
720575941471808375,DNxn125,3,steering_control,5,805,98,312.0,82.0,383.0,15.0,13.0
720575941592893992,DNp49,3,steering_control,5,800,112,72.0,153.0,311.0,42.0,222.0
720575941547452084,DNp49,3,steering_control,5,792,99,49.0,160.0,331.0,43.0,209.0
720575941733034283,DNp19,3,steering_control,5,789,109,292.0,144.0,329.0,21.0,3.0
720575941515972698,DNg99,1,steering_control,5,787,76,293.0,215.0,191.0,11.0,77.0
720575941450506830,DNp18,1,steering_control,5,755,83,356.0,107.0,144.0,30.0,118.0
720575941595189029,DNp18,1,steering_control,5,744,86,286.0,146.0,129.0,117.0,66.0
720575941478585450,DNp22,1,steering_control,5,736,77,297.0,250.0,172.0,5.0,12.0
720575941474063968,DNxn163,4,power_control,5,726,84,12.0,212.0,199.0,220.0,83.0
720575941579876085,DNg74,4,power_control,5,715,41,3.0,267.0,4.0,336.0,105.0
720575941507568709,DNa16,2,steering_control,5,710,48,102.0,295.0,25.0,38.0,250.0
720575941652614129,DNae002,3,steering_control,4,675,73,124.0,112.0,302.0,,137.0
720575941574675869,DNb07,2,steering_control,5,675,106,20.0,223.0,162.0,53.0,217.0
720575941639588127,DNp33,2,steering_control,5,673,92,77.0,315.0,117.0,34.0,130.0
720575941540246364,DNxn125,3,steering_control,3,661,84,231.0,82.0,348.0,,
720575941438410514,DNb07,5,steering_control,5,636,103,38.0,188.0,135.0,55.0,220.0
720575941451941498,DNp33,2,steering_control,5,633,89,89.0,302.0,125.0,15.0,102.0
720575941645444808,DNp22,1,steering_control,5,621,66,259.0,177.0,166.0,8.0,11.0
720575941447863316,DNb05,4,power_control,5,616,81,26.0,178.0,93.0,179.0,140.0
720575941535140362,DNg15,5,steering_control,5,616,62,57.0,132.0,52.0,18.0,357.0
720575941414262161,DNxn163,3,steering_control,5,610,77,7.0,177.0,198.0,156.0,72.0
720575941535245034,DNb07,3,steering_control,5,596,64,177.0,146.0,230.0,30.0,13.0
720575941472160011,DNp73,1,steering_control,5,587,56,244.0,160.0,137.0,40.0,6.0
720575941471955264,DNut040,1,steering_control,5,586,97,203.0,121.0,153.0,47.0,62.0
720575941438773548,DNae003,3,steering_control,4,585,77,186.0,157.0,207.0,,35.0
720575941532728195,DNut040,1,steering_control,5,580,98,195.0,128.0,168.0,31.0,58.0
720575941652633585,DNae002,3,steering_control,4,572,63,159.0,43.0,234.0,,136.0
720575941552603966,DNp19,1,steering_control,5,569,75,253.0,97.0,203.0,11.0,5.0
720575941701235930,DNxn142,1,steering_control,5,566,62,261.0,123.0,107.0,52.0,23.0
720575941543045149,DNa09,2,steering_control,5,559,91,164.0,192.0,147.0,17.0,39.0
720575941442418639,DNxn142,1,steering_control,5,557,56,268.0,109.0,84.0,40.0,56.0
720575941560503155,DNp73,2,steering_control,4,556,55,204.0,243.0,102.0,,7.0
720575941453030983,DNb07,1,steering_control,5,551,76,178.0,140.0,174.0,44.0,15.0
720575941640505375,DNge035,4,power_control,4,545,27,4.0,235.0,,274.0,32.0
720575941540466381,DNp08,2,steering_control,5,536,65,56.0,239.0,3.0,12.0,226.0
720575941408508078,DNp08,2,steering_control,5,536,73,79.0,205.0,19.0,39.0,194.0
720575941598950556,DNg27,4,power_control,5,533,99,17.0,25.0,74.0,396.0,21.0
720575941527162905,DNb05,4,power_control,5,532,67,16.0,100.0,85.0,206.0,125.0
720575941392812548,DNp26,1,steering_control,5,506,53,205.0,51.0,130.0,58.0,62.0
720575941662506040,DNg27,4,power_control,5,491,95,37.0,22.0,70.0,337.0,25.0
720575941476477492,DNxn122,3,steering_control,5,485,50,146.0,104.0,215.0,4.0,16.0
720575941509010305,DNxn151,2,steering_control,5,482,60,25.0,226.0,60.0,35.0,136.0
720575941625972123,DNae003,1,steering_control,5,481,66,190.0,112.0,154.0,8.0,17.0
720575941504328791,DNpe005,2,steering_control,5,480,82,31.0,181.0,42.0,167.0,59.0
720575941503549931,DNg71,2,steering_control,4,477,50,118.0,179.0,166.0,,14.0
720575941445707284,DNp28,3,steering_control,5,477,59,112.0,125.0,220.0,16.0,4.0
720575941573616891,DNp59,3,steering_control,4,467,45,,88.0,186.0,99.0,94.0
720575941508492417,DNg71,3,steering_control,4,464,49,64.0,181.0,210.0,,9.0
720575941449983581,DNg15,5,steering_control,5,456,68,78.0,137.0,39.0,43.0,159.0
720575941519463278,DNg108,2,steering_control,5,454,36,3.0,245.0,5.0,118.0,83.0
720575941572671995,DNp59,3,steering_control,5,449,48,15.0,101.0,157.0,105.0,71.0
720575941651815445,DNge084,2,steering_control,5,448,45,63.0,321.0,43.0,3.0,18.0
720575941652728049,DNg74,2,steering_control,3,447,24,,239.0,,91.0,117.0
720575941441633883,DNge049,4,power_control,5,434,47,33.0,79.0,64.0,188.0,70.0
720575941490717390,DNa09,1,steering_control,5,434,72,155.0,132.0,100.0,28.0,19.0
720575941508375390,DNpe005,2,steering_control,5,429,72,25.0,186.0,33.0,130.0,55.0
720575941563218944,DNxn122,3,steering_control,5,429,48,154.0,77.0,160.0,17.0,21.0
720575941631013090,DNxl134,5,steering_control,4,429,16,5.0,91.0,,95.0,238.0
720575941430250377,DNg91,3,steering_control,4,428,80,134.0,125.0,166.0,,3.0
720575941566309174,DNp26,1,steering_control,5,421,47,171.0,31.0,110.0,54.0,55.0
720575941491972327,DNge084,2,steering_control,5,419,36,33.0,332.0,40.0,11.0,3.0
720575941565245794,DNxn151,2,steering_control,5,413,56,113.0,155.0,28.0,19.0,98.0
720575941658941264,DNxl080,4,power_control,5,410,29,3.0,72.0,20.0,287.0,28.0
720575941618895231,DNb01,1,steering_control,5,402,51,168.0,77.0,113.0,17.0,27.0
720575941492697264,DNp28,2,steering_control,4,393,57,117.0,134.0,131.0,11.0,
720575941491761895,DNp10,2,steering_control,5,386,53,139.0,148.0,82.0,10.0,7.0
720575941542534236,DNp13,2,steering_control,5,366,56,73.0,174.0,10.0,19.0,90.0
720575941611992493,DNxn007,3,steering_control,5,362,75,79.0,104.0,131.0,31.0,17.0
720575941491992807,DNg100,4,power_control,4,357,12,,36.0,81.0,230.0,10.0
720575941534435338,DNp22,3,steering_control,5,354,48,72.0,118.0,145.0,10.0,9.0
720575941631642860,DNut037,1,steering_control,4,354,56,168.0,31.0,139.0,,16.0
720575941441226943,DNp53,2,steering_control,5,344,50,81.0,174.0,48.0,27.0,14.0
720575941507073303,DNp02,5,steering_control,5,343,34,11.0,68.0,75.0,48.0,141.0
720575941471238263,DNxn102,3,steering_control,5,339,45,34.0,92.0,107.0,100.0,6.0
720575941629872422,DNut037,1,steering_control,5,338,55,158.0,44.0,111.0,22.0,3.0
720575941563183016,DNg74,2,steering_control,5,333,50,114.0,126.0,21.0,38.0,34.0
720575941657879576,DNp06,2,steering_control,5,332,40,33.0,98.0,61.0,62.0,78.0
720575941506310821,DNge016,1,steering_control,5,328,48,208.0,30.0,58.0,20.0,12.0
720575941470003677,DNa12,4,power_control,5,326,30,3.0,42.0,31.0,228.0,22.0
720575941595955569,DNp13,2,steering_control,4,325,51,71.0,134.0,,42.0,78.0
720575941629726246,DNp07,4,power_control,4,323,58,,59.0,66.0,141.0,57.0
720575941564432786,DNxl080,5,steering_control,5,322,22,13.0,62.0,4.0,68.0,175.0
720575941510475536,DNa02,2,steering_control,5,308,19,5.0,161.0,10.0,59.0,73.0
720575941668513011,DNp11,2,steering_control,5,306,40,15.0,128.0,25.0,116.0,22.0
720575941612039142,DNbe005,2,steering_control,5,304,67,41.0,106.0,88.0,24.0,45.0
720575941515619427,DNpe055,4,power_control,5,303,46,13.0,94.0,82.0,97.0,17.0
720575941407841071,DNp07,4,power_control,4,295,51,,37.0,64.0,160.0,34.0
720575941514461772,DNp11,4,power_control,5,294,40,19.0,105.0,36.0,126.0,8.0
720575941431097737,DNxl130,4,power_control,5,288,41,26.0,15.0,42.0,134.0,71.0
720575941550687805,DNge050,4,power_control,5,287,21,5.0,55.0,33.0,169.0,25.0
720575941471127104,DNp53,2,steering_control,5,286,30,82.0,103.0,73.0,24.0,4.0
720575941535258802,DNxn155,5,steering_control,4,283,31,,69.0,50.0,25.0,139.0
720575941456897005,DNa02,2,steering_control,5,282,28,20.0,164.0,21.0,10.0,67.0
720575941411212715,DNg32,2,steering_control,5,281,42,29.0,135.0,85.0,18.0,14.0
720575941688189935,DNb01,1,steering_control,5,277,42,107.0,67.0,54.0,29.0,20.0
720575941435430542,DNg42,3,steering_control,3,274,39,115.0,35.0,124.0,,
720575941595542823,DNp05,4,power_control,4,274,24,,50.0,19.0,155.0,50.0
720575941463843597,DNp45,5,steering_control,4,271,33,30.0,29.0,63.0,,149.0
720575941591050494,DNg32,3,steering_control,5,271,43,74.0,61.0,79.0,21.0,36.0
720575941626500746,DNg100,4,power_control,4,270,13,,47.0,26.0,148.0,49.0
720575941546446697,DNg91,1,steering_control,4,270,48,108.0,78.0,68.0,,16.0
720575941470584695,DNp53,2,steering_control,5,268,39,72.0,146.0,31.0,15.0,4.0
720575941545312005,DNp22,3,steering_control,4,268,49,86.0,62.0,108.0,,12.0
720575941414341521,DNxn102,3,steering_control,5,267,37,14.0,86.0,90.0,68.0,9.0
720575941408661934,DNxn155,5,steering_control,4,267,32,,95.0,22.0,21.0,129.0
720575941611791590,DNp06,2,steering_control,5,264,38,7.0,96.0,41.0,42.0,78.0
720575941594823537,DNp05,4,power_control,5,262,33,4.0,87.0,27.0,122.0,22.0
720575941572669342,DNb06,1,steering_control,5,261,35,77.0,58.0,69.0,26.0,31.0
720575941558607396,DNp03,1,steering_control,5,258,47,92.0,37.0,36.0,47.0,46.0
720575941612195501,DNg17,3,steering_control,5,258,33,60.0,15.0,103.0,63.0,17.0
720575941478195265,DNg42,3,steering_control,3,250,31,108.0,32.0,110.0,,
720575941553786503,aSP22,4,power_control,4,249,22,,45.0,30.0,152.0,22.0
720575941504526386,DNg55,2,steering_control,2,249,13,,246.0,,,3.0
720575941658936144,DNp69,2,steering_control,4,246,38,,82.0,79.0,38.0,47.0
720575941542664284,DNxn176,1,steering_control,5,246,41,95.0,88.0,38.0,12.0,13.0
720575941481985475,DNp69,5,steering_control,5,241,44,4.0,81.0,50.0,23.0,83.0
720575941733143339,DNg94,3,steering_control,4,238,22,48.0,49.0,104.0,,37.0
720575941633206944,DNp103,3,steering_control,5,237,35,9.0,34.0,138.0,9.0,47.0
720575941433654048,DNge175,1,steering_control,5,237,41,123.0,27.0,72.0,7.0,8.0
720575941477419828,DNxn152,3,steering_control,4,235,24,6.0,50.0,118.0,,61.0
720575941572471454,DNg108,1,steering_control,5,235,35,102.0,21.0,6.0,24.0,82.0
720575941552907838,DNp45,5,steering_control,5,233,29,3.0,26.0,67.0,11.0,126.0
720575941438690834,DNp51,3,steering_control,4,229,35,77.0,47.0,93.0,,12.0
720575941486437954,DNg108,5,steering_control,3,229,21,,79.0,,23.0,127.0
720575941539809997,DNp03,1,steering_control,5,226,45,82.0,19.0,75.0,18.0,32.0
720575941461674436,DNb06,2,steering_control,5,226,28,44.0,103.0,55.0,20.0,4.0
720575941559176942,DNb04,5,steering_control,4,225,31,,22.0,48.0,27.0,128.0
720575941548169608,DNp51,3,steering_control,5,224,41,72.0,52.0,75.0,11.0,14.0
720575941521340087,DNp51,3,steering_control,4,223,32,80.0,32.0,90.0,,21.0
720575941624831228,DNg17,1,steering_control,5,221,33,89.0,32.0,28.0,44.0,28.0
720575941480799395,DNg105,5,steering_control,5,217,16,8.0,39.0,14.0,35.0,121.0
720575941555674340,DNg41,2,steering_control,5,216,24,15.0,111.0,12.0,20.0,58.0
720575941593683051,DNp10,4,power_control,4,216,33,,67.0,4.0,109.0,36.0
720575941535975873,DNg105,4,power_control,5,216,16,5.0,19.0,17.0,165.0,10.0
720575941503507435,DNp02,3,steering_control,4,215,21,,61.0,65.0,32.0,57.0
720575941504921906,DNp47,5,steering_control,5,214,42,9.0,12.0,29.0,56.0,108.0
720575941483554189,DNut050,1,steering_control,5,214,32,149.0,24.0,13.0,16.0,12.0
720575941632059372,DNge006,4,power_control,5,213,19,20.0,61.0,16.0,92.0,24.0
720575941513768780,DNge037,5,steering_control,4,212,9,,54.0,16.0,9.0,133.0
720575941459103391,DNg79,4,power_control,5,211,39,4.0,66.0,10.0,100.0,31.0
720575941394119830,DNp42,5,steering_control,5,207,30,22.0,37.0,12.0,8.0,128.0
720575941414424977,DNp57,1,steering_control,4,204,22,105.0,41.0,45.0,,13.0
720575941504810290,DNg90,2,steering_control,4,204,13,5.0,179.0,3.0,,17.0
720575941539226866,DNp63,5,steering_control,5,203,42,6.0,55.0,34.0,23.0,85.0
720575941450378333,DNp103,3,steering_control,5,202,31,13.0,33.0,133.0,3.0,20.0
720575941546602345,DNpe031,2,steering_control,5,201,34,4.0,99.0,14.0,43.0,41.0
720575941510621968,DNxl127,4,power_control,5,200,17,39.0,60.0,10.0,79.0,12.0
720575941531996645,DNpe042,3,steering_control,4,196,21,,77.0,96.0,19.0,4.0
720575941496919168,DNp57,1,steering_control,5,193,21,101.0,35.0,40.0,10.0,7.0
720575941467350237,DNg79,4,power_control,5,191,38,7.0,51.0,20.0,83.0,30.0
720575941523099127,DNut053,4,power_control,5,191,35,23.0,57.0,39.0,60.0,12.0
720575941441623899,DNg75,4,power_control,3,190,11,,53.0,50.0,87.0,
720575941596431749,DNut042,2,steering_control,4,190,35,34.0,87.0,59.0,,10.0
720575941496676295,DNa06,2,steering_control,4,189,23,6.0,140.0,17.0,,26.0
720575941481103523,DNxn136,3,steering_control,5,189,27,68.0,34.0,75.0,6.0,6.0
720575941551948543,DNp63,5,steering_control,5,189,36,6.0,41.0,37.0,4.0,101.0
720575941609235302,DNge090,1,steering_control,3,188,27,94.0,57.0,37.0,,
720575941401814307,DNxl049,4,power_control,4,186,19,,46.0,9.0,89.0,42.0
720575941480554370,DNg79,4,power_control,4,186,35,,28.0,8.0,100.0,50.0
720575941543684357,DNg94,2,steering_control,4,185,18,38.0,70.0,61.0,,16.0
720575941732586539,DNg05,3,steering_control,5,185,35,36.0,33.0,61.0,24.0,31.0
720575941515922778,DNxn183,2,steering_control,5,185,31,33.0,77.0,13.0,49.0,13.0
720575941536778389,DNg01,1,steering_control,4,184,22,125.0,25.0,22.0,,12.0
720575941562059176,DNg82,1,steering_control,5,184,26,125.0,32.0,13.0,10.0,4.0
720575941430069641,DNp17,2,steering_control,4,183,19,77.0,92.0,11.0,3.0,
720575941681678525,DNge093,1,steering_control,4,183,21,113.0,30.0,37.0,3.0,
720575941596602048,DNxn118,1,steering_control,5,182,17,119.0,12.0,31.0,5.0,15.0
720575941558381860,DNxn183,2,steering_control,5,181,29,27.0,69.0,25.0,48.0,12.0
720575941554952858,DNge053,5,steering_control,5,181,32,5.0,25.0,49.0,15.0,87.0
720575941497322880,DNp10,4,power_control,4,179,31,,45.0,12.0,88.0,34.0
720575941633911227,DNpe004,2,steering_control,5,177,30,32.0,90.0,46.0,5.0,4.0
720575941478705770,DNxn168,2,steering_control,4,177,26,14.0,145.0,,11.0,7.0
720575941562404008,DNge088,2,steering_control,5,175,24,73.0,75.0,12.0,12.0,3.0
720575941563391383,DNg82,1,steering_control,5,174,24,114.0,12.0,38.0,3.0,7.0
720575941562981522,DNxn114,2,steering_control,4,171,30,4.0,98.0,22.0,,47.0
720575941536301288,DNb02,2,steering_control,5,169,24,25.0,96.0,6.0,13.0,29.0
720575941505673566,DNg82,1,steering_control,5,168,23,106.0,20.0,7.0,8.0,27.0
720575941487149378,DNp42,5,steering_control,5,166,32,17.0,26.0,31.0,26.0,66.0
720575941455714541,DNb02,2,steering_control,5,166,19,19.0,109.0,10.0,13.0,15.0
720575941569801586,DNpe042,2,steering_control,2,165,21,,86.0,79.0,,
720575941495998843,DNg41,2,steering_control,5,165,29,15.0,66.0,22.0,30.0,32.0
720575941513772179,DNxn117,3,steering_control,3,165,21,42.0,43.0,80.0,,
720575941439143954,DNg08,1,steering_control,3,165,26,83.0,44.0,38.0,,
720575941519453550,DNxn168,2,steering_control,4,164,18,23.0,88.0,,38.0,15.0
720575941558704164,DNp12,2,steering_control,4,161,29,11.0,93.0,47.0,,10.0
720575941536972018,DNg32,2,steering_control,4,160,24,54.0,62.0,37.0,,7.0
720575941477013825,DNg04,5,steering_control,5,159,22,18.0,48.0,21.0,13.0,59.0
720575941541726493,DNge091,1,steering_control,3,157,24,60.0,48.0,49.0,,
720575941593505387,DNnt017,2,steering_control,1,155,9,,155.0,,,
720575941628867042,DNg04,5,steering_control,5,155,22,11.0,54.0,21.0,6.0,63.0
720575941626967865,DNge091,2,steering_control,3,154,20,31.0,76.0,47.0,,
720575941494960254,DNg79,4,power_control,5,151,26,3.0,46.0,13.0,68.0,21.0
720575941652815857,DNb03,2,steering_control,4,151,13,,95.0,4.0,17.0,35.0
720575941436259602,DNut047,1,steering_control,5,149,32,51.0,13.0,46.0,16.0,23.0
720575941562192429,DNge090,2,steering_control,4,149,20,37.0,78.0,15.0,19.0,
720575941534222770,DNp15,2,steering_control,5,149,14,36.0,69.0,15.0,7.0,22.0
720575941414947220,DNxn187,2,steering_control,5,149,28,10.0,49.0,14.0,28.0,48.0
720575941631028962,DNge063,4,power_control,5,148,13,5.0,43.0,6.0,66.0,28.0
720575941526955266,DNge006,1,steering_control,4,148,18,52.0,41.0,,10.0,45.0
720575941552142727,DNa03,3,steering_control,3,147,18,22.0,20.0,105.0,,
720575941438465298,DNb04,5,steering_control,4,146,30,,45.0,25.0,9.0,67.0
720575941599049152,DNut042,2,steering_control,5,145,26,45.0,47.0,44.0,4.0,5.0
720575941472044352,DNg82,1,steering_control,5,145,21,96.0,23.0,9.0,3.0,14.0
720575941487659984,DNut058,1,steering_control,5,144,34,74.0,34.0,29.0,3.0,4.0
720575941537710824,DNg98,2,steering_control,5,142,22,3.0,58.0,8.0,17.0,56.0
720575941511336402,DNg04,5,steering_control,5,141,27,18.0,36.0,24.0,13.0,50.0
720575941557473572,DNde006,5,steering_control,3,141,6,,,63.0,3.0,75.0
720575941480954019,DNxn187,2,steering_control,4,141,27,,72.0,17.0,16.0,36.0
720575941562215469,DNg98,5,steering_control,5,141,25,8.0,52.0,3.0,21.0,57.0
720575941656710736,DNge091,1,steering_control,4,140,19,90.0,36.0,7.0,,7.0
720575941609747430,DNge014,1,steering_control,3,140,22,91.0,23.0,26.0,,
720575941476250164,DNut062,2,steering_control,4,140,20,34.0,76.0,27.0,,3.0
720575941551414170,DNg07,3,steering_control,3,139,21,28.0,31.0,80.0,,
720575941612286428,DNut048,1,steering_control,4,138,20,72.0,29.0,33.0,4.0,
720575941447973140,DNb02,2,steering_control,5,138,25,16.0,49.0,4.0,23.0,46.0
720575941570128498,DNa01,2,steering_control,4,137,12,10.0,102.0,10.0,15.0,
720575941557413284,DNut051,3,steering_control,4,136,17,,51.0,74.0,8.0,3.0
720575941511473996,DNut054,2,steering_control,3,135,18,22.0,63.0,50.0,,
720575941528320952,DNg88,4,power_control,3,134,10,,45.0,,78.0,11.0
720575941477443358,DNp47,4,power_control,5,133,26,3.0,3.0,22.0,63.0,42.0
720575941476214833,DNge140,5,steering_control,5,133,23,6.0,24.0,28.0,17.0,58.0
720575941561743872,DNg37,5,steering_control,3,133,17,,46.0,,31.0,56.0
720575941514358675,DNg51,1,steering_control,3,133,25,112.0,13.0,8.0,,
720575941438646290,DNg38,5,steering_control,3,133,12,,37.0,,15.0,81.0
720575941515630947,DNp12,2,steering_control,4,132,20,15.0,61.0,39.0,,17.0
720575941470254400,DNa08,4,power_control,4,132,33,,12.0,10.0,92.0,18.0
720575941514949881,DNnt017,2,steering_control,2,131,8,,122.0,9.0,,
720575941624816124,DNg08,2,steering_control,4,131,23,15.0,56.0,22.0,,38.0
720575941480784258,DNp43,5,steering_control,4,130,17,42.0,23.0,7.0,,58.0
720575941401786403,DNut042,2,steering_control,3,129,27,34.0,51.0,44.0,,
720575941560434035,DNxn152,3,steering_control,4,129,18,7.0,27.0,69.0,,26.0
720575941532746981,DNp43,5,steering_control,3,127,16,52.0,,14.0,,61.0
720575941639763999,DNg51,1,steering_control,3,127,20,117.0,3.0,7.0,,
720575941436052768,DNut043,1,steering_control,5,125,24,56.0,6.0,39.0,12.0,12.0
720575941564410112,DNg05,1,steering_control,5,125,23,66.0,10.0,29.0,12.0,8.0
720575941606629485,720575941606629485,1,steering_control,4,125,19,75.0,34.0,12.0,4.0,
720575941701672666,DNp72,1,steering_control,4,124,19,74.0,36.0,6.0,8.0,
720575941558189171,DNg07,1,steering_control,3,124,18,61.0,21.0,42.0,,
720575941626175643,DNg16,2,steering_control,4,123,9,,93.0,4.0,10.0,16.0
720575941535862506,DNa01,2,steering_control,5,123,15,5.0,61.0,31.0,16.0,10.0
720575941572620446,DNb03,2,steering_control,5,122,17,6.0,80.0,8.0,19.0,9.0
720575941537583336,DNp54,3,steering_control,4,122,22,,11.0,75.0,30.0,6.0
720575941607693421,DNg111,2,steering_control,4,121,18,,80.0,7.0,4.0,30.0
720575941610917037,DNxl113,5,steering_control,3,121,10,5.0,37.0,,,79.0
720575941562036743,DNut042,2,steering_control,4,121,19,39.0,47.0,23.0,,12.0
720575941591448972,DNa08,4,power_control,3,120,29,,,8.0,87.0,25.0
720575941530466488,DNg08,2,steering_control,5,120,26,11.0,61.0,28.0,3.0,17.0
720575941503528171,DNg02,3,steering_control,4,120,29,,3.0,54.0,27.0,36.0
720575941554109668,DNg51,1,steering_control,3,119,18,89.0,18.0,12.0,,
720575941601731769,DNxn118,1,steering_control,3,119,13,73.0,,32.0,,14.0
720575941440379733,DNp66,3,steering_control,5,118,22,11.0,23.0,63.0,12.0,9.0
720575941475448123,DNxn159,3,steering_control,2,118,10,,20.0,98.0,,
720575941642966629,DNg07,2,steering_control,4,117,27,17.0,61.0,14.0,,25.0
720575941502628695,DNp15,2,steering_control,4,117,17,38.0,44.0,,5.0,30.0
720575941537703144,DNg04,2,steering_control,5,116,21,16.0,36.0,16.0,12.0,36.0
720575941580369489,DNg08,2,steering_control,4,116,18,5.0,57.0,8.0,,46.0
720575941526676301,DNut047,1,steering_control,5,115,27,47.0,3.0,33.0,17.0,15.0
720575941468862583,DNxn117,2,steering_control,4,114,20,41.0,54.0,16.0,,3.0
720575941504703938,DNb02,2,steering_control,4,113,16,4.0,67.0,,21.0,21.0
720575941628153913,DNge140,2,steering_control,5,112,21,25.0,30.0,20.0,12.0,25.0
720575941581684601,DNa06,2,steering_control,3,110,17,,93.0,,8.0,9.0
720575941598492457,DNg05,1,steering_control,4,109,13,62.0,3.0,36.0,8.0,
720575941691311512,DNg31,2,steering_control,3,108,4,,69.0,,31.0,8.0
720575941603744697,DNxl108,4,power_control,5,107,20,18.0,10.0,13.0,54.0,12.0
720575941566556775,DNxn159,3,steering_control,4,107,11,,22.0,74.0,5.0,6.0
720575941492328167,DNxl014,5,steering_control,3,107,5,,26.0,6.0,,75.0
720575941436095788,DNut058,1,steering_control,5,106,27,46.0,22.0,29.0,3.0,6.0
720575941557388708,DNb03,2,steering_control,4,106,12,,52.0,12.0,17.0,25.0
720575941456625567,DNg90,5,steering_control,4,106,10,4.0,40.0,,12.0,50.0
720575941602114494,DNnt015,2,steering_control,1,105,10,,105.0,,,
720575941550794751,DNg36,2,steering_control,2,105,10,9.0,96.0,,,
720575941543962629,DNg05,1,steering_control,5,104,21,76.0,9.0,13.0,3.0,3.0
720575941582282873,DNg08,2,steering_control,4,103,17,18.0,71.0,11.0,,3.0
720575941619883135,DNpe031,2,steering_control,4,101,19,,38.0,5.0,36.0,22.0
720575941535086424,DNg13,4,power_control,4,101,5,,11.0,7.0,78.0,5.0
720575941536580634,DNge129,4,power_control,3,100,14,,33.0,,53.0,14.0
720575941521274551,DNg35,4,power_control,3,100,7,,25.0,,72.0,3.0
720575941439563583,DNge053,5,steering_control,5,99,20,7.0,18.0,18.0,6.0,50.0
720575941557943155,DNg37,2,steering_control,2,99,15,,96.0,,3.0,
720575941688517388,DNg93,4,power_control,4,98,10,17.0,,4.0,50.0,27.0
720575941471454583,DNg38,5,steering_control,3,98,10,4.0,44.0,,,50.0
720575941546513001,DNp70,3,steering_control,4,98,10,,13.0,46.0,30.0,9.0
720575941572713886,DNg97,2,steering_control,4,97,6,,45.0,21.0,27.0,4.0
720575941496684672,DNxl106,5,steering_control,4,97,19,,37.0,3.0,13.0,44.0
720575941486612034,DNa03,3,steering_control,4,96,17,9.0,27.0,57.0,,3.0
720575941439622111,DNit007,2,steering_control,4,94,20,3.0,44.0,,32.0,15.0
720575941508298786,DNg43,4,power_control,4,94,8,,4.0,3.0,72.0,15.0
720575941569348858,DNxl112,5,steering_control,4,93,15,13.0,29.0,11.0,,40.0
720575941412619631,DNxn153,5,steering_control,4,92,14,,6.0,23.0,11.0,52.0
720575941470533131,DNg96,4,power_control,3,92,11,,34.0,,48.0,10.0
720575941472178752,DNp70,4,power_control,4,91,10,,18.0,14.0,46.0,13.0
720575941523074295,DNp16,1,steering_control,3,91,11,60.0,22.0,9.0,,
720575941542514268,DNg43,4,power_control,3,91,7,,,5.0,80.0,6.0
720575941632167611,DNg73,2,steering_control,1,90,4,,90.0,,,
720575941556379108,DNxl129,2,steering_control,5,90,14,3.0,51.0,12.0,6.0,18.0
720575941549506932,DNb03,2,steering_control,5,90,12,6.0,56.0,3.0,4.0,21.0
720575941485358733,DNxn114,2,steering_control,4,88,14,21.0,46.0,15.0,,6.0
720575941515944803,DNge048,4,power_control,5,88,12,4.0,8.0,6.0,53.0,17.0
720575941607119725,DNge059,5,steering_control,3,88,6,,33.0,,8.0,47.0
720575941440899023,DNg06,1,steering_control,5,88,22,35.0,16.0,21.0,12.0,4.0
720575941441974479,DNg02,3,steering_control,4,88,20,,4.0,50.0,18.0,16.0
720575941555637331,DNxn131,5,steering_control,4,86,11,4.0,26.0,6.0,,50.0
720575941508500609,DNxl087,5,steering_control,3,86,8,14.0,14.0,,,58.0
720575941650178289,DNg45,1,steering_control,4,86,14,43.0,26.0,,8.0,9.0
720575941595517735,DNg75,2,steering_control,4,84,11,,43.0,15.0,9.0,17.0
720575941439285036,DNg08,2,steering_control,4,84,18,13.0,47.0,14.0,,10.0
720575941561376813,DNde006,3,steering_control,3,84,8,,14.0,46.0,,24.0
720575941411472555,DNb09,3,steering_control,4,83,11,17.0,11.0,30.0,25.0,
720575941512837452,DNge091,3,steering_control,3,83,15,21.0,14.0,48.0,,
720575941433139598,DNg06,1,steering_control,5,83,22,28.0,22.0,19.0,11.0,3.0
720575941596182129,DNp66,2,steering_control,4,83,15,12.0,37.0,24.0,10.0,
720575941578384629,DNxl121,4,power_control,4,83,11,,20.0,8.0,48.0,7.0
720575941518404974,DNpe039,5,steering_control,3,82,13,,9.0,10.0,,63.0
720575941514064716,DNd05,2,steering_control,1,82,3,,82.0,,,
720575941474126944,DNp34,2,steering_control,3,81,12,,47.0,11.0,,23.0
720575941554694372,DNg36,2,steering_control,2,81,10,6.0,75.0,,,
720575941530606467,DNg06,1,steering_control,5,81,22,37.0,12.0,16.0,6.0,10.0
720575941447838996,DNp72,1,steering_control,4,81,15,51.0,7.0,18.0,5.0,
720575941502273419,DNxl105,5,steering_control,3,80,12,,28.0,3.0,,49.0
720575941467453462,DNfl038,2,steering_control,1,79,2,,79.0,,,
720575941516229475,DNp34,2,steering_control,2,79,10,,49.0,,,30.0
720575941586221958,DNp41,3,steering_control,3,78,12,14.0,28.0,36.0,,
720575941469775069,DNxn181,2,steering_control,3,78,16,,41.0,20.0,,17.0
720575941490416181,DNg93,4,power_control,4,77,8,4.0,19.0,,46.0,8.0
720575941721638714,DNb09,2,steering_control,4,77,10,5.0,44.0,12.0,16.0,
720575941578499673,DNge118,1,steering_control,4,77,13,38.0,16.0,16.0,,7.0
720575941574230523,DNg02,3,steering_control,4,77,17,,5.0,39.0,7.0,26.0
720575941471805963,DNg51,1,steering_control,2,76,16,63.0,13.0,,,
720575941479543776,DNxl124,4,power_control,3,76,5,,3.0,,52.0,21.0
720575941546667452,DNp60,4,power_control,3,76,17,,17.0,,30.0,29.0
720575941590576424,DNge091,2,steering_control,4,76,13,6.0,52.0,15.0,,3.0
720575941460902157,DNg07,3,steering_control,3,76,13,18.0,24.0,34.0,,
720575941596748933,DNbe002,2,steering_control,3,75,14,,48.0,,3.0,24.0
720575941513798097,DNg88,2,steering_control,2,75,5,,49.0,,26.0,
720575941482535366,DNg01,1,steering_control,2,74,11,62.0,12.0,,,
720575941401753635,DNg06,2,steering_control,5,74,19,17.0,24.0,19.0,3.0,11.0
720575941498444155,DNg06,4,power_control,4,74,11,,3.0,20.0,42.0,9.0
720575941460757715,DNxn112,3,steering_control,4,74,16,14.0,15.0,42.0,,3.0
720575941452165801,DNxn146,2,steering_control,2,74,8,9.0,65.0,,,
720575941552017663,DNxl100,2,steering_control,3,73,15,,28.0,,26.0,19.0
720575941413189999,DNp38,2,steering_control,3,73,12,,46.0,3.0,,24.0
720575941470933824,DNxn127,2,steering_control,4,72,18,10.0,24.0,23.0,,15.0
720575941477145393,DNxl113,2,steering_control,2,72,11,,36.0,,,36.0
720575941574984201,DNge148,4,power_control,3,72,15,,11.0,,49.0,12.0
720575941537850600,DNp54,3,steering_control,4,72,13,,7.0,47.0,15.0,3.0
720575941438445330,DNpe032,3,steering_control,3,72,11,,15.0,51.0,6.0,
720575941467587606,DNxn175,3,steering_control,2,71,11,,13.0,58.0,,
720575941620273535,DNd03,4,power_control,5,71,17,4.0,11.0,9.0,24.0,23.0
720575941591761704,DNg02,1,steering_control,3,70,12,35.0,,17.0,,18.0
720575941579616081,DNp16,3,steering_control,4,70,12,10.0,16.0,38.0,,6.0
720575941575525992,DNfl041,2,steering_control,2,70,5,,40.0,,30.0,
720575941681032125,DNg02,3,steering_control,4,70,13,,3.0,28.0,14.0,25.0
720575941507243589,DNbe002,2,steering_control,2,69,15,,36.0,,,33.0
720575941643577445,DNxn113,4,power_control,5,69,14,6.0,3.0,9.0,45.0,6.0
720575941430607753,DNg111,2,steering_control,3,69,8,,27.0,23.0,,19.0
720575941475456827,DNp72,3,steering_control,3,69,14,14.0,9.0,46.0,,
720575941573266171,DNge054,2,steering_control,2,69,5,,66.0,3.0,,
720575941571871241,DNge091,3,steering_control,4,69,11,19.0,21.0,23.0,,6.0
720575941555742035,DNxn132,2,steering_control,3,69,12,,28.0,24.0,17.0,
720575941642906529,DNxl021,4,power_control,2,68,6,,31.0,,37.0,
720575941700293082,DNg06,4,power_control,4,68,13,,14.0,9.0,41.0,4.0
720575941592644054,DNge091,3,steering_control,3,68,10,15.0,11.0,42.0,,
720575941733215019,DNpe013,3,steering_control,3,68,9,17.0,16.0,35.0,,
720575941481122690,DNg08,2,steering_control,4,68,13,12.0,41.0,6.0,,9.0
720575941500700139,DNg01,1,steering_control,5,68,14,42.0,8.0,11.0,4.0,3.0
720575941454260275,DNg106,5,steering_control,4,68,16,13.0,13.0,18.0,,24.0
720575941431211951,DNg29,3,steering_control,3,68,11,,15.0,39.0,14.0,
720575941471627639,DNg92,1,steering_control,4,68,14,34.0,,12.0,11.0,11.0
720575941538218216,DNg08,3,steering_control,4,66,14,22.0,16.0,25.0,3.0,
720575941513811532,DNxn173,3,steering_control,3,66,6,,16.0,47.0,,3.0
720575941560435059,DNge133,5,steering_control,4,66,15,,15.0,19.0,11.0,21.0
720575941495055486,DNpe001,2,steering_control,3,66,11,,52.0,3.0,,11.0
720575941483701178,DNp67,4,power_control,3,66,10,3.0,,,36.0,27.0
720575941519611608,DNxl086,2,steering_control,2,65,2,,56.0,,9.0,
720575941511281618,DNg96,2,steering_control,2,65,10,,53.0,,12.0,
720575941404711792,DNpe016,2,steering_control,4,65,11,6.0,31.0,10.0,18.0,
720575941518509495,DNxl131,2,steering_control,1,65,4,,65.0,,,
720575941595376677,DNxn143,3,steering_control,2,64,4,,,40.0,24.0,
720575941513942106,DNxn117,2,steering_control,3,64,12,15.0,35.0,14.0,,
720575941563169704,DNg13,2,steering_control,2,64,5,,59.0,5.0,,
720575941504331607,DNg110,2,steering_control,4,64,16,,43.0,7.0,11.0,3.0
720575941441162191,DNg36,2,steering_control,2,64,8,7.0,57.0,,,
720575941430630392,DNxn117,2,steering_control,4,63,12,25.0,28.0,7.0,,3.0
720575941681384637,DNg92,1,steering_control,5,63,17,19.0,6.0,16.0,8.0,14.0
720575941519241176,DNxl111,2,steering_control,1,63,6,,63.0,,,
720575941430975329,DNut046,3,steering_control,3,62,10,,7.0,49.0,,6.0
720575941483266246,DNpe045,4,power_control,4,62,15,,15.0,6.0,24.0,17.0
720575941518951091,DNg36,2,steering_control,2,62,10,3.0,59.0,,,
720575941477812131,DNxl113,5,steering_control,3,62,6,,22.0,8.0,,32.0
720575941441643867,DNg02,4,power_control,4,61,13,,11.0,16.0,28.0,6.0
720575941409225902,DNxn181,2,steering_control,2,61,10,,35.0,,,26.0
720575941703187674,DNg87,2,steering_control,3,61,10,,31.0,6.0,,24.0
720575941433415200,DNp60,2,steering_control,3,61,13,,37.0,,10.0,14.0
720575941515917667,DNg07,3,steering_control,3,60,9,4.0,25.0,31.0,,
720575941493021104,DNut046,3,steering_control,3,60,11,14.0,14.0,32.0,,
720575941542898205,DNd04,2,steering_control,4,60,8,22.0,32.0,,3.0,3.0
720575941476852254,DNg62,3,steering_control,2,60,2,,,57.0,3.0,
720575941400285475,DNnt020,2,steering_control,2,60,4,,54.0,6.0,,
720575941459415878,pIP9,2,steering_control,2,60,11,6.0,54.0,,,
720575941634269371,DNg59,2,steering_control,3,60,5,,40.0,,4.0,16.0
720575941561776173,DNxl120,4,power_control,3,59,11,,17.0,,25.0,17.0
720575941530295013,DNg49,2,steering_control,2,59,7,3.0,56.0,,,
720575941564504832,DNfl025,3,steering_control,2,59,3,,5.0,54.0,,
720575941485430992,DNg37,2,steering_control,4,59,13,,30.0,4.0,18.0,7.0
720575941433116046,DNg03,3,steering_control,4,59,12,,12.0,27.0,16.0,4.0
720575941535231832,DNxl123,4,power_control,3,59,9,,17.0,,26.0,16.0
720575941450728314,DNxl104,2,steering_control,2,58,3,,47.0,,,11.0
720575941519464046,DNg97,2,steering_control,3,58,6,,34.0,6.0,18.0,
720575941574375272,DNg07,1,steering_control,4,58,9,31.0,3.0,19.0,,5.0
720575941489083596,DNg02,3,steering_control,4,58,12,,3.0,34.0,6.0,15.0
720575941350890544,DNge110,3,steering_control,5,57,15,20.0,3.0,28.0,3.0,3.0
720575941561655341,DNae001,4,power_control,4,57,7,6.0,4.0,,44.0,3.0
720575941604585662,DNg106,2,steering_control,4,57,11,6.0,35.0,12.0,,4.0
720575941653831185,DNxl092,2,steering_control,2,56,5,,48.0,8.0,,
720575941441243839,DNxn179,4,power_control,5,56,15,9.0,6.0,9.0,16.0,16.0
720575941691031704,DNg48,1,steering_control,1,56,1,56.0,,,,
720575941477915700,DNp48,4,power_control,2,56,9,,,,53.0,3.0
720575941352918576,DNg70,4,power_control,4,56,13,,3.0,3.0,39.0,11.0
720575941502004107,DNpe003,2,steering_control,3,55,9,,21.0,,15.0,19.0
720575941666660595,DNpe014,2,steering_control,4,55,13,,25.0,9.0,10.0,11.0
720575941662645304,DNd03,5,steering_control,5,55,14,14.0,3.0,5.0,8.0,25.0
720575941537820658,DNge095,3,steering_control,3,55,6,18.0,,32.0,,5.0
720575941612321382,DNa07,1,steering_control,5,55,12,24.0,13.0,10.0,4.0,4.0
720575941563866536,DNg08,2,steering_control,4,55,10,4.0,45.0,3.0,,3.0
720575941659400984,DNg08,2,steering_control,4,54,13,12.0,19.0,19.0,,4.0
720575941449527477,DNge131,1,steering_control,3,54,9,31.0,10.0,,,13.0
720575941653816081,pIP9,2,steering_control,3,54,13,,46.0,,5.0,3.0
720575941449875893,DNxl106,5,steering_control,2,54,11,,25.0,,,29.0
720575941461875908,DNpe045,4,power_control,4,54,11,,20.0,3.0,28.0,3.0
720575941432269271,DNg10,4,power_control,3,54,8,,7.0,17.0,30.0,
720575941408577327,DNg62,3,steering_control,1,53,1,,,53.0,,
720575941473793322,DNg02,4,power_control,4,53,12,,3.0,7.0,37.0,6.0
720575941454913075,DNge083,2,steering_control,4,53,10,18.0,21.0,11.0,,3.0
720575941531918565,DNxn109,2,steering_control,4,52,12,11.0,19.0,13.0,9.0,
720575941559874831,DNp04,1,steering_control,5,51,10,11.0,11.0,8.0,10.0,11.0
720575941688574360,DNge109,1,steering_control,4,51,12,18.0,12.0,16.0,,5.0
720575941559022381,DNge095,1,steering_control,4,51,12,36.0,6.0,4.0,,5.0
720575941540215501,DNp01,4,power_control,3,51,11,,3.0,11.0,37.0,
720575941436586784,720575941436586784,2,steering_control,4,51,11,,21.0,16.0,11.0,3.0
720575941495918665,DNg106,2,steering_control,4,51,8,3.0,32.0,8.0,,8.0
720575941550196797,DNxl082,3,steering_control,5,51,9,11.0,12.0,21.0,4.0,3.0
720575941507079703,DNxl100,5,steering_control,3,51,9,,15.0,,8.0,28.0
720575941618655615,DNxl075,2,steering_control,3,51,6,,29.0,,6.0,16.0
720575941476398897,DNge092,1,steering_control,3,51,9,31.0,8.0,12.0,,
720575941662407992,DNg29,3,steering_control,3,50,9,,10.0,27.0,13.0,
720575941516357881,DNpe014,2,steering_control,4,50,9,,32.0,10.0,5.0,3.0
720575941553670791,DNa13,2,steering_control,2,49,8,,39.0,,10.0,
720575941401766435,DNbe007,2,steering_control,3,49,8,,24.0,12.0,,13.0
720575941503461867,DNge010,2,steering_control,3,49,6,,24.0,,16.0,9.0
720575941480704954,DNg07,3,steering_control,5,49,11,13.0,14.0,16.0,3.0,3.0
720575941526772836,DNg37,5,steering_control,4,49,9,,16.0,3.0,11.0,19.0
720575941630049762,DNut054,3,steering_control,5,49,10,6.0,12.0,19.0,9.0,3.0
720575941459023088,DNpe025,2,steering_control,3,49,11,,23.0,11.0,15.0,
720575941488845287,DNg44,2,steering_control,4,49,11,11.0,13.0,,13.0,12.0
720575941691021720,DNg89,2,steering_control,1,48,2,,48.0,,,
720575941535705778,DNp17,3,steering_control,3,48,9,18.0,10.0,20.0,,
720575941492684208,DNpe054,3,steering_control,3,48,8,21.0,5.0,22.0,,
720575941523790925,DNg106,2,steering_control,4,48,13,10.0,23.0,4.0,,11.0
720575941477392926,DNxl073,2,steering_control,3,48,7,,24.0,6.0,18.0,
720575941494925182,DNxl127,2,steering_control,3,48,4,,34.0,,11.0,3.0
720575941462261188,DNg35,2,steering_control,2,47,8,,44.0,,,3.0
720575941586609886,DNg63,4,power_control,2,47,2,,,,25.0,22.0
720575941604343737,DNg110,4,power_control,4,47,12,,20.0,3.0,21.0,3.0
720575941546634428,DNp23,2,steering_control,2,47,8,,44.0,,,3.0
720575941529744869,DNg106,3,steering_control,2,47,9,,18.0,29.0,,
720575941426612564,DNg92,1,steering_control,4,46,10,16.0,10.0,7.0,,13.0
720575941466194454,DNp04,2,steering_control,3,46,10,,21.0,13.0,,12.0
720575941404748144,DNxl097,4,power_control,2,46,4,,7.0,,39.0,
720575941626256266,DNxl115,1,steering_control,4,46,8,27.0,4.0,8.0,,7.0
720575941515152195,DNpe006,1,steering_control,3,45,7,34.0,3.0,8.0,,
720575941578803025,DNa13,2,steering_control,3,45,8,4.0,26.0,,15.0,
720575941596205425,DNg106,3,steering_control,3,45,12,,11.0,19.0,,15.0
720575941556283876,DNge004,2,steering_control,4,45,11,3.0,29.0,3.0,,10.0
720575941481381117,DNg45,1,steering_control,3,45,8,34.0,8.0,,3.0,
720575941536326805,DNnt008,3,steering_control,1,45,7,,,45.0,,
720575941474677825,DNg89,2,steering_control,2,45,6,,28.0,17.0,,
720575941651139349,DNg92,5,steering_control,3,44,10,,,6.0,7.0,31.0
720575941453538473,DNxl113,3,steering_control,4,44,8,,12.0,21.0,3.0,8.0
720575941431184559,DNxn179,5,steering_control,4,44,9,3.0,13.0,,8.0,20.0
720575941534881368,DNb08,2,steering_control,3,44,5,,18.0,16.0,10.0,
720575941554856019,DNpe054,3,steering_control,2,44,10,,17.0,27.0,,
720575941690874331,DNp16,3,steering_control,5,43,10,8.0,6.0,18.0,5.0,6.0
720575941547473268,DNnt008,3,steering_control,1,43,7,,,43.0,,
720575941703384026,DNpe001,2,steering_control,5,43,9,3.0,14.0,8.0,5.0,13.0
720575941501552983,DNg02,5,steering_control,4,43,12,,12.0,10.0,6.0,15.0
720575941476632385,DNg01,1,steering_control,4,43,9,22.0,13.0,5.0,3.0,
720575941493998464,DNnt010,2,steering_control,1,43,1,,43.0,,,
720575941408535343,DNb08,2,steering_control,4,42,6,,19.0,11.0,8.0,4.0
720575941595590951,DNae005,2,steering_control,2,42,2,,31.0,,11.0,
720575941477201002,DNg07,2,steering_control,4,42,8,5.0,18.0,10.0,,9.0
720575941547317940,DNge032,2,steering_control,3,42,10,,24.0,4.0,,14.0
720575941583462110,DNge154,2,steering_control,4,42,10,7.0,18.0,14.0,3.0,
720575941513116762,DNg07,5,steering_control,4,42,9,,6.0,14.0,4.0,18.0
720575941536140993,DNxn181,2,steering_control,4,42,10,,21.0,4.0,4.0,13.0
720575941537638627,DNa14,2,steering_control,2,42,6,,31.0,,,11.0
720575941545273861,DNut042,3,steering_control,3,41,8,9.0,4.0,28.0,,
720575941628237625,DNxl111,2,steering_control,2,41,5,,38.0,3.0,,
720575941432046945,DNxl125,5,steering_control,3,41,8,4.0,16.0,,,21.0
720575941474665514,DNg106,5,steering_control,3,41,10,7.0,12.0,,,22.0
720575941498998395,DNg02,4,power_control,3,41,6,7.0,10.0,,24.0,
720575941561392173,DNg39,2,steering_control,2,41,5,,32.0,,,9.0
720575941574140169,DNxl103,3,steering_control,3,40,4,,7.0,29.0,4.0,
720575941548066184,DNge073,2,steering_control,3,40,9,,26.0,,11.0,3.0
720575941552163583,DNpe022,5,steering_control,2,40,7,,7.0,,,33.0
720575941432905943,DNg110,2,steering_control,3,40,10,,20.0,8.0,12.0,
720575941538255587,DNg110,2,steering_control,3,40,11,,26.0,8.0,6.0,
720575941470033117,DNbe003,3,steering_control,2,40,3,,8.0,32.0,,
720575941504679106,DNxl117,2,steering_control,2,40,4,,25.0,,15.0,
720575941536231105,DNxn144,2,steering_control,1,40,5,,40.0,,,
720575941568499502,DNp55,5,steering_control,5,40,8,4.0,7.0,12.0,3.0,14.0
720575941507724929,DNxn109,3,steering_control,3,40,7,6.0,16.0,18.0,,
720575941730332715,DNg02,2,steering_control,3,40,10,,18.0,10.0,12.0,
720575941558599972,DNxn177,4,power_control,3,40,10,,3.0,,24.0,13.0
720575941652085745,DNxn143,3,steering_control,1,39,2,,,39.0,,
720575941567187962,DNg92,1,steering_control,3,39,7,20.0,14.0,5.0,,
720575941551991295,DNg16,4,power_control,3,39,7,,10.0,,19.0,10.0
720575941535811562,DNg12,3,steering_control,1,39,6,,,39.0,,
720575941545432425,DNb08,2,steering_control,3,39,5,,16.0,8.0,15.0,
720575941439029951,DNg02,4,power_control,4,38,11,,5.0,9.0,13.0,11.0
720575941527175524,DNg03,2,steering_control,2,38,7,,30.0,8.0,,
720575941495377280,DNut042,1,steering_control,2,38,7,24.0,,14.0,,
720575941595615783,DNg106,2,steering_control,4,38,7,4.0,23.0,6.0,,5.0
720575941390285462,DNg05,1,steering_control,3,38,10,28.0,3.0,7.0,,
720575941480759971,DNxn179,5,steering_control,5,38,11,8.0,6.0,3.0,7.0,14.0
720575941613418716,DNnt020,2,steering_control,3,38,3,7.0,20.0,11.0,,
720575941438213951,DNge118,2,steering_control,2,38,8,,22.0,16.0,,
720575941523079671,DNg106,5,steering_control,3,38,11,,7.0,10.0,,21.0
720575941477099313,DNge076,2,steering_control,3,37,4,,24.0,6.0,7.0,
720575941568946938,DNg18,3,steering_control,3,37,7,7.0,8.0,22.0,,
720575941661415224,DNg02,4,power_control,1,37,11,,,,37.0,
720575941467559702,DNg06,4,power_control,3,37,7,,8.0,,21.0,8.0
720575941399042851,DNfl025,3,steering_control,2,37,2,,8.0,29.0,,
720575941502262411,DNge007,2,steering_control,3,37,6,,18.0,,16.0,3.0
720575941526954498,DNut051,3,steering_control,2,37,7,,,25.0,12.0,
720575941476981569,DNit007,2,steering_control,4,37,8,,17.0,11.0,3.0,6.0
720575941598907072,DNa13,2,steering_control,4,37,8,,21.0,3.0,9.0,4.0
720575941502734475,DNp38,2,steering_control,2,37,10,,33.0,,,4.0
720575941553985875,DNg02,4,power_control,4,37,11,,3.0,7.0,16.0,11.0
720575941513096012,DNnt015,2,steering_control,2,37,4,,34.0,3.0,,
720575941655820244,DNg21,4,power_control,3,37,6,,3.0,,19.0,15.0
720575941514530892,DNp48,4,power_control,2,37,8,,,,26.0,11.0
720575941547718461,DNxn106,1,steering_control,2,36,6,26.0,,10.0,,
720575941503767127,DNg37,2,steering_control,3,36,6,4.0,25.0,7.0,,
720575941632594592,DNa07,1,steering_control,4,36,9,15.0,12.0,3.0,6.0,
720575941515922169,DNpe003,2,steering_control,2,36,7,,27.0,9.0,,
720575941533506586,DNg106,3,steering_control,4,36,9,6.0,4.0,19.0,,7.0
720575941602854841,DNge081,2,steering_control,2,36,4,8.0,28.0,,,
720575941511270610,DNg39,2,steering_control,2,36,6,,23.0,,13.0,
720575941481045155,DNp16,2,steering_control,3,35,8,7.0,21.0,7.0,,
720575941546668988,DNpe053,4,power_control,4,35,11,,3.0,4.0,22.0,6.0
720575941624257532,DNp41,3,steering_control,4,35,9,3.0,10.0,19.0,,3.0
720575941490679497,DNge145,2,steering_control,2,35,3,6.0,29.0,,,
720575941637800309,DNut046,1,steering_control,4,35,7,15.0,3.0,14.0,,3.0
720575941572719006,DNp67,5,steering_control,3,35,8,7.0,,,11.0,17.0
720575941490071605,DNut046,3,steering_control,2,35,6,,5.0,30.0,,
720575941431577007,DNg02,4,power_control,4,35,8,,5.0,8.0,12.0,10.0
720575941574671517,DNpe011,3,steering_control,3,35,7,10.0,9.0,16.0,,
720575941438655506,DNfl042,1,steering_control,3,35,3,23.0,9.0,3.0,,
720575941483679674,DNge076,2,steering_control,2,34,3,,22.0,,12.0,
720575941605523902,DNp44,3,steering_control,2,34,7,,10.0,24.0,,
720575941556195300,DNde001,2,steering_control,2,34,4,,28.0,,6.0,
720575941559205933,DNg05,1,steering_control,3,34,8,18.0,,9.0,7.0,
720575941539264242,DNd04,2,steering_control,4,33,5,7.0,20.0,,3.0,3.0
720575941543108956,DNp37,4,power_control,3,33,8,,9.0,,13.0,11.0
720575941574979229,DNge142,2,steering_control,3,33,5,8.0,21.0,,4.0,
720575941653640465,DNxl086,2,steering_control,4,33,6,,13.0,3.0,10.0,7.0
720575941505983813,DNg07,3,steering_control,4,33,8,9.0,7.0,13.0,4.0,
720575941434224526,DNge110,3,steering_control,5,33,8,4.0,3.0,16.0,3.0,7.0
720575941586653062,DNp37,5,steering_control,2,32,6,,,,7.0,25.0
720575941550148724,DNg31,2,steering_control,1,32,2,,32.0,,,
720575941469757405,DNg106,3,steering_control,4,32,6,8.0,7.0,14.0,,3.0
720575941533578177,DNge085,3,steering_control,1,32,4,,,32.0,,
720575941637734175,DNg06,2,steering_control,4,32,8,,15.0,3.0,9.0,5.0
720575941654376916,DNg106,2,steering_control,3,32,6,,17.0,10.0,,5.0
720575941563334912,DNp17,2,steering_control,1,32,5,,32.0,,,
720575941655117012,DNg11,3,steering_control,3,32,6,3.0,8.0,21.0,,
720575941543093021,DNxl073,2,steering_control,2,32,4,,28.0,,,4.0
720575941526946562,DNa11,4,power_control,3,31,5,,11.0,,16.0,4.0
720575941625993371,DNg06,4,power_control,1,31,4,,,,31.0,
720575941603438777,DNg07,3,steering_control,3,31,7,,3.0,21.0,,7.0
720575941521369523,DNge092,2,steering_control,3,31,6,9.0,18.0,4.0,,
720575941486587714,DNp17,2,steering_control,2,31,2,,21.0,10.0,,
720575941632002720,DNg02,2,steering_control,2,31,8,,17.0,,14.0,
720575941560549491,DNg07,2,steering_control,2,31,4,9.0,22.0,,,
720575941542610437,DNp23,2,steering_control,1,31,5,,31.0,,,
720575941515840403,DNge145,2,steering_control,3,31,5,9.0,16.0,6.0,,
720575941570031092,DNge099,5,steering_control,4,31,6,,3.0,3.0,4.0,21.0
720575941589304644,DNxl119,2,steering_control,3,31,7,,18.0,,9.0,4.0
720575941514787907,DNge068,2,steering_control,1,30,2,,30.0,,,
720575941440350293,DNp71,2,steering_control,2,30,6,,26.0,,,4.0
720575941614483475,DNg08,4,power_control,4,30,7,4.0,4.0,,15.0,7.0
720575941651866901,DNut054,1,steering_control,4,30,7,17.0,4.0,6.0,,3.0
720575941553551495,DNg07,1,steering_control,3,30,7,22.0,5.0,3.0,,
720575941608733673,DNut042,3,steering_control,3,30,6,7.0,,20.0,,3.0
720575941652156657,DNp41,3,steering_control,3,30,8,9.0,10.0,11.0,,
720575941731655979,DNge094,3,steering_control,2,30,7,8.0,,22.0,,
720575941526723609,DNnt012,3,steering_control,2,30,3,,4.0,26.0,,
720575941546194364,DNge145,2,steering_control,1,30,5,,30.0,,,
720575941531488971,DNxl095,3,steering_control,2,30,4,,13.0,17.0,,
720575941540462285,DNxl067,4,power_control,2,30,3,,4.0,,26.0,
720575941559104813,DNg02,2,steering_control,3,30,8,,15.0,3.0,12.0,
720575941459097503,DNp01,4,power_control,2,30,7,,,14.0,16.0,
720575941528849848,DNg08,2,steering_control,2,30,6,4.0,26.0,,,
720575941448018196,DNge142,1,steering_control,3,30,6,14.0,8.0,,8.0,
720575941613532892,DNxn178,2,steering_control,3,29,6,,20.0,3.0,,6.0
720575941507205143,DNxn178,2,steering_control,4,29,7,3.0,19.0,3.0,,4.0
720575941507241495,DNfl026,3,steering_control,1,29,1,,,29.0,,
720575941480942499,DNnt013,3,steering_control,2,29,7,,7.0,22.0,,
720575941496426695,DNg02,3,steering_control,2,29,8,,,15.0,,14.0
720575941454969395,DNg56,1,steering_control,2,29,6,17.0,,12.0,,
720575941513203665,DNp41,2,steering_control,4,29,8,7.0,12.0,7.0,3.0,
720575941581721977,DNg21,5,steering_control,2,29,5,,,,3.0,26.0
720575941626056556,DNge122,5,steering_control,2,29,3,,10.0,,,19.0
720575941632978629,DNg02,4,power_control,2,29,8,,,9.0,20.0,
720575941477298996,DNge144,2,steering_control,2,28,3,,24.0,,4.0,
720575941643030945,DNg92,3,steering_control,4,28,7,,3.0,12.0,3.0,10.0
720575941623407050,DNg09,2,steering_control,2,28,4,,25.0,3.0,,
720575941628167225,DNg03,4,power_control,2,28,6,,,,18.0,10.0
720575941623634122,DNg02,3,steering_control,4,28,7,,6.0,14.0,4.0,4.0
720575941668914609,DNxn116,2,steering_control,2,28,6,,25.0,3.0,,
720575941408639535,DNge148,4,power_control,1,28,8,,,,28.0,
720575941533807082,DNg11,3,steering_control,2,28,5,,8.0,20.0,,
720575941434874912,720575941434874912,2,steering_control,3,27,6,,16.0,7.0,4.0,
720575941494986951,DNg02,5,steering_control,3,27,8,,,8.0,7.0,12.0
720575941429866593,DNut054,2,steering_control,4,27,7,6.0,14.0,3.0,,4.0
720575941490590924,DNxn154,5,steering_control,4,27,6,,3.0,9.0,5.0,10.0
720575941461320644,DNpe054,2,steering_control,1,27,3,,27.0,,,
720575941569571186,DNp71,2,steering_control,2,27,5,,20.0,7.0,,
720575941604343225,DNg08,5,steering_control,5,27,7,5.0,6.0,3.0,5.0,8.0
720575941468982795,DNg106,3,steering_control,3,27,8,,7.0,14.0,,6.0
720575941560597775,DNg110,2,steering_control,3,27,8,,18.0,,6.0,3.0
720575941722210362,DNg06,2,steering_control,3,27,7,3.0,16.0,,8.0,
720575941405473327,DNge015,2,steering_control,2,27,6,,23.0,4.0,,
720575941552863489,DNg92,3,steering_control,5,27,8,7.0,3.0,11.0,3.0,3.0
720575941478429802,DNg70,4,power_control,3,27,7,3.0,6.0,,18.0,
720575941566180199,DNg89,2,steering_control,2,26,3,,23.0,3.0,,
720575941565477174,DNfl021,4,power_control,1,26,3,,,,26.0,
720575941612340909,DNnt011,3,steering_control,2,26,7,,8.0,18.0,,
720575941450587726,DNp55,3,steering_control,3,26,7,,8.0,15.0,,3.0
720575941477006388,DNxn104,3,steering_control,2,26,6,10.0,,16.0,,
720575941645372792,DNut046,3,steering_control,3,26,5,11.0,3.0,12.0,,
720575941507751447,DNxn146,2,steering_control,2,26,5,,19.0,7.0,,
720575941505929506,DNg02,3,steering_control,4,26,7,,3.0,14.0,6.0,3.0
720575941506644028,DNnt011,3,steering_control,2,26,4,,4.0,22.0,,
720575941566165302,DNg87,1,steering_control,3,26,5,15.0,3.0,,,8.0
720575941536003314,DNg10,2,steering_control,1,26,1,,26.0,,,
720575941504090162,DNxl022,5,steering_control,4,25,6,6.0,6.0,,3.0,10.0
720575941506229889,DNge089,3,steering_control,2,25,6,,7.0,18.0,,
720575941551093639,DNg12,3,steering_control,2,25,5,,3.0,22.0,,
720575941435949198,DNxl118,2,steering_control,2,25,6,,15.0,10.0,,
720575941479563650,DNxl084,5,steering_control,1,25,1,,,,,25.0
720575941688644315,DNge085,3,steering_control,2,25,6,,3.0,22.0,,
720575941491012809,MDN,2,steering_control,3,25,4,,15.0,,6.0,4.0
720575941486574598,DNg02,3,steering_control,4,25,7,,7.0,11.0,3.0,4.0
720575941499166281,DNxl021,2,steering_control,1,25,4,,25.0,,,
720575941486684226,DNa14,2,steering_control,2,25,4,,21.0,,,4.0
720575941431469304,DNp46,2,steering_control,2,25,5,,16.0,,9.0,
720575941512600140,DNxn106,1,steering_control,3,25,6,15.0,3.0,7.0,,
720575941573658184,DNg30,1,steering_control,4,25,6,13.0,,4.0,3.0,5.0
720575941598693824,DNp17,2,steering_control,2,25,2,,22.0,3.0,,
720575941528109222,DNg88,2,steering_control,2,25,6,,22.0,,3.0,
720575941492588976,DNxl123,2,steering_control,3,25,6,,13.0,4.0,,8.0
720575941643043272,DNg72,1,steering_control,3,25,4,11.0,3.0,,,11.0
720575941556870884,DNg110,2,steering_control,2,24,6,,15.0,9.0,,
720575941526696804,DNut054,2,steering_control,3,24,7,4.0,13.0,7.0,,
720575941475341610,DNpe012,1,steering_control,4,24,6,14.0,3.0,4.0,3.0,
720575941513419619,DNge118,3,steering_control,4,24,7,7.0,5.0,9.0,3.0,
720575941606542701,DNg07,2,steering_control,3,24,7,3.0,14.0,,,7.0
720575941477736066,DNg92,5,steering_control,4,24,6,,3.0,3.0,3.0,15.0
720575941495266247,DNxl104,2,steering_control,3,24,3,3.0,18.0,,3.0,
720575941627576377,DNge085,3,steering_control,1,24,5,,,24.0,,
720575941611136476,DNg89,2,steering_control,1,23,3,,23.0,,,
720575941408568238,DNb08,4,power_control,3,23,4,,8.0,5.0,10.0,
720575941652078869,DNg44,4,power_control,2,23,4,,5.0,,18.0,
720575941504687810,DNxn113,4,power_control,3,23,6,,,3.0,17.0,3.0
720575941453830637,DNfl012,2,steering_control,2,23,4,,20.0,,3.0,
720575941480513154,DNg106,2,steering_control,3,23,6,,10.0,3.0,,10.0
720575941515548515,DNge046,1,steering_control,2,23,4,20.0,,,3.0,
720575941564155904,DNnt012,3,steering_control,3,23,5,4.0,6.0,13.0,,
720575941526946050,DNxn173,3,steering_control,4,23,4,4.0,3.0,13.0,3.0,
720575941456504560,DNg03,5,steering_control,3,23,4,,3.0,,6.0,14.0
720575941438469676,DNxl125,2,steering_control,3,23,6,3.0,13.0,,,7.0
720575941632652987,DNxl107,2,steering_control,2,22,2,10.0,12.0,,,
720575941439454783,DNit003,3,steering_control,4,22,6,3.0,5.0,7.0,,7.0
720575941602726078,DNge109,3,steering_control,3,22,4,3.0,,15.0,,4.0
720575941550561341,DNxn189,2,steering_control,2,22,4,,19.0,3.0,,
720575941498434683,DNge094,1,steering_control,2,22,3,18.0,,4.0,,
720575941519246296,DNge080,2,steering_control,2,22,4,,16.0,,6.0,
720575941626007195,DNxn109,2,steering_control,3,22,5,3.0,16.0,,,3.0
720575941573385224,DNge114,1,steering_control,2,22,4,14.0,,8.0,,
720575941507249221,DNg109,4,power_control,4,22,5,,5.0,4.0,7.0,6.0
720575941500839147,DNit005,2,steering_control,3,22,5,4.0,13.0,5.0,,
720575941516764819,DNg02,2,steering_control,4,21,6,3.0,9.0,6.0,3.0,
720575941425381716,DNxn109,3,steering_control,1,21,5,,,21.0,,
720575941598469276,DNg68,2,steering_control,2,21,6,,18.0,,,3.0
720575941524513892,DNxn109,3,steering_control,2,21,3,,,18.0,,3.0
720575941586273926,DNnt012,3,steering_control,2,21,4,,3.0,18.0,,
720575941517006296,DNg03,2,steering_control,3,21,5,,9.0,9.0,,3.0
720575941501635927,DNg02,4,power_control,3,21,4,,3.0,,9.0,9.0
720575941390308246,DNut054,1,steering_control,3,21,6,10.0,6.0,5.0,,
720575941579841013,DNp16,3,steering_control,4,21,4,6.0,4.0,7.0,4.0,
720575941478074592,DNg02,3,steering_control,3,21,5,,4.0,14.0,3.0,
720575941444536746,DNut042,1,steering_control,2,21,3,18.0,3.0,,,
720575941496208071,DNge058,5,steering_control,3,20,3,3.0,,,3.0,14.0
720575941456679149,DNpe020,3,steering_control,3,20,5,,,12.0,4.0,4.0
720575941528092344,DNg36,5,steering_control,3,20,4,5.0,,6.0,,9.0
720575941461347027,DNg68,2,steering_control,3,20,4,3.0,13.0,,4.0,
720575941552768062,DNxn172,1,steering_control,4,20,5,8.0,6.0,3.0,,3.0
720575941477326900,DNg19,3,steering_control,3,20,3,,3.0,14.0,3.0,
720575941353080624,DNfl042,2,steering_control,2,20,3,,11.0,9.0,,
720575941596600709,DNge116,2,steering_control,2,20,4,3.0,17.0,,,
720575941555393537,DNa13,2,steering_control,2,20,4,,13.0,,,7.0
720575941469716445,DNg48,5,steering_control,2,20,3,,8.0,,,12.0
720575941615534489,DNp68,1,steering_control,3,20,6,10.0,,,3.0,7.0
720575941602974649,DNpe054,1,steering_control,3,20,4,14.0,,3.0,3.0,
720575941414491028,DNge102,2,steering_control,3,20,3,3.0,10.0,7.0,,
720575941415224348,DNg36,2,steering_control,1,20,3,,20.0,,,
720575941722108218,DNg07,2,steering_control,3,20,5,,13.0,4.0,,3.0
720575941486575426,DNxl068,4,power_control,4,20,5,3.0,5.0,,9.0,3.0
720575941595605029,DNge071,2,steering_control,1,19,4,,19.0,,,
720575941489377737,DNp17,2,steering_control,3,19,4,,11.0,3.0,,5.0
720575941612058982,DNxn179,4,power_control,4,19,5,,3.0,3.0,9.0,4.0
720575941552584510,DNxn144,1,steering_control,2,19,4,12.0,,7.0,,
720575941614190099,DNpe008,1,steering_control,2,19,3,15.0,,4.0,,
720575941438500370,DNxn145,3,steering_control,2,19,3,,7.0,12.0,,
720575941541271325,DNg78,2,steering_control,1,19,5,,19.0,,,
720575941594858198,DNg109,2,steering_control,4,19,5,,8.0,4.0,3.0,4.0
720575941581648761,DNg54,1,steering_control,2,19,2,11.0,8.0,,,
720575941688582518,DNge092,3,steering_control,4,19,5,3.0,4.0,7.0,5.0,
720575941732549163,DNg59,2,steering_control,2,19,4,,12.0,,,7.0
720575941549490209,DNg02,4,power_control,2,18,5,,3.0,,15.0,
720575941438719967,DNg11,3,steering_control,2,18,4,,8.0,10.0,,
720575941661233976,DNpe011,3,steering_control,1,18,4,,,18.0,,
720575941474312800,DNge094,3,steering_control,1,18,5,,,18.0,,
720575941529711288,DNge004,5,steering_control,2,18,4,,8.0,,,10.0
720575941611082826,DNg03,2,steering_control,3,18,5,,7.0,7.0,4.0,
720575941624437756,DNxn174,3,steering_control,3,18,4,,6.0,9.0,,3.0
720575941404981360,DNp17,4,power_control,3,18,3,,3.0,,11.0,4.0
720575941628710694,DNge116,2,steering_control,2,18,4,5.0,13.0,,,
720575941627484454,DNge145,2,steering_control,1,17,4,,17.0,,,
720575941549156980,DNg02,4,power_control,3,17,4,,,5.0,8.0,4.0
720575941527922598,DNg08,5,steering_control,1,17,4,,,,,17.0
720575941493947006,DNg46,2,steering_control,2,17,3,,14.0,3.0,,
720575941662495356,DNg07,2,steering_control,1,17,4,,17.0,,,
720575941516271450,DNg56,2,steering_control,2,17,3,,10.0,7.0,,
720575941633779387,DNp09,2,steering_control,4,17,5,,8.0,3.0,3.0,3.0
720575941471266423,DNge062,5,steering_control,1,17,2,,,,,17.0
720575941470084317,DNpe054,1,steering_control,2,17,2,13.0,4.0,,,
720575941490535600,DNg53,3,steering_control,3,17,4,5.0,,7.0,5.0,
720575941605091518,DNnt011,3,steering_control,1,17,3,,,17.0,,
720575941633833403,DNge091,2,steering_control,1,17,3,,17.0,,,
720575941565694262,DNfl036,3,steering_control,3,17,3,,4.0,7.0,6.0,
720575941569909106,DNg84,2,steering_control,3,17,4,,7.0,4.0,,6.0
720575941639802655,DNg08,2,steering_control,3,17,5,,10.0,4.0,,3.0
720575941461494483,DNp64,4,power_control,2,17,4,,,,9.0,8.0
720575941440714959,DNg03,3,steering_control,3,17,5,,,9.0,5.0,3.0
720575941531735269,DNg72,1,steering_control,2,17,3,10.0,,,,7.0
720575941668465319,DNge111,2,steering_control,2,16,4,,12.0,4.0,,
720575941615336601,DNge060,2,steering_control,2,16,3,,13.0,,3.0,
720575941690964888,DNxn119,2,steering_control,2,16,5,,10.0,6.0,,
720575941578692697,DNp09,2,steering_control,1,16,3,,16.0,,,
720575941591151500,DNg02,2,steering_control,2,16,4,,13.0,3.0,,
720575941591285132,DNxl118,2,steering_control,2,16,2,,12.0,4.0,,
720575941612982169,DNge094,1,steering_control,1,16,2,16.0,,,,
720575941482058179,DNxn144,2,steering_control,1,16,2,,16.0,,,
720575941559394931,DNg08,2,steering_control,2,16,4,3.0,13.0,,,
720575941588874892,DNht001,2,steering_control,1,15,1,,15.0,,,
720575941700316378,DNg02,5,steering_control,3,15,5,,,3.0,3.0,9.0
720575941515238234,DNg07,2,steering_control,2,15,3,4.0,11.0,,,
720575941433031182,DNxn165,3,steering_control,2,15,3,,6.0,9.0,,
720575941631060972,DNg65,2,steering_control,2,15,2,,12.0,,3.0,
720575941491065653,MDN,2,steering_control,1,15,2,,15.0,,,
720575941554172807,DNp44,3,steering_control,2,15,3,,3.0,12.0,,
720575941430120289,DNge023,2,steering_control,2,15,4,,11.0,,4.0,
720575941565091847,DNfl026,3,steering_control,1,15,1,,,15.0,,
720575941530093496,DNxn119,2,steering_control,2,15,4,,12.0,,3.0,
720575941662695992,DNg65,2,steering_control,2,15,2,,12.0,,3.0,
720575941489195724,DNnt008,3,steering_control,1,15,4,,,15.0,,
720575941480490882,DNfl035,5,steering_control,1,14,2,,,,,14.0
720575941598325148,DNge094,3,steering_control,1,14,2,,,14.0,,
720575941559950863,DNg10,2,steering_control,1,14,1,,14.0,,,
720575941507065111,DNxn109,2,steering_control,1,14,3,,14.0,,,
720575941644756168,DNg30,5,steering_control,2,14,4,,,3.0,,11.0
720575941432295639,DNg02,5,steering_control,3,14,4,,,3.0,4.0,7.0
720575941489036494,DNxn139,3,steering_control,1,14,1,,,14.0,,
720575941438049621,DNnt008,3,steering_control,1,14,3,,,14.0,,
720575941540257741,DNxn167,2,steering_control,1,14,2,,14.0,,,
720575941469678557,DNg09,2,steering_control,1,14,3,,14.0,,,
720575941472005952,DNxl068,5,steering_control,3,14,3,3.0,5.0,,,6.0
720575941470195723,DNxl056,2,steering_control,2,14,3,,9.0,,,5.0
720575941590435070,DNpe010,4,power_control,2,14,2,,4.0,,10.0,
720575941452016199,DNxn144,2,steering_control,2,14,3,5.0,9.0,,,
720575941521256115,DNxn181,2,steering_control,2,14,3,,11.0,,,3.0
720575941631020192,DNnt010,2,steering_control,1,14,1,,14.0,,,
720575941669726129,DNg85,5,steering_control,2,13,2,,5.0,,,8.0
720575941546970292,DNp16,2,steering_control,2,13,2,,7.0,6.0,,
720575941601297705,DNxl096,2,steering_control,1,13,2,,13.0,,,
720575941537912291,DNpe012,2,steering_control,2,13,4,,7.0,6.0,,
720575941447884820,DNxn071,2,steering_control,1,13,2,,13.0,,,
720575941496731042,DNg72,1,steering_control,2,13,4,7.0,6.0,,,
720575941569424372,DNht001,1,steering_control,1,13,2,13.0,,,,
720575941453869619,DNg18,1,steering_control,2,13,3,9.0,4.0,,,
720575941659595320,DNg10,2,steering_control,2,13,2,,9.0,4.0,,
720575941610213478,DNg01,2,steering_control,2,13,4,,10.0,3.0,,
720575941644554184,DNfl038,2,steering_control,1,13,1,,13.0,,,
720575941430610095,DNge109,2,steering_control,1,13,2,,13.0,,,
720575941579793909,DNge010,2,steering_control,1,12,4,,12.0,,,
720575941584708486,DNnt011,2,steering_control,1,12,1,,12.0,,,
720575941542617117,DNp17,2,steering_control,1,12,3,,12.0,,,
720575941588955703,DNge117,2,steering_control,2,12,3,3.0,9.0,,,
720575941588409924,DNp17,2,steering_control,1,12,2,,12.0,,,
720575941640840991,DNg80,4,power_control,1,12,3,,,,12.0,
720575941671947687,DNge116,3,steering_control,1,12,2,,,12.0,,
720575941439740895,DNg11,3,steering_control,2,12,3,,3.0,9.0,,
720575941587856951,DNg02,5,steering_control,3,12,3,,,3.0,4.0,5.0
720575941404813680,DNut042,3,steering_control,2,12,3,3.0,,9.0,,
720575941427934548,DNpe020,2,steering_control,3,12,3,,4.0,4.0,4.0,
720575941555196929,DNfl012,2,steering_control,1,12,2,,12.0,,,
720575941461407955,DNxn157,2,steering_control,2,12,2,,7.0,,,5.0
720575941555504467,DNge127,4,power_control,1,12,3,,,,12.0,
720575941446894612,DNnt008,3,steering_control,2,12,4,,3.0,9.0,,
720575941454569523,DNg18,2,steering_control,2,12,3,3.0,9.0,,,
720575941549022497,DNpe054,4,power_control,2,12,2,,,5.0,7.0,
720575941533398659,DNxn105,1,steering_control,2,12,4,6.0,,6.0,,
720575941531974629,DNg36,1,steering_control,2,12,3,7.0,,5.0,,
720575941595193558,DNp35,3,steering_control,2,12,3,,,9.0,3.0,
720575941589986359,DNge128,4,power_control,2,12,3,,4.0,,8.0,
720575941596218225,DNg09,2,steering_control,1,12,1,,12.0,,,
720575941626193563,DNxn110,5,steering_control,3,11,3,,3.0,3.0,,5.0
720575941586099334,DNfl030,5,steering_control,1,11,1,,,,,11.0
720575941470575479,DNut046,3,steering_control,2,11,3,3.0,,8.0,,
720575941592628950,DNge071,2,steering_control,1,11,2,,11.0,,,
720575941430513289,DNg36,3,steering_control,1,11,2,,,11.0,,
720575941604982462,DNit003,3,steering_control,3,11,3,,3.0,5.0,,3.0
720575941658841112,DNxl102,1,steering_control,1,11,2,11.0,,,,
720575941448922717,DNg11,3,steering_control,2,11,2,3.0,,8.0,,
720575941539816061,DNxn153,4,power_control,2,11,3,,4.0,,7.0,
720575941530080997,DNxn111,2,steering_control,2,11,3,3.0,8.0,,,
720575941495775431,DNge085,3,steering_control,1,11,2,,,11.0,,
720575941652579093,DNge149,2,steering_control,3,11,3,,4.0,,3.0,4.0
720575941586901316,DNge089,3,steering_control,2,11,3,,3.0,8.0,,
720575941662395704,DNd02,2,steering_control,3,11,3,3.0,5.0,,,3.0
720575941459216287,DNfl027,2,steering_control,1,11,1,,11.0,,,
720575941515411603,DNit005,1,steering_control,1,11,3,11.0,,,,
720575941506196247,DNp20,2,steering_control,1,10,2,,10.0,,,
720575941616284629,DNp17,2,steering_control,1,10,3,,10.0,,,
720575941474256224,DNpe008,1,steering_control,2,10,3,7.0,,3.0,,
720575941523447883,DNg07,2,steering_control,2,10,2,,7.0,3.0,,
720575941413642268,DNg78,2,steering_control,1,10,2,,10.0,,,
720575941469521216,DNg03,3,steering_control,2,10,3,,3.0,7.0,,
720575941663497084,DNa11,2,steering_control,2,10,2,,7.0,3.0,,
720575941577519961,DNit003,3,steering_control,1,10,2,,,10.0,,
720575941688133871,DNge046,2,steering_control,2,10,2,,7.0,3.0,,
720575941663102520,DNg34,4,power_control,2,10,3,,4.0,,6.0,
720575941593409064,DNpe054,1,steering_control,3,10,3,4.0,3.0,3.0,,
720575941662983224,DNpe054,3,steering_control,1,10,2,,,10.0,,
720575941534911832,DNge139,2,steering_control,1,10,2,,10.0,,,
720575941689709019,DNg07,3,steering_control,2,10,3,3.0,,7.0,,
720575941515746051,DNge044,1,steering_control,1,10,1,10.0,,,,
720575941572392201,DNnt013,3,steering_control,1,9,2,,,9.0,,
720575941576254134,DNxl078,2,steering_control,1,9,1,,9.0,,,
720575941448124692,DNge115,1,steering_control,2,9,2,6.0,3.0,,,
720575941557512307,DNg12,2,steering_control,1,9,1,,9.0,,,
720575941515969123,DNg60,4,power_control,2,9,2,,3.0,,6.0,
720575941537766632,DNd05,5,steering_control,2,9,3,,3.0,,,6.0
720575941562771624,DNnt012,1,steering_control,3,9,3,3.0,3.0,3.0,,
720575941472597051,DNg12,3,steering_control,1,9,1,,,9.0,,
720575941489207605,DNnt012,3,steering_control,1,9,3,,,9.0,,
720575941568199726,DNg12,2,steering_control,2,9,2,,5.0,4.0,,
720575941471768843,DNxn171,4,power_control,1,9,2,,,,9.0,
720575941465737814,DNg12,3,steering_control,2,9,2,,4.0,5.0,,
720575941566132119,DNg22,2,steering_control,2,9,2,,6.0,,,3.0
720575941486692493,DNp68,5,steering_control,1,9,3,,,,,9.0
720575941564275602,DNp32,2,steering_control,1,9,2,,9.0,,,
720575941469370688,DNg10,2,steering_control,1,9,2,,9.0,,,
720575941428164233,DNfl021,2,steering_control,2,9,2,,6.0,,3.0,
720575941415707420,DNg24,3,steering_control,1,8,2,,,8.0,,
720575941652278033,DNg10,2,steering_control,1,8,2,,8.0,,,
720575941645080481,DNxn126,5,steering_control,2,8,2,,,,3.0,5.0
720575941400290851,DNg49,3,steering_control,1,8,1,,,8.0,,
720575941505767970,DNg20,2,steering_control,2,8,2,,4.0,,,4.0
720575941514111564,DNg72,1,steering_control,1,8,1,8.0,,,,
720575941513808849,DNge038,2,steering_control,1,8,2,,8.0,,,
720575941442861482,DNg09,2,steering_control,1,8,2,,8.0,,,
720575941514447097,DNnt018,2,steering_control,1,8,2,,8.0,,,
720575941535332952,DNpe008,2,steering_control,2,8,2,,4.0,4.0,,
720575941439786719,DNxl101,2,steering_control,1,8,2,,8.0,,,
720575941516237817,DNd02,2,steering_control,2,8,2,,5.0,,,3.0
720575941571453342,DNge094,3,steering_control,2,8,2,,3.0,5.0,,
720575941538336381,DNg60,2,steering_control,2,8,2,,5.0,,3.0,
720575941579149401,DNp17,2,steering_control,1,8,1,,8.0,,,
720575941506628225,DNge095,2,steering_control,2,8,2,,4.0,,,4.0
720575941506164037,DNg46,1,steering_control,2,8,2,5.0,,3.0,,
720575941539552717,DNxn115,3,steering_control,1,7,1,,,7.0,,
720575941574731272,DNp46,2,steering_control,1,7,1,,7.0,,,
720575941454975539,DNp16,3,steering_control,1,7,2,,,7.0,,
720575941482713341,DNg07,3,steering_control,2,7,2,,3.0,4.0,,
720575941657989712,DNge003,3,steering_control,2,7,2,,,4.0,3.0,
720575941548409377,DNxn128,2,steering_control,2,7,2,,4.0,,,3.0
720575941542885661,DNg84,5,steering_control,1,7,1,,,,,7.0
720575941408170799,DNxn165,2,steering_control,1,7,2,,7.0,,,
720575941624536828,SA_DMT_DMetaN_6,3,steering_control,2,7,2,,3.0,4.0,,
720575941574467997,DNpe054,3,steering_control,2,7,2,,,4.0,,3.0
720575941569320050,DNpe054,2,steering_control,1,7,1,,7.0,,,
720575941645117304,DNxl070,2,steering_control,2,7,2,,4.0,,3.0,
720575941579450745,DNge020,2,steering_control,1,7,2,,7.0,,,
720575941491055820,DNp17,5,steering_control,1,7,2,,,,,7.0
720575941491807463,DNp56,3,steering_control,2,7,2,,3.0,4.0,,
720575941524958118,DNut042,3,steering_control,1,7,2,,,7.0,,
720575941589353284,DNge085,2,steering_control,1,7,2,,7.0,,,
720575941720258362,DNg36,4,power_control,2,7,2,,,3.0,4.0,
720575941513793612,DNg12,3,steering_control,1,7,1,,,7.0,,
720575941565508759,DNxl128,2,steering_control,2,6,2,,3.0,3.0,,
720575941515726691,DNge028,4,power_control,1,6,1,,,,6.0,
720575941507062807,DNg19,2,steering_control,2,6,2,,3.0,3.0,,
720575941553550471,DNxn109,2,steering_control,1,6,1,,6.0,,,
720575941504459458,DNxl063,5,steering_control,1,6,1,,,,,6.0
720575941551774526,DNit013,3,steering_control,1,6,1,,,6.0,,
720575941507409502,DNge116,2,steering_control,1,6,2,,6.0,,,
720575941550165054,DNg10,2,steering_control,2,6,2,,3.0,3.0,,
720575941393196950,DNpe054,3,steering_control,1,6,1,,,6.0,,
720575941519274968,DNp17,2,steering_control,2,6,2,,3.0,3.0,,
720575941482407677,DNnt008,3,steering_control,1,6,1,,,6.0,,
720575941532803160,DNxl081,4,power_control,1,6,1,,,,6.0,
720575941519658862,DNp64,3,steering_control,2,6,2,,,3.0,3.0,
720575941540535069,DNg12,3,steering_control,1,6,1,,,6.0,,
720575941521282739,DNg49,2,steering_control,2,6,2,,3.0,3.0,,
720575941671438247,DNxn140,4,power_control,1,6,1,,,,6.0,
720575941523236171,DNg36,3,steering_control,1,6,2,,,6.0,,
720575941535724522,DNge056,2,steering_control,2,6,2,,3.0,3.0,,
720575941524478795,DNit003,2,steering_control,2,6,2,,3.0,,3.0,
720575941534075370,DNge071,2,steering_control,1,6,1,,6.0,,,
720575941563201687,DNg12,2,steering_control,1,6,2,,6.0,,,
720575941614432409,DNxn162,3,steering_control,2,6,2,,,3.0,,3.0
720575941566170422,DNp14,2,steering_control,2,6,2,,3.0,,3.0,
720575941452264361,DNnt011,2,steering_control,1,6,2,,6.0,,,
720575941432481633,DNxn126,2,steering_control,2,6,2,,3.0,3.0,,
720575941435997984,DNge034,2,steering_control,1,6,1,,6.0,,,
720575941611457098,DNg53,2,steering_control,1,6,2,,6.0,,,
720575941574933661,DNde005,2,steering_control,1,6,1,,6.0,,,
720575941603720633,DNg20,4,power_control,1,6,1,,,,6.0,
720575941439577055,DNxl114,2,steering_control,2,6,2,,3.0,,,3.0
720575941597345692,DNfl017,1,steering_control,1,6,1,6.0,,,,
720575941456180461,DNg63,4,power_control,1,6,1,,,,6.0,
720575941629386732,DNg12,2,steering_control,2,6,2,,3.0,3.0,,
720575941482970310,DNge139,2,steering_control,1,5,1,,5.0,,,
720575941658910488,DNxn148,2,steering_control,1,5,1,,5.0,,,
720575941486680717,DNp32,2,steering_control,1,5,1,,5.0,,,
720575941498984161,DNxl114,2,steering_control,1,5,1,,5.0,,,
720575941669801905,DNg54,2,steering_control,1,5,1,,5.0,,,
720575941515872003,DNp56,3,steering_control,1,5,1,,,5.0,,
720575941690788827,DNxl091,2,steering_control,1,5,1,,5.0,,,
720575941691308952,DNg34,2,steering_control,1,5,1,,5.0,,,
720575941390619140,DNg10,2,steering_control,1,5,1,,5.0,,,
720575941730244651,DNg12,2,steering_control,1,5,1,,5.0,,,
720575941480480963,DNxn172,2,steering_control,1,5,1,,5.0,,,
720575941566364982,DNge122,5,steering_control,1,5,1,,,,,5.0
720575941560162798,DNp35,3,steering_control,1,5,1,,,5.0,,
720575941640775455,DNxn133,2,steering_control,1,5,1,,5.0,,,
720575941559946478,DNpe008,2,steering_control,1,5,1,,5.0,,,
720575941567199790,DNg64,4,power_control,1,5,1,,,,5.0,
720575941473970747,DNge116,2,steering_control,1,4,1,,4.0,,,
720575941486413709,DNg40,3,steering_control,1,4,1,,,4.0,,
720575941431747086,DNg73,2,steering_control,1,4,1,,4.0,,,
720575941578679897,DNxn130,1,steering_control,1,4,1,4.0,,,,
720575941489274057,DNge046,2,steering_control,1,4,1,,4.0,,,
720575941390722710,DNge025,3,steering_control,1,4,1,,,4.0,,
720575941499708745,MDN,5,steering_control,1,4,1,,,,,4.0
720575941630081574,DNp17,5,steering_control,1,4,1,,,,,4.0
720575941538209229,DNg10,2,steering_control,1,4,1,,4.0,,,
720575941588369662,DNg01,4,power_control,1,4,1,,,,4.0,
720575941555710547,DNp56,2,steering_control,1,4,1,,4.0,,,
720575941690766555,DNxl084,5,steering_control,1,4,1,,,,,4.0
720575941515579747,DNxn170,2,steering_control,1,4,1,,4.0,,,
720575941688674200,DNge115,2,steering_control,1,4,1,,4.0,,,
720575941518794668,DNxl097,2,steering_control,1,4,1,,4.0,,,
720575941554701722,DNfl040,2,steering_control,1,4,1,,4.0,,,
720575941536706753,DNg80,4,power_control,1,4,1,,,,4.0,
720575941551193115,DNg10,1,steering_control,1,4,1,4.0,,,,
720575941461352659,DNxn144,1,steering_control,1,4,1,4.0,,,,
720575941480917187,DNge069,2,steering_control,1,4,1,,4.0,,,
720575941566487655,DNge074,5,steering_control,1,4,1,,,,,4.0
720575941574724361,DNg23,5,steering_control,1,4,1,,,,,4.0
720575941480901827,DNge085,3,steering_control,1,4,1,,,4.0,,
720575941574878351,DNnt019,2,steering_control,1,4,1,,4.0,,,
720575941507894366,DNg69,5,steering_control,1,4,1,,,,,4.0
720575941575484598,DNge071,3,steering_control,1,4,1,,,4.0,,
720575941631315616,DNxl093,5,steering_control,1,4,1,,,,,4.0
720575941642868385,DNg12,3,steering_control,1,3,1,,,3.0,,
720575941625794186,DNae008,2,steering_control,1,3,1,,3.0,,,
720575941688806412,DNxn145,1,steering_control,1,3,1,3.0,,,,
720575941626530442,DNxn134,3,steering_control,1,3,1,,,3.0,,
720575941427901012,DNfl020,2,steering_control,1,3,1,,3.0,,,
720575941438848479,DNpe054,3,steering_control,1,3,1,,,3.0,,
720575941503131371,DNut046,1,steering_control,1,3,1,3.0,,,,
720575941556990735,DNfl032,2,steering_control,1,3,1,,3.0,,,
720575941626282634,DNxl072,2,steering_control,1,3,1,,3.0,,,
720575941475557681,DNg03,2,steering_control,1,3,1,,3.0,,,
720575941508261922,DNnt007,2,steering_control,1,3,1,,3.0,,,
720575941432255959,DNxl070,2,steering_control,1,3,1,,3.0,,,
720575941473933664,DNge104,2,steering_control,1,3,1,,3.0,,,
720575941626032074,DNg95,5,steering_control,1,3,1,,,,,3.0
720575941390623382,DNp20,2,steering_control,1,3,1,,3.0,,,
720575941510509072,DNnt009,3,steering_control,1,3,1,,,3.0,,
720575941502715019,DNg24,5,steering_control,1,3,1,,,,,3.0
720575941554888676,DNxn144,2,steering_control,1,3,1,,3.0,,,
720575941549788961,DNpe054,5,steering_control,1,3,1,,,,,3.0
720575941399099427,DNfl033,4,power_control,1,3,1,,,,3.0,
720575941688242328,DNge024,3,steering_control,1,3,1,,,3.0,,
720575941548655496,DNxl132,5,steering_control,1,3,1,,,,,3.0
720575941633124549,DNxn157,3,steering_control,1,3,1,,,3.0,,
720575941548170120,DNxl094,4,power_control,1,3,1,,,,3.0,
720575941455929837,DNge089,1,steering_control,1,3,1,3.0,,,,
720575941632799392,DNnt011,3,steering_control,1,3,1,,,3.0,,
720575941542733573,DNfl021,2,steering_control,1,3,1,,3.0,,,
720575941481407427,DNg10,1,steering_control,1,3,1,3.0,,,,
720575941552002815,DNg57,5,steering_control,1,3,1,,,,,3.0
720575941575744655,DNxn140,4,power_control,1,3,1,,,,3.0,
720575941538221288,DNg26,2,steering_control,1,3,1,,3.0,,,
720575941660948348,DNg40,3,steering_control,1,3,1,,,3.0,,
720575941552009727,DNg49,2,steering_control,1,3,1,,3.0,,,
720575941630522850,DNg64,5,steering_control,1,3,1,,,,,3.0
720575941535167320,DNxn073,2,steering_control,1,3,1,,3.0,,,
720575941565716578,DNfl030,1,steering_control,1,3,1,3.0,,,,
720575941454124781,DNg12,3,steering_control,1,3,1,,,3.0,,
720575941583758726,DNg01,4,power_control,1,3,1,,,,3.0,
720575941529139844,DNxn153,4,power_control,1,3,1,,,,3.0,
720575941491126222,DNg33,4,power_control,1,3,1,,,,3.0,
720575941663518844,DNxn146,2,steering_control,1,3,1,,3.0,,,
720575941585365214,DNut042,3,steering_control,1,3,1,,,3.0,,
720575941569306874,DNg12,3,steering_control,1,3,1,,,3.0,,
720575941402468899,DNp17,1,steering_control,1,3,1,3.0,,,,
720575941550401086,DNfl024,1,steering_control,1,3,1,3.0,,,,
720575941522739275,DNg10,3,steering_control,1,3,1,,,3.0,,
720575941450934350,DNp27,2,steering_control,1,3,1,,3.0,,,
720575941521188791,DNpe052,3,steering_control,1,3,1,,,3.0,,
720575941591804712,DNxn109,1,steering_control,1,3,1,3.0,,,,
720575941449384885,DNge150,5,steering_control,1,3,1,,,,,3.0
720575941452211834,DNxn143,5,steering_control,1,3,1,,,,,3.0
