interneuron_id,degree_centrality,betweenness_centrality,n_target_mns
720575941511393233,0.36057068741893644,0.08099217173877217,9
720575941524114276,0.35797665369649806,0.08211280320986335,9
720575941564147346,0.35149156939040205,0.010441781495660338,24
720575941669049587,0.35149156939040205,0.010441781495660338,24
720575941516099500,0.3463035019455253,0.01012237534496062,23
720575941594160421,0.3463035019455253,0.010029843825684746,23
720575941554049307,0.3411154345006485,0.009745536225229006,22
720575941515619939,0.33981841763942927,0.00859407270195467,22
720575941402032240,0.3372243839169909,0.009241001737349206,22
720575941407795118,0.33073929961089493,0.0082556369156864,21
720575941518434227,0.32814526588845655,0.007994912440858419,19
720575941637958687,0.32555123216601817,0.00895981549927198,21
720575941618008447,0.31906614785992216,0.007604968985446601,18
720575941703124698,0.3138780804150454,0.007236052829824347,17
720575941484663558,0.3125810635538262,0.007658045222037216,17
720575941460235152,0.3009079118028534,0.006021118408883865,16
720575941561308818,0.29961089494163423,0.006154939535746868,15
720575941408509867,0.29182879377431903,0.006167708716765589,14
720575941477897346,0.2853437094682231,0.00544735174623962,17
720575941612696934,0.2827496757457847,0.004703120243294502,15
720575941671138727,0.2814526588845655,0.018959500694924872,12
720575941581685113,0.2736705577172503,0.0030786725723911407,12
720575941517770412,0.2723735408560311,0.005226923460014435,11
720575941477553376,0.2723735408560311,0.0053105548468717935,11
720575941519213016,0.26588845654993515,0.004057478586210045,13
720575941449835898,0.2619974059662776,0.0032296148558744048,9
720575941439197269,0.2607003891050583,0.0037546026835496883,14
720575941447887636,0.25940337224383914,0.0036590017218646425,13
720575941611056714,0.25940337224383914,0.0036590017218646425,13
720575941652536593,0.2490272373540856,0.003448446997807659,12
720575941623108298,0.2477302204928664,0.011963942374704623,10
720575941632673516,0.2464332036316472,0.003223307107944335,10
720575941551389979,0.2464332036316472,0.003729800863711372,11
720575941595757724,0.2438391699092088,0.003139211916774272,11
720575941512896099,0.23865110246433202,0.00307553278663376,12
720575941431075503,0.23865110246433202,0.0024469552228919373,11
720575941456348575,0.23605706874189364,0.05459569823312303,6
720575941505835137,0.23476005188067445,0.002574023514056015,12
720575941576958197,0.23476005188067445,0.002851684260152814,10
720575941435993888,0.22827496757457846,0.0020444843113535914,10
720575941486089538,0.22308690012970167,0.002216304963403423,10
720575941511275986,0.2153047989623865,0.01775368305571239,7
720575941729958699,0.21141374837872892,0.029776498991734946,6
720575941642372040,0.20492866407263294,0.022230296479498042,6
720575941457147206,0.20363164721141375,0.03188010870365979,5
720575941571427323,0.20233463035019456,0.0015373439962516598,8
720575941610618982,0.20103761348897534,0.0016151786378651221,10
720575941562464866,0.19844357976653695,0.0013359131265106405,8
720575941563314486,0.19584954604409857,0.01803349625833964,4
720575941415476252,0.19325551232166016,0.0011033982112724767,10
720575941547177076,0.19325551232166016,0.010071484006308444,5
720575941450532174,0.19195849546044097,0.013439858598986621,5
720575941575681718,0.1867704280155642,0.014525935025987306,6
720575941459906630,0.1867704280155642,0.0009576893232874936,7
720575941574412943,0.18547341115434499,0.01483576365909569,3
720575941642530504,0.18547341115434499,0.0009463644400449474,7
720575941550948231,0.1841763942931258,0.011290053435309163,5
720575941526690841,0.1815823605706874,0.0009046801664591897,6
720575941504456386,0.1815823605706874,0.0007661847857371297,7
720575941543397737,0.1815823605706874,0.0012119743240166887,8
720575941438440236,0.1815823605706874,0.01646283086574594,7
720575941489819081,0.18028534370946822,0.0012690875578206954,8
720575941562339079,0.17898832684824903,0.0006542610948672118,7
720575941551598746,0.17509727626459143,0.0011066697961870928,7
720575941534822632,0.17509727626459143,0.021433552615240985,3
720575941567684340,0.17380025940337224,0.0009330937625966269,6
720575941412445332,0.17380025940337224,0.0011335313221387854,7
720575941429532119,0.17380025940337224,0.0007291161037407261,6
720575941567030516,0.17380025940337224,0.03086119468814464,3
720575941580641913,0.17250324254215305,0.0006596170976410613,6
720575941603916222,0.16990920881971464,0.0005579851048232494,6
720575941449258106,0.16861219195849544,0.012385779132183018,4
720575941562134829,0.16861219195849544,0.0006993114995596522,5
720575941530192843,0.16731517509727625,0.011468248057088288,6
720575941663489404,0.16601815823605706,0.004147854488065411,5
720575941623972251,0.16601815823605706,0.01262443945087032,4
720575941470536715,0.16601815823605706,0.0007457172006554526,7
720575941440620123,0.16472114137483787,0.0006981362257345419,4
720575941630936251,0.16472114137483787,0.0007165877613377737,5
720575941527833016,0.16472114137483787,0.0006647090382122708,7
720575941503667109,0.16342412451361868,0.0007554530294676448,7
720575941459883846,0.1621271076523995,0.0007758125952369904,7
720575941551937598,0.16083009079118027,0.0005314453182398362,5
720575941399264291,0.16083009079118027,0.0007098443770943402,4
720575941438951515,0.15953307392996108,0.0006851878726812284,5
720575941489677001,0.15953307392996108,0.0006831712022392594,7
720575941570304926,0.15953307392996108,0.0006831712022392594,7
720575941644491640,0.15953307392996108,0.0006645371325364502,6
720575941447779092,0.1582360570687419,0.0010050385550251408,4
720575941562066856,0.1582360570687419,0.00838060534942481,4
720575941449942877,0.1569390402075227,0.0004810817369377756,4
720575941687834331,0.1569390402075227,0.0006112803858160415,6
720575941431072137,0.1569390402075227,0.0006112803858160415,6
720575941472050218,0.1556420233463035,0.0006401120817444912,6
720575941551632794,0.1556420233463035,0.00039117960335109203,7
720575941512808780,0.1543450064850843,0.0009720675709786427,5
720575941485422221,0.1543450064850843,0.03697239105908942,4
720575941429422295,0.1517509727626459,0.0007568066642596211,4
720575941489089255,0.1517509727626459,0.03794404320440771,4
720575941504424517,0.1504539559014267,0.000608066968843421,6
720575941505493026,0.14785992217898833,0.0004480240424061838,3
720575941655827480,0.14656290531776914,0.00045724163088041306,4
720575941655477716,0.14656290531776914,0.0005395971990635114,4
720575941576933109,0.14656290531776914,0.00047506911616724965,5
720575941583637214,0.14526588845654992,0.0004388246771766801,4
720575941590898027,0.14396887159533073,0.0003282477767170823,4
720575941494733767,0.14267185473411154,0.00045210355995049426,5
720575941571524872,0.14267185473411154,0.01669850043306419,4
720575941571514619,0.14267185473411154,0.0002800929883397116,6
720575941670676135,0.14267185473411154,0.006962430069638486,3
720575941574184699,0.14137483787289234,0.0007931523429405599,4
720575941441993167,0.14007782101167315,0.0056831483499286874,3
720575941528729784,0.13878080415045396,0.02070700670359889,6
720575941537594573,0.13748378728923474,0.0006128539246506007,6
720575941623347099,0.13748378728923474,0.0015999472011038985,2
720575941414464660,0.13748378728923474,0.0015999472011038985,2
720575941491338441,0.13748378728923474,0.00025882178702348036,4
720575941513033219,0.13748378728923474,0.0038488260991963613,4
720575941485378626,0.13618677042801555,0.009419335183955959,3
720575941581683039,0.13618677042801555,0.00015660077827456365,4
720575941604946797,0.13618677042801555,0.0004025108455994582,4
720575941537719165,0.13618677042801555,0.00015660077827456365,4
720575941617069695,0.13618677042801555,0.002977357498721339,3
720575941460384723,0.13488975356679636,0.0003700254569969809,4
720575941669827505,0.13488975356679636,0.00010960848300755917,5
720575941432778638,0.13488975356679636,0.00027784408729956067,3
720575941613367260,0.13488975356679636,0.003495102134550794,4
720575941551357723,0.13359273670557717,0.00033508563408594195,3
720575941430842209,0.13359273670557717,0.008713807727639687,3
720575941498948425,0.13359273670557717,0.0002125023005195241,3
720575941587528772,0.13359273670557717,0.00018200061924655823,3
720575941652038421,0.13229571984435798,0.010394094382471736,2
720575941486968326,0.13229571984435798,0.0002718992610083459,2
720575941547178164,0.13229571984435798,0.00032832788115737233,4
720575941414508948,0.13229571984435798,0.00032832788115737233,4
720575941533786906,0.1309987029831388,0.0001928247120622325,3
720575941531319427,0.12970168612191957,0.0003492633947078923,4
720575941390660502,0.12970168612191957,0.0003680408501981607,3
720575941484346621,0.12840466926070038,0.0036627073704956674,4
720575941535943178,0.12840466926070038,0.0036627073704956674,4
720575941409016235,0.12840466926070038,0.00014456013964633747,2
720575941411210667,0.12710765239948119,0.00012532000020987506,4
720575941720467514,0.12710765239948119,0.00027914735607773743,3
720575941537687757,0.125810635538262,0.00036951267008183036,4
720575941445311658,0.125810635538262,0.00014660332961911827,2
720575941498696354,0.125810635538262,0.030496780308983076,3
720575941604989293,0.1245136186770428,0.00020172818606407008,3
720575941560090862,0.1245136186770428,0.000261600123856182,2
720575941493701246,0.1245136186770428,0.0006274356117397025,2
720575941539054541,0.1232166018158236,0.00016958743533491874,4
720575941549283839,0.12062256809338522,0.0019440614110572242,3
720575941501903154,0.12062256809338522,0.00021977432804826807,3
720575941459312966,0.11932555123216601,0.0020920224059374076,2
720575941501842626,0.11932555123216601,0.0002884237386007044,2
720575941518406766,0.11802853437094682,0.02276323286145148,3
720575941609422822,0.11802853437094682,0.00017569932488702584,3
720575941518410094,0.11802853437094682,0.0026916240176618933,3
720575941410007663,0.11673151750972763,0.009851908984315323,2
720575941651847189,0.11673151750972763,0.0001698146666085181,3
720575941562594194,0.11543450064850842,0.0017315968145301926,4
720575941521986227,0.11543450064850842,0.008155058703842342,3
720575941631436780,0.11543450064850842,0.0017315968145301926,4
720575941560410739,0.11413748378728923,0.0002335315439433412,3
720575941610056166,0.11413748378728923,0.0051454808944007766,4
720575941474437681,0.11413748378728923,0.002359098468313891,3
720575941532476248,0.11284046692607004,0.002915966624246258,4
720575941539218301,0.11284046692607004,0.0001412172069514892,3
720575941572815247,0.11154345006485084,7.231579441387899e-05,3
720575941499544715,0.11154345006485084,0.0029367828345587634,4
720575941543813125,0.11024643320363164,0.00016685976497805304,2
720575941684748271,0.11024643320363164,0.001159908965350285,2
720575941639303285,0.11024643320363164,2.365567310573878e-05,2
720575941524021860,0.11024643320363164,2.365567310573878e-05,2
720575941521236915,0.10894941634241245,0.00012469771516079585,2
720575941573188278,0.10894941634241245,0.002441437526873665,3
720575941429466839,0.10894941634241245,6.101849292403944e-05,2
720575941437603669,0.10765239948119325,0.00012633091692419197,5
720575941628377314,0.10765239948119325,0.00012633091692419197,5
720575941501026283,0.10765239948119325,0.00012076760020179079,5
720575941530861699,0.10765239948119325,0.00012633091692419197,5
720575941505610263,0.10765239948119325,0.007513850299811265,2
720575941614919893,0.10765239948119325,0.00012633091692419197,5
720575941485135426,0.10765239948119325,0.00012633091692419197,5
720575941621586172,0.10765239948119325,0.00012633091692419197,5
720575941576934645,0.10765239948119325,0.00012076760020179079,5
720575941624764268,0.10765239948119325,0.00012076760020179079,5
720575941446990261,0.10765239948119325,0.00012076760020179079,5
720575941685707788,0.10765239948119325,0.00012633091692419197,4
720575941563872359,0.10765239948119325,0.00012076760020179079,5
720575941535419418,0.10765239948119325,0.00012633091692419197,4
720575941472090922,0.10635538261997406,0.00011654467719384442,4
720575941571904669,0.10635538261997406,0.0001731781596658469,2
720575941489038311,0.10635538261997406,0.0001731781596658469,2
720575941600259369,0.10635538261997406,0.0001731781596658469,2
720575941553418724,0.10635538261997406,0.00011654467719384442,4
720575941459912262,0.10505836575875487,0.008146820193510531,2
720575941460571588,0.10505836575875487,0.0008741331686495863,3
720575941723242042,0.10505836575875487,0.003296476671502793,4
720575941521069751,0.10505836575875487,0.003296476671502793,4
720575941457073478,0.10505836575875487,0.002750305135697819,2
720575941490220750,0.10505836575875487,2.838856145835005e-05,3
720575941593615211,0.10376134889753566,0.005258872808798173,4
720575941525224614,0.10246433203631647,0.00010082833863027344,3
720575941474447134,0.10246433203631647,0.00011399160123771231,4
720575941468683997,0.10246433203631647,0.00011399160123771231,4
720575941461240019,0.10246433203631647,0.00011399160123771231,3
720575941553338778,0.10116731517509728,0.01486639432801693,4
720575941438729919,0.10116731517509728,2.6916042801045532e-05,4
720575941532507480,0.10116731517509728,2.6916042801045532e-05,4
720575941605602669,0.10116731517509728,2.6916042801045532e-05,4
720575941507787024,0.10116731517509728,0.008389473643245594,4
720575941586363716,0.10116731517509728,4.705153154293887e-05,2
720575941585289950,0.10116731517509728,0.00010151971298125361,2
720575941525142182,0.09987029831387807,2.377341795374531e-05,3
720575941447591246,0.09987029831387807,6.453707727244656e-05,3
720575941571515131,0.09987029831387807,6.453707727244656e-05,4
720575941700592858,0.09987029831387807,2.377341795374531e-05,3
720575941567639922,0.09857328145265888,0.00034366872488869626,2
720575941438935131,0.09857328145265888,0.00034366872488869626,2
720575941438748351,0.09857328145265888,0.00034366872488869626,2
720575941447025845,0.09857328145265888,0.00034366872488869626,2
720575941428428681,0.09857328145265888,4.170190989336796e-05,2
720575941570817352,0.09857328145265888,0.00034366872488869626,2
720575941667164081,0.09857328145265888,0.00034366872488869626,2
720575941657510992,0.09857328145265888,0.00034366872488869626,2
720575941684990447,0.09857328145265888,0.00034366872488869626,2
720575941533831194,0.09857328145265888,0.00034366872488869626,2
720575941687911663,0.09857328145265888,0.00034366872488869626,2
720575941626975782,0.09857328145265888,0.00034366872488869626,2
720575941469045824,0.09857328145265888,0.00034366872488869626,2
720575941630302405,0.09857328145265888,0.00034366872488869626,2
720575941428412809,0.09857328145265888,0.00034366872488869626,2
720575941592094422,0.09857328145265888,0.00034366872488869626,2
720575941573255581,0.09857328145265888,0.00034366872488869626,2
720575941474337310,0.09857328145265888,0.00034366872488869626,2
720575941405813295,0.09857328145265888,9.681427141469854e-05,2
720575941608991050,0.09857328145265888,0.00034366872488869626,2
720575941433406752,0.09857328145265888,0.00034366872488869626,2
720575941596078961,0.09857328145265888,0.00034366872488869626,2
720575941530853507,0.09857328145265888,0.00034366872488869626,2
720575941654367444,0.09727626459143969,9.095473272023282e-05,4
720575941642447973,0.09727626459143969,0.0013807620509388011,2
720575941536708323,0.09727626459143969,0.00012665607317584947,2
720575941546335676,0.09597924773022048,0.0015991169600066638,3
720575941430389006,0.09597924773022048,0.0013889310815535668,2
720575941482478778,0.09597924773022048,9.597510252822186e-05,3
720575941552643390,0.09597924773022048,0.0013889310815535668,2
720575941505889409,0.09597924773022048,1.88457156827487e-05,3
720575941588095300,0.09597924773022048,0.0015991169600066638,3
720575941543647420,0.09597924773022048,0.0015991169600066638,3
720575941729980203,0.09597924773022048,7.34439128142815e-05,4
720575941566788602,0.09597924773022048,0.0013889310815535668,2
720575941625170314,0.09597924773022048,9.597510252822186e-05,3
720575941552793939,0.09597924773022048,1.88457156827487e-05,3
720575941447294045,0.09597924773022048,1.88457156827487e-05,3
720575941492350590,0.09597924773022048,0.0008954593688691355,3
720575941581648479,0.09597924773022048,0.0015991169600066638,3
720575941456667373,0.09597924773022048,0.0015991169600066638,3
720575941611080010,0.09597924773022048,0.0013889310815535668,2
720575941576941045,0.09597924773022048,0.0013889310815535668,2
720575941575691624,0.09597924773022048,0.0013889310815535668,2
720575941528944568,0.09597924773022048,0.0013889310815535668,2
720575941729950507,0.09597924773022048,7.34439128142815e-05,4
720575941536371442,0.09597924773022048,0.0013889310815535668,2
720575941688644470,0.0946822308690013,0.0012160334620958772,2
720575941556222628,0.0946822308690013,0.0009680979608243509,3
720575941477884802,0.0946822308690013,0.001735867967511459,2
720575941487942608,0.0946822308690013,0.0009680979608243509,3
720575941487910608,0.0946822308690013,0.0009680979608243509,3
720575941564034614,0.0946822308690013,0.0009680979608243509,3
720575941533234954,0.0946822308690013,8.202067131385866e-05,2
720575941575696217,0.0946822308690013,8.268464795308769e-05,3
720575941472042282,0.0946822308690013,0.00015753772157496267,2
720575941515936505,0.0933852140077821,2.0307819647741424e-05,2
720575941578793809,0.0933852140077821,1.5741169879289127e-05,2
720575941603749817,0.0933852140077821,0.0012923284483581671,2
720575941643002962,0.0933852140077821,2.0307819647741424e-05,2
720575941536368370,0.0920881971465629,0.0006604069447381862,2
720575941574155003,0.0920881971465629,2.6300521754130547e-05,2
720575941626286474,0.0907911802853437,2.2875323171922193e-05,2
720575941350409264,0.0907911802853437,0.006988615324705995,2
720575941456678893,0.0907911802853437,0.004037384473209392,2
720575941456206495,0.0907911802853437,2.2875323171922193e-05,2
720575941513791820,0.0907911802853437,0.0020174436617008177,2
720575941537796989,0.0907911802853437,0.00294460408817362,4
720575941505887361,0.08949416342412451,1.3437883547056177e-05,3
720575941505725790,0.08949416342412451,0.00339745525057716,4
720575941481036797,0.08819714656290531,1.6923842035259512e-05,2
720575941474571572,0.08819714656290531,0.0,1
720575941526668109,0.08819714656290531,0.0,1
720575941449065565,0.08819714656290531,0.0,1
720575941515693315,0.08819714656290531,0.0,1
720575941474704948,0.08819714656290531,0.0,1
720575941512899427,0.08690012970168612,2.6951163013445404e-06,2
720575941468725259,0.08690012970168612,9.181317827421835e-06,3
720575941542469212,0.08690012970168612,0.0008165503609187982,2
720575941514046355,0.08560311284046693,0.0002250879244658642,2
720575941667146417,0.08560311284046693,0.0002250879244658642,2
720575941551443610,0.08560311284046693,0.0002250879244658642,2
720575941488732876,0.08560311284046693,0.0002250879244658642,2
720575941533819162,0.08560311284046693,0.0002250879244658642,2
720575941613403100,0.08560311284046693,0.0002250879244658642,2
720575941503638578,0.08560311284046693,0.005168548825411215,2
720575941583296902,0.08560311284046693,0.0002250879244658642,2
720575941546727713,0.08560311284046693,0.0002250879244658642,2
720575941498803874,0.08560311284046693,0.005168548825411215,2
720575941539741788,0.08560311284046693,0.0002250879244658642,2
720575941636535413,0.08560311284046693,0.0002250879244658642,2
720575941496227041,0.08560311284046693,0.0002250879244658642,2
720575941474413873,0.08560311284046693,0.0002250879244658642,2
720575941495662971,0.08560311284046693,0.0002250879244658642,2
720575941564553223,0.08560311284046693,0.0002250879244658642,2
720575941651851797,0.08560311284046693,0.0002250879244658642,2
720575941488015312,0.08560311284046693,0.005168548825411215,2
720575941601266678,0.08430609597924772,7.011281848467721e-06,2
720575941520064435,0.08300907911802853,0.003333792678492629,2
720575941619873663,0.08300907911802853,0.004571670678591706,2
720575941641473874,0.08300907911802853,0.003333792678492629,2
720575941554554266,0.08041504539559013,1.5210571068007053e-05,2
720575941555504723,0.08041504539559013,0.004455518428339678,2
720575941489388236,0.08041504539559013,1.5210571068007053e-05,2
720575941516842094,0.08041504539559013,0.004455518428339678,2
720575941470474763,0.08041504539559013,0.0024096775332530873,3
720575941457979039,0.08041504539559013,0.004455518428339678,2
720575941491903152,0.08041504539559013,3.6390948154583664e-05,2
720575941513177337,0.07911802853437094,3.242884965591119e-06,2
720575941512798929,0.07911802853437094,0.0,1
720575941560635816,0.07911802853437094,0.0,1
720575941564059399,0.07911802853437094,0.0008504136362302956,2
720575941501786930,0.07782101167315175,0.010942514289793598,2
720575941570676552,0.07782101167315175,0.0020312898672700673,3
720575941566918388,0.07782101167315175,0.0020483579730110673,3
720575941549290495,0.07652399481193255,0.0,1
720575941428965368,0.07652399481193255,0.0,1
720575941689109878,0.07652399481193255,0.0,1
720575941649244437,0.07652399481193255,0.014607012056959008,3
720575941411758740,0.07652399481193255,0.0,1
720575941583208582,0.07652399481193255,0.0,1
720575941549386239,0.07522697795071336,0.0,1
720575941471203447,0.07522697795071336,0.0,1
720575941470077047,0.07522697795071336,0.0002523930287895343,2
720575941474786625,0.07522697795071336,0.0,1
720575941393490326,0.07522697795071336,0.0,1
720575941608861929,0.07522697795071336,0.0,1
720575941412323473,0.07522697795071336,0.0,1
720575941632698555,0.07522697795071336,0.0,1
720575941488675276,0.07522697795071336,0.0,1
720575941557612915,0.07522697795071336,0.0,1
720575941399309603,0.07522697795071336,0.0,1
720575941496146657,0.07522697795071336,0.0,1
720575941691313115,0.07522697795071336,0.0,1
720575941630622624,0.07522697795071336,0.0002523930287895343,2
720575941494052992,0.07522697795071336,0.0,1
720575941569471390,0.07522697795071336,0.0,1
720575941404724848,0.07522697795071336,0.0,1
720575941490804656,0.07522697795071336,0.0,1
720575941569376250,0.07522697795071336,0.0011703003215104753,2
720575941457431280,0.07522697795071336,0.0020814958741243858,2
720575941499761058,0.07522697795071336,0.0,1
720575941586381892,0.07522697795071336,0.0,1
720575941518334643,0.07522697795071336,0.0,1
720575941519973303,0.07522697795071336,0.0,1
720575941479098819,0.07522697795071336,0.0,1
720575941576368744,0.07522697795071336,0.0,1
720575941656239440,0.07522697795071336,0.0,1
720575941583511518,0.07522697795071336,0.0,1
720575941650775313,0.07522697795071336,0.0,1
720575941574248187,0.07522697795071336,0.0,1
720575941659675704,0.07522697795071336,0.0,1
720575941513242202,0.07522697795071336,0.0,1
720575941452164915,0.07522697795071336,0.0,1
720575941459562640,0.07522697795071336,0.0,1
720575941512987129,0.07522697795071336,0.002169345468849973,3
720575941528712376,0.07522697795071336,0.0,1
720575941533738986,0.07522697795071336,0.000569582280742166,2
720575941508542674,0.07522697795071336,0.0,1
720575941533802266,0.07522697795071336,0.0,1
720575941447786574,0.07522697795071336,0.0,1
720575941438382380,0.07522697795071336,0.0,1
720575941514097043,0.07522697795071336,0.0,1
720575941457930655,0.07392996108949416,0.0003821971227883465,2
720575941464768790,0.07392996108949416,0.00039098892282530195,2
720575941439063503,0.07392996108949416,0.00039098892282530195,2
720575941496949410,0.07392996108949416,0.0003821971227883465,2
720575941522089463,0.07392996108949416,0.002110786712457997,3
720575941514103107,0.07392996108949416,0.003674647942005267,2
720575941588018942,0.07392996108949416,0.00039098892282530195,2
720575941568855540,0.07392996108949416,0.0003821971227883465,2
720575941508354770,0.07392996108949416,0.0003821971227883465,2
720575941498287522,0.07392996108949416,0.003674647942005267,2
720575941610536924,0.07392996108949416,0.0003821971227883465,2
720575941663099516,0.07263294422827496,0.0008859866968667885,2
720575941550971783,0.07263294422827496,0.0006875403198302474,2
720575941496878498,0.07263294422827496,0.0008859866968667885,2
720575941559310125,0.07133592736705577,0.00026783286666045474,2
720575941477573344,0.07133592736705577,0.00026783286666045474,2
720575941612027238,0.07133592736705577,0.00026783286666045474,2
720575941543315205,0.07003891050583658,0.006556775768762567,2
720575941526718564,0.07003891050583658,0.0007190622611146103,2
720575941431099567,0.06874189364461737,0.010460657531318836,2
720575941474806068,0.06744487678339818,0.0007157632224906554,2
720575941516616664,0.06744487678339818,0.0005248763858465779,2
720575941436391698,0.06744487678339818,0.0003686239163356809,2
720575941436996882,0.06744487678339818,0.0003686239163356809,2
720575941467252189,0.06614785992217899,0.0007543051680884509,2
720575941583601886,0.06485084306095978,0.0038838933547948027,3
720575941457802480,0.06485084306095978,0.0010294653761598258,2
720575941625963419,0.06485084306095978,0.0010294653761598258,2
720575941489006823,0.0622568093385214,0.0023055210275049714,2
720575941535047690,0.0622568093385214,0.0023055210275049714,2
720575941400818723,0.059662775616083005,0.00010757705510278918,2
720575941496222945,0.059662775616083005,0.00010757705510278918,2
720575941499447691,0.059662775616083005,0.0004542868690818919,2
720575941680033213,0.059662775616083005,0.00010757705510278918,2
720575941604997997,0.059662775616083005,0.00010757705510278918,2
720575941523100491,0.059662775616083005,0.0004542868690818919,2
720575941523112439,0.059662775616083005,0.00010757705510278918,2
720575941533221825,0.059662775616083005,0.00010757705510278918,2
720575941564530327,0.058365758754863814,0.0013903021112698364,2
720575941532246762,0.058365758754863814,0.0132474643313566,2
720575941583588830,0.058365758754863814,0.0015522526225235473,2
720575941401776931,0.057068741893644616,0.0011531335358069578,2
720575941542432092,0.054474708171206226,0.004496746592879769,2
720575941532432618,0.05317769130998703,0.00048427002827056674,2
720575941571499515,0.05188067444876783,0.0003888833046301402,2
720575941439017423,0.05188067444876783,0.0003888833046301402,2
720575941546491681,0.05188067444876783,0.0003888833046301402,2
720575941636281205,0.05188067444876783,0.0003888833046301402,2
720575941514065043,0.05188067444876783,0.0003888833046301402,2
720575941659696184,0.05188067444876783,0.0003888833046301402,2
720575941592149718,0.05188067444876783,0.0003888833046301402,2
720575941614850517,0.05058365758754864,0.0007647072901296796,2
720575941565168942,0.05058365758754864,0.0007647072901296796,2
720575941464073558,0.05058365758754864,0.0007647072901296796,2
720575941536294293,0.05058365758754864,0.0007647072901296796,2
720575941517764824,0.05058365758754864,0.0007647072901296796,2
720575941457153094,0.05058365758754864,0.0007647072901296796,2
720575941520331511,0.05058365758754864,0.0007647072901296796,2
720575941623439754,0.04669260700389105,0.0007684210082225978,2
720575941562021376,0.04539559014267185,0.001017652246206669,2
720575941473850720,0.042801556420233464,0.0002225568415484105,2
720575941438938175,0.042801556420233464,0.0002225568415484105,2
720575941668725169,0.042801556420233464,0.0002225568415484105,2
