interneuron_id,out_degree,degree_centrality,betweenness_centrality,n_mn_targets
720575941564147346,600,0.019171779141104295,0.0,25
720575941669049587,553,0.01763803680981595,0.0,23
720575941402032240,466,0.014570552147239265,0.0,19
720575941515619939,349,0.013803680981595092,0.0,18
720575941594160421,514,0.013036809815950921,0.0,17
720575941518434227,351,0.013036809815950921,0.0,17
720575941554049307,384,0.013036809815950921,0.0,17
720575941407795118,411,0.013036809815950921,0.0,17
720575941524114276,473,0.012269938650306749,0.0,16
720575941703124698,305,0.012269938650306749,0.0,16
720575941612696934,213,0.012269938650306749,0.0,16
720575941516099500,355,0.011503067484662576,0.0,15
720575941484663558,245,0.011503067484662576,0.0,15
720575941637958687,398,0.010736196319018405,0.0,14
720575941581685113,202,0.009969325153374233,0.0,13
720575941511393233,446,0.009969325153374233,0.0,13
720575941460235152,426,0.009969325153374233,0.0,13
720575941477897346,325,0.009969325153374233,0.0,13
720575941561308818,401,0.009202453987730062,0.0,12
720575941551389979,259,0.009202453987730062,0.0,12
720575941512896099,440,0.009202453987730062,0.0,12
720575941618008447,247,0.009202453987730062,0.0,12
720575941527833016,284,0.00843558282208589,0.0,11
720575941519213016,204,0.00843558282208589,0.0,11
720575941623108298,230,0.00843558282208589,0.0,11
720575941575681718,523,0.007668711656441718,0.0,10
720575941511275986,608,0.007668711656441718,0.0,10
720575941512808780,199,0.007668711656441718,0.0,10
720575941408509867,220,0.007668711656441718,0.0,10
720575941504424517,205,0.007668711656441718,0.0,10
720575941652536593,236,0.007668711656441718,0.0,10
720575941477553376,176,0.007668711656441718,0.0,10
720575941562464866,357,0.006901840490797546,0.0,9
720575941533234954,140,0.006901840490797546,0.0,9
720575941485135426,155,0.006901840490797546,0.0,9
720575941614919893,183,0.006901840490797546,0.0,9
720575941537594573,160,0.006901840490797546,0.0,9
720575941642530504,135,0.006134969325153374,0.0,8
720575941517770412,171,0.006134969325153374,0.0,8
720575941415476252,158,0.006134969325153374,0.0,8
720575941486089538,408,0.006134969325153374,0.0,8
720575941632673516,409,0.006134969325153374,0.0,8
720575941449835898,190,0.006134969325153374,0.0,8
720575941489819081,425,0.006134969325153374,0.0,8
720575941505835137,371,0.006134969325153374,0.0,8
720575941619873663,106,0.006134969325153374,0.0,8
720575941570304926,107,0.006134969325153374,0.0,8
720575941571427323,299,0.006134969325153374,0.0,8
720575941525224614,142,0.006134969325153374,0.0,8
720575941543397737,178,0.005368098159509203,0.0,7
720575941547177076,197,0.005368098159509203,0.0,7
720575941625170314,202,0.005368098159509203,0.0,7
720575941610618982,132,0.005368098159509203,0.0,7
720575941526690841,108,0.005368098159509203,0.0,7
720575941581683039,131,0.005368098159509203,0.0,7
720575941617069695,164,0.005368098159509203,0.0,7
720575941439197269,100,0.005368098159509203,0.0,7
720575941537719165,134,0.005368098159509203,0.0,7
720575941603916222,116,0.005368098159509203,0.0,7
720575941564059399,147,0.004601226993865031,0.0,6
720575941437603669,169,0.004601226993865031,0.0,6
720575941551443610,127,0.004601226993865031,0.0,6
720575941551937598,108,0.004601226993865031,0.0,6
720575941623347099,107,0.004601226993865031,0.0,6
720575941461235088,72,0.004601226993865031,0.0,6
720575941603749817,86,0.004601226993865031,0.0,6
720575941562134829,106,0.004601226993865031,0.0,6
720575941459883846,149,0.004601226993865031,0.0,6
720575941457802480,88,0.004601226993865031,0.0,6
720575941446990261,154,0.004601226993865031,0.0,6
720575941457147206,149,0.004601226993865031,0.0,6
720575941571524872,109,0.004601226993865031,0.0,6
720575941574184699,145,0.004601226993865031,0.0,6
720575941576934645,127,0.004601226993865031,0.0,6
720575941535943178,171,0.004601226993865031,0.0,6
720575941624764268,134,0.004601226993865031,0.0,6
720575941525142182,127,0.004601226993865031,0.0,6
720575941512987129,114,0.004601226993865031,0.0,6
720575941401776931,125,0.004601226993865031,0.0,6
720575941504456386,155,0.004601226993865031,0.0,6
720575941668725169,93,0.004601226993865031,0.0,6
720575941505887361,122,0.004601226993865031,0.0,6
720575941503667109,83,0.004601226993865031,0.0,6
720575941671138727,295,0.004601226993865031,0.0,6
720575941505889409,126,0.004601226993865031,0.0,6
720575941528729784,178,0.004601226993865031,0.0,6
720575941501026283,139,0.004601226993865031,0.0,6
720575941530192843,130,0.004601226993865031,0.0,6
720575941530861699,171,0.004601226993865031,0.0,6
720575941409016235,73,0.004601226993865031,0.0,6
720575941729958699,383,0.004601226993865031,0.0,6
720575941481036797,115,0.004601226993865031,0.0,6
720575941563872359,130,0.003834355828220859,0.0,5
720575941489388236,85,0.003834355828220859,0.0,5
720575941535419418,118,0.003834355828220859,0.0,5
720575941563314486,70,0.003834355828220859,0.0,5
720575941507787024,128,0.003834355828220859,0.0,5
720575941489006823,81,0.003834355828220859,0.0,5
720575941564553223,98,0.003834355828220859,0.0,5
720575941505493026,94,0.003834355828220859,0.0,5
720575941489677001,186,0.003834355828220859,0.0,5
720575941457431280,107,0.003834355828220859,0.0,5
720575941568855540,117,0.003834355828220859,0.0,5
720575941505725790,118,0.003834355828220859,0.0,5
720575941504538162,67,0.003834355828220859,0.0,5
720575941456348575,104,0.003834355828220859,0.0,5
720575941571514619,118,0.003834355828220859,0.0,5
720575941571515131,119,0.003834355828220859,0.0,5
720575941573188278,157,0.003834355828220859,0.0,5
720575941496878498,81,0.003834355828220859,0.0,5
720575941494052992,62,0.003834355828220859,0.0,5
720575941496142921,69,0.003834355828220859,0.0,5
720575941560427379,83,0.003834355828220859,0.0,5
720575941485422221,104,0.003834355828220859,0.0,5
720575941560090862,91,0.003834355828220859,0.0,5
720575941513033219,290,0.003834355828220859,0.0,5
720575941533798938,58,0.003834355828220859,0.0,5
720575941533786906,83,0.003834355828220859,0.0,5
720575941475609194,59,0.003834355828220859,0.0,5
720575941532507480,150,0.003834355828220859,0.0,5
720575941474830644,88,0.003834355828220859,0.0,5
720575941527126712,76,0.003834355828220859,0.0,5
720575941539218301,69,0.003834355828220859,0.0,5
720575941474447134,196,0.003834355828220859,0.0,5
720575941523100491,69,0.003834355828220859,0.0,5
720575941543647420,193,0.003834355828220859,0.0,5
720575941522089463,86,0.003834355828220859,0.0,5
720575941546335676,229,0.003834355828220859,0.0,5
720575941546687009,63,0.003834355828220859,0.0,5
720575941472090922,72,0.003834355828220859,0.0,5
720575941550948231,130,0.003834355828220859,0.0,5
720575941521069751,119,0.003834355828220859,0.0,5
720575941482478778,156,0.003834355828220859,0.0,5
720575941550971783,78,0.003834355828220859,0.0,5
720575941518410094,127,0.003834355828220859,0.0,5
720575941484346621,180,0.003834355828220859,0.0,5
720575941470536715,115,0.003834355828220859,0.0,5
720575941470474763,94,0.003834355828220859,0.0,5
720575941551598746,190,0.003834355828220859,0.0,5
720575941551632794,79,0.003834355828220859,0.0,5
720575941485378626,78,0.003834355828220859,0.0,5
720575941468725259,78,0.003834355828220859,0.0,5
720575941468683997,133,0.003834355828220859,0.0,5
720575941552793939,118,0.003834355828220859,0.0,5
720575941350393904,58,0.003834355828220859,0.0,5
720575941583588830,85,0.003834355828220859,0.0,5
720575941729980203,103,0.003834355828220859,0.0,5
720575941636281205,86,0.003834355828220859,0.0,5
720575941412445332,72,0.003834355828220859,0.0,5
720575941655827480,98,0.003834355828220859,0.0,5
720575941655477716,103,0.003834355828220859,0.0,5
720575941621586172,123,0.003834355828220859,0.0,5
720575941623126474,81,0.003834355828220859,0.0,5
720575941592094422,99,0.003834355828220859,0.0,5
720575941593615211,138,0.003834355828220859,0.0,5
720575941605602669,142,0.003834355828220859,0.0,5
720575941445311658,84,0.003834355828220859,0.0,5
720575941606544493,77,0.003834355828220859,0.0,5
720575941649244437,79,0.003834355828220859,0.0,5
720575941644138401,68,0.003834355828220859,0.0,5
720575941642372040,150,0.003834355828220859,0.0,5
720575941626235530,72,0.003834355828220859,0.0,5
720575941630936251,113,0.003834355828220859,0.0,5
720575941601266678,89,0.003834355828220859,0.0,5
720575941628377314,181,0.003834355828220859,0.0,5
720575941583637214,67,0.003834355828220859,0.0,5
720575941654367444,125,0.003834355828220859,0.0,5
720575941612611993,94,0.003834355828220859,0.0,5
720575941729950507,122,0.003834355828220859,0.0,5
720575941610056166,165,0.003834355828220859,0.0,5
720575941685707788,148,0.003834355828220859,0.0,5
720575941700592858,124,0.003834355828220859,0.0,5
720575941688644470,66,0.003834355828220859,0.0,5
720575941438729919,175,0.003834355828220859,0.0,5
720575941438951515,99,0.003834355828220859,0.0,5
720575941533221825,74,0.003067484662576687,0.0,4
720575941612053094,67,0.003067484662576687,0.0,4
720575941533258689,57,0.003067484662576687,0.0,4
720575941612027238,153,0.003067484662576687,0.0,4
720575941542469212,57,0.003067484662576687,0.0,4
720575941625095067,69,0.003067484662576687,0.0,4
720575941532476248,212,0.003067484662576687,0.0,4
720575941429532119,58,0.003067484662576687,0.0,4
720575941429439959,55,0.003067484662576687,0.0,4
720575941611056714,46,0.003067484662576687,0.0,4
720575941530853507,63,0.003067484662576687,0.0,4
720575941549283839,84,0.003067484662576687,0.0,4
720575941431072137,63,0.003067484662576687,0.0,4
720575941474337310,98,0.003067484662576687,0.0,4
720575941474725684,63,0.003067484662576687,0.0,4
720575941543613033,50,0.003067484662576687,0.0,4
720575941431075503,59,0.003067484662576687,0.0,4
720575941535907521,68,0.003067484662576687,0.0,4
720575941536368370,77,0.003067484662576687,0.0,4
720575941613367260,181,0.003067484662576687,0.0,4
720575941432778638,66,0.003067484662576687,0.0,4
720575941626286474,48,0.003067484662576687,0.0,4
720575941474437681,45,0.003067484662576687,0.0,4
720575941614816725,58,0.003067484662576687,0.0,4
720575941537796989,108,0.003067484662576687,0.0,4
720575941474741819,64,0.003067484662576687,0.0,4
720575941429422295,66,0.003067484662576687,0.0,4
720575941537687757,52,0.003067484662576687,0.0,4
720575941626975782,96,0.003067484662576687,0.0,4
720575941501842626,72,0.003067484662576687,0.0,4
720575941665486067,46,0.003067484662576687,0.0,4
720575941399264291,75,0.003067484662576687,0.0,4
720575941679017405,58,0.003067484662576687,0.0,4
720575941684876527,49,0.003067484662576687,0.0,4
720575941684990447,75,0.003067484662576687,0.0,4
720575941490813872,46,0.003067484662576687,0.0,4
720575941687572492,61,0.003067484662576687,0.0,4
720575941721193018,72,0.003067484662576687,0.0,4
720575941628602594,51,0.003067484662576687,0.0,4
720575941492350590,178,0.003067484662576687,0.0,4
720575941500845035,79,0.003067484662576687,0.0,4
720575941499544715,616,0.003067484662576687,0.0,4
720575941499447691,88,0.003067484662576687,0.0,4
720575941498287522,90,0.003067484662576687,0.0,4
720575941496949410,121,0.003067484662576687,0.0,4
720575941390660502,59,0.003067484662576687,0.0,4
720575941489038311,59,0.003067484662576687,0.0,4
720575941488732876,112,0.003067484662576687,0.0,4
720575941405813295,58,0.003067484662576687,0.0,4
720575941410007663,70,0.003067484662576687,0.0,4
720575941524264985,56,0.003067484662576687,0.0,4
720575941631436780,300,0.003067484662576687,0.0,4
720575941522790475,64,0.003067484662576687,0.0,4
720575941438440236,59,0.003067484662576687,0.0,4
720575941521986227,66,0.003067484662576687,0.0,4
720575941521485643,64,0.003067484662576687,0.0,4
720575941484029446,53,0.003067484662576687,0.0,4
720575941518406766,77,0.003067484662576687,0.0,4
720575941412443540,54,0.003067484662576687,0.0,4
720575941650775313,52,0.003067484662576687,0.0,4
720575941517717420,62,0.003067484662576687,0.0,4
720575941652191961,82,0.003067484662576687,0.0,4
720575941652323289,55,0.003067484662576687,0.0,4
720575941513177337,65,0.003067484662576687,0.0,4
720575941513160697,48,0.003067484662576687,0.0,4
720575941610583260,55,0.003067484662576687,0.0,4
720575941494733767,43,0.003067484662576687,0.0,4
720575941610536924,183,0.003067484662576687,0.0,4
720575941562594194,709,0.003067484662576687,0.0,4
720575941590279208,71,0.003067484662576687,0.0,4
720575941461240019,122,0.003067484662576687,0.0,4
720575941566918388,102,0.003067484662576687,0.0,4
720575941447779092,69,0.003067484662576687,0.0,4
720575941440620123,59,0.003067484662576687,0.0,4
720575941460571588,92,0.003067484662576687,0.0,4
720575941602987510,65,0.003067484662576687,0.0,4
720575941447591246,105,0.003067484662576687,0.0,4
720575941459906630,55,0.003067484662576687,0.0,4
720575941441993167,75,0.003067484662576687,0.0,4
720575941590898027,96,0.003067484662576687,0.0,4
720575941556222628,193,0.003067484662576687,0.0,4
720575941570817352,83,0.003067484662576687,0.0,4
720575941459554960,62,0.003067484662576687,0.0,4
720575941447294045,127,0.003067484662576687,0.0,4
720575941459312966,95,0.003067484662576687,0.0,4
720575941596078961,104,0.003067484662576687,0.0,4
720575941457073478,80,0.003067484662576687,0.0,4
720575941569376250,139,0.003067484662576687,0.0,4
720575941565168942,99,0.003067484662576687,0.0,4
720575941567684340,76,0.003067484662576687,0.0,4
720575941457930655,84,0.003067484662576687,0.0,4
720575941559310125,87,0.003067484662576687,0.0,4
720575941567030516,58,0.003067484662576687,0.0,4
720575941470077047,154,0.003067484662576687,0.0,4
720575941449258106,101,0.003067484662576687,0.0,4
720575941438938175,68,0.003067484662576687,0.0,4
720575941553418724,105,0.003067484662576687,0.0,4
720575941609479526,66,0.003067484662576687,0.0,4
720575941553425235,61,0.003067484662576687,0.0,4
720575941464901398,56,0.003067484662576687,0.0,4
720575941581637215,61,0.003067484662576687,0.0,4
720575941580641913,56,0.003067484662576687,0.0,4
720575941554554266,96,0.003067484662576687,0.0,4
720575941587178295,41,0.0023006134969325155,0.0,3
720575941517764824,59,0.0023006134969325155,0.0,3
720575941581641311,39,0.0023006134969325155,0.0,3
720575941512899427,55,0.0023006134969325155,0.0,3
720575941570772296,60,0.0023006134969325155,0.0,3
720575941583254918,54,0.0023006134969325155,0.0,3
720575941498696354,64,0.0023006134969325155,0.0,3
720575941570676552,48,0.0023006134969325155,0.0,3
720575941723242042,77,0.0023006134969325155,0.0,3
720575941591271308,75,0.0023006134969325155,0.0,3
720575941513220601,39,0.0023006134969325155,0.0,3
720575941591748648,52,0.0023006134969325155,0.0,3
720575941651847189,40,0.0023006134969325155,0.0,3
720575941513791820,80,0.0023006134969325155,0.0,3
720575941516873838,46,0.0023006134969325155,0.0,3
720575941514103107,87,0.0023006134969325155,0.0,3
720575941516784494,36,0.0023006134969325155,0.0,3
720575941581648479,158,0.0023006134969325155,0.0,3
720575941652038421,62,0.0023006134969325155,0.0,3
720575941516768472,50,0.0023006134969325155,0.0,3
720575941651851797,110,0.0023006134969325155,0.0,3
720575941687834331,49,0.0023006134969325155,0.0,3
720575941662449020,47,0.0023006134969325155,0.0,3
720575941579072889,40,0.0023006134969325155,0.0,3
720575941669827505,57,0.0023006134969325155,0.0,3
720575941574704649,100,0.0023006134969325155,0.0,3
720575941505369509,55,0.0023006134969325155,0.0,3
720575941505478690,40,0.0023006134969325155,0.0,3
720575941574155003,38,0.0023006134969325155,0.0,3
720575941573255581,58,0.0023006134969325155,0.0,3
720575941504039618,41,0.0023006134969325155,0.0,3
720575941572107017,40,0.0023006134969325155,0.0,3
720575941572094203,42,0.0023006134969325155,0.0,3
720575941571957661,40,0.0023006134969325155,0.0,3
720575941588095300,176,0.0023006134969325155,0.0,3
720575941668285171,67,0.0023006134969325155,0.0,3
720575941589863735,30,0.0023006134969325155,0.0,3
720575941667143601,57,0.0023006134969325155,0.0,3
720575941575696217,81,0.0023006134969325155,0.0,3
720575941501837506,40,0.0023006134969325155,0.0,3
720575941508354770,137,0.0023006134969325155,0.0,3
720575941663099516,48,0.0023006134969325155,0.0,3
720575941508509569,41,0.0023006134969325155,0.0,3
720575941510611922,42,0.0023006134969325155,0.0,3
720575941587528772,42,0.0023006134969325155,0.0,3
720575941500983019,55,0.0023006134969325155,0.0,3
720575941571499515,89,0.0023006134969325155,0.0,3
720575941590840062,39,0.0023006134969325155,0.0,3
720575941595021681,47,0.0023006134969325155,0.0,3
720575941649244949,44,0.0023006134969325155,0.0,3
720575941554482259,77,0.0023006134969325155,0.0,3
720575941559321971,42,0.0023006134969325155,0.0,3
720575941533866506,41,0.0023006134969325155,0.0,3
720575941534822632,56,0.0023006134969325155,0.0,3
720575941535331338,74,0.0023006134969325155,0.0,3
720575941623399788,50,0.0023006134969325155,0.0,3
720575941558661165,40,0.0023006134969325155,0.0,3
720575941558646061,43,0.0023006134969325155,0.0,3
720575941536648168,58,0.0023006134969325155,0.0,3
720575941557884687,34,0.0023006134969325155,0.0,3
720575941617190527,38,0.0023006134969325155,0.0,3
720575941555575332,68,0.0023006134969325155,0.0,3
720575941614874325,39,0.0023006134969325155,0.0,3
720575941555505188,43,0.0023006134969325155,0.0,3
720575941614850517,55,0.0023006134969325155,0.0,3
720575941566788602,49,0.0023006134969325155,0.0,3
720575941542432092,77,0.0023006134969325155,0.0,3
720575941543315205,81,0.0023006134969325155,0.0,3
720575941553338778,138,0.0023006134969325155,0.0,3
720575941613256211,52,0.0023006134969325155,0.0,3
720575941552643390,71,0.0023006134969325155,0.0,3
720575941608900585,56,0.0023006134969325155,0.0,3
720575941546491681,58,0.0023006134969325155,0.0,3
720575941552351745,43,0.0023006134969325155,0.0,3
720575941549386239,41,0.0023006134969325155,0.0,3
720575941609481062,37,0.0023006134969325155,0.0,3
720575941549478945,50,0.0023006134969325155,0.0,3
720575941549701182,50,0.0023006134969325155,0.0,3
720575941610953446,43,0.0023006134969325155,0.0,3
720575941604997997,97,0.0023006134969325155,0.0,3
720575941533738986,148,0.0023006134969325155,0.0,3
720575941604946797,44,0.0023006134969325155,0.0,3
720575941625932682,63,0.0023006134969325155,0.0,3
720575941644908408,55,0.0023006134969325155,0.0,3
720575941566716206,62,0.0023006134969325155,0.0,3
720575941518866542,46,0.0023006134969325155,0.0,3
720575941565522839,71,0.0023006134969325155,0.0,3
720575941641473874,67,0.0023006134969325155,0.0,3
720575941594213927,48,0.0023006134969325155,0.0,3
720575941610354153,40,0.0023006134969325155,0.0,3
720575941640900453,57,0.0023006134969325155,0.0,3
720575941495662971,95,0.0023006134969325155,0.0,3
720575941564034614,235,0.0023006134969325155,0.0,3
720575941523112439,42,0.0023006134969325155,0.0,3
720575941524021860,34,0.0023006134969325155,0.0,3
720575941601088441,48,0.0023006134969325155,0.0,3
720575941524294169,42,0.0023006134969325155,0.0,3
720575941524369945,58,0.0023006134969325155,0.0,3
720575941630302405,83,0.0023006134969325155,0.0,3
720575941629354476,31,0.0023006134969325155,0.0,3
720575941526355844,49,0.0023006134969325155,0.0,3
720575941526701412,37,0.0023006134969325155,0.0,3
720575941526856614,66,0.0023006134969325155,0.0,3
720575941601153270,48,0.0023006134969325155,0.0,3
720575941562339079,64,0.0023006134969325155,0.0,3
720575941562066856,84,0.0023006134969325155,0.0,3
720575941531319427,31,0.0023006134969325155,0.0,3
720575941532246762,39,0.0023006134969325155,0.0,3
720575941561320493,61,0.0023006134969325155,0.0,3
720575941625963419,59,0.0023006134969325155,0.0,3
720575941583601886,147,0.0023006134969325155,0.0,3
720575941533819162,104,0.0023006134969325155,0.0,3
720575941457140550,35,0.0023006134969325155,0.0,3
720575941488675276,40,0.0023006134969325155,0.0,3
720575941436996882,58,0.0023006134969325155,0.0,3
720575941477884802,74,0.0023006134969325155,0.0,3
720575941439017423,64,0.0023006134969325155,0.0,3
720575941456678893,59,0.0023006134969325155,0.0,3
720575941487910608,167,0.0023006134969325155,0.0,3
720575941478092963,46,0.0023006134969325155,0.0,3
720575941430842209,75,0.0023006134969325155,0.0,3
720575941414464660,42,0.0023006134969325155,0.0,3
720575941474745396,32,0.0023006134969325155,0.0,3
720575941487942608,133,0.0023006134969325155,0.0,3
720575941456667373,109,0.0023006134969325155,0.0,3
720575941481020925,40,0.0023006134969325155,0.0,3
720575941447025845,49,0.0023006134969325155,0.0,3
720575941460885005,49,0.0023006134969325155,0.0,3
720575941411656081,44,0.0023006134969325155,0.0,3
720575941447887636,36,0.0023006134969325155,0.0,3
720575941431099567,128,0.0023006134969325155,0.0,3
720575941456314271,41,0.0023006134969325155,0.0,3
720575941456176799,40,0.0023006134969325155,0.0,3
720575941472050218,40,0.0023006134969325155,0.0,3
720575941436391698,66,0.0023006134969325155,0.0,3
720575941413990172,44,0.0023006134969325155,0.0,3
720575941432002574,49,0.0023006134969325155,0.0,3
720575941474459707,63,0.0023006134969325155,0.0,3
720575941457153094,56,0.0023006134969325155,0.0,3
720575941489089255,36,0.0023006134969325155,0.0,3
720575941464768790,62,0.0023006134969325155,0.0,3
720575941470111863,87,0.0023006134969325155,0.0,3
720575941467252189,54,0.0023006134969325155,0.0,3
720575941407101614,36,0.0023006134969325155,0.0,3
720575941450532174,140,0.0023006134969325155,0.0,3
720575941494021760,34,0.0023006134969325155,0.0,3
720575941477573344,109,0.0023006134969325155,0.0,3
720575941493701246,46,0.0023006134969325155,0.0,3
720575941437158956,56,0.0023006134969325155,0.0,3
720575941457797360,44,0.0023006134969325155,0.0,3
720575941469045824,46,0.0023006134969325155,0.0,3
720575941449942877,44,0.0023006134969325155,0.0,3
720575941549394687,26,0.0015337423312883436,0.0,2
720575941613403100,147,0.0015337423312883436,0.0,2
720575941615272601,31,0.0015337423312883436,0.0,2
720575941472595003,26,0.0015337423312883436,0.0,2
720575941546727713,130,0.0015337423312883436,0.0,2
720575941614889941,39,0.0015337423312883436,0.0,2
720575941547226248,41,0.0015337423312883436,0.0,2
720575941547341684,29,0.0015337423312883436,0.0,2
720575941435993888,25,0.0015337423312883436,0.0,2
720575941547390269,58,0.0015337423312883436,0.0,2
720575941473315643,22,0.0015337423312883436,0.0,2
720575941551384091,36,0.0015337423312883436,0.0,2
720575941549399039,44,0.0015337423312883436,0.0,2
720575941611080010,59,0.0015337423312883436,0.0,2
720575941553430355,23,0.0015337423312883436,0.0,2
720575941438674367,25,0.0015337423312883436,0.0,2
720575941468245879,66,0.0015337423312883436,0.0,2
720575941553313434,36,0.0015337423312883436,0.0,2
720575941438659551,53,0.0015337423312883436,0.0,2
720575941438261845,43,0.0015337423312883436,0.0,2
720575941610587612,153,0.0015337423312883436,0.0,2
720575941468966208,36,0.0015337423312883436,0.0,2
720575941437525589,25,0.0015337423312883436,0.0,2
720575941611260262,22,0.0015337423312883436,0.0,2
720575941549481761,41,0.0015337423312883436,0.0,2
720575941551589274,87,0.0015337423312883436,0.0,2
720575941437157676,40,0.0015337423312883436,0.0,2
720575941551502490,32,0.0015337423312883436,0.0,2
720575941612197734,44,0.0015337423312883436,0.0,2
720575941546436713,21,0.0015337423312883436,0.0,2
720575941551357723,20,0.0015337423312883436,0.0,2
720575941471203447,22,0.0015337423312883436,0.0,2
720575941436828639,29,0.0015337423312883436,0.0,2
720575941436750911,21,0.0015337423312883436,0.0,2
720575941473850720,21,0.0015337423312883436,0.0,2
720575941539054541,24,0.0015337423312883436,0.0,2
720575941616420053,28,0.0015337423312883436,0.0,2
720575941546065032,33,0.0015337423312883436,0.0,2
720575941537600973,41,0.0015337423312883436,0.0,2
720575941430389006,69,0.0015337423312883436,0.0,2
720575941537584882,62,0.0015337423312883436,0.0,2
720575941537501160,27,0.0015337423312883436,0.0,2
720575941430294703,38,0.0015337423312883436,0.0,2
720575941536708323,22,0.0015337423312883436,0.0,2
720575941625387321,56,0.0015337423312883436,0.0,2
720575941536294293,52,0.0015337423312883436,0.0,2
720575941535952577,31,0.0015337423312883436,0.0,2
720575941475749994,27,0.0015337423312883436,0.0,2
720575941430163982,47,0.0015337423312883436,0.0,2
720575941430016905,32,0.0015337423312883436,0.0,2
720575941429556655,30,0.0015337423312883436,0.0,2
720575941535181283,23,0.0015337423312883436,0.0,2
720575941626734630,30,0.0015337423312883436,0.0,2
720575941535047690,44,0.0015337423312883436,0.0,2
720575941429210721,29,0.0015337423312883436,0.0,2
720575941534843073,43,0.0015337423312883436,0.0,2
720575941428412809,71,0.0015337423312883436,0.0,2
720575941534709482,23,0.0015337423312883436,0.0,2
720575941628690982,29,0.0015337423312883436,0.0,2
720575941629131490,35,0.0015337423312883436,0.0,2
720575941533864458,21,0.0015337423312883436,0.0,2
720575941474806068,241,0.0015337423312883436,0.0,2
720575941537925106,33,0.0015337423312883436,0.0,2
720575941623972251,102,0.0015337423312883436,0.0,2
720575941474394673,26,0.0015337423312883436,0.0,2
720575941433406752,60,0.0015337423312883436,0.0,2
720575941545400508,25,0.0015337423312883436,0.0,2
720575941619071871,32,0.0015337423312883436,0.0,2
720575941545286792,36,0.0015337423312883436,0.0,2
720575941544696756,22,0.0015337423312883436,0.0,2
720575941544695732,23,0.0015337423312883436,0.0,2
720575941553506020,44,0.0015337423312883436,0.0,2
720575941544636596,37,0.0015337423312883436,0.0,2
720575941621725180,34,0.0015337423312883436,0.0,2
720575941474347294,35,0.0015337423312883436,0.0,2
720575941474413873,74,0.0015337423312883436,0.0,2
720575941623439754,58,0.0015337423312883436,0.0,2
720575941431311575,27,0.0015337423312883436,0.0,2
720575941474640682,20,0.0015337423312883436,0.0,2
720575941623326572,23,0.0015337423312883436,0.0,2
720575941542282245,23,0.0015337423312883436,0.0,2
720575941542265093,30,0.0015337423312883436,0.0,2
720575941623328108,43,0.0015337423312883436,0.0,2
720575941540690717,42,0.0015337423312883436,0.0,2
720575941539741788,75,0.0015337423312883436,0.0,2
720575941539355517,28,0.0015337423312883436,0.0,2
720575941474711873,29,0.0015337423312883436,0.0,2
720575941553479140,30,0.0015337423312883436,0.0,2
720575941557294095,31,0.0015337423312883436,0.0,2
720575941438710719,21,0.0015337423312883436,0.0,2
720575941574190331,34,0.0015337423312883436,0.0,2
720575941587367991,21,0.0015337423312883436,0.0,2
720575941449245818,24,0.0015337423312883436,0.0,2
720575941452168873,26,0.0015337423312883436,0.0,2
720575941573233403,34,0.0015337423312883436,0.0,2
720575941573204662,40,0.0015337423312883436,0.0,2
720575941573038843,23,0.0015337423312883436,0.0,2
720575941572945039,27,0.0015337423312883436,0.0,2
720575941572815247,32,0.0015337423312883436,0.0,2
720575941588018942,73,0.0015337423312883436,0.0,2
720575941572251144,41,0.0015337423312883436,0.0,2
720575941588652940,22,0.0015337423312883436,0.0,2
720575941589857790,40,0.0015337423312883436,0.0,2
720575941452315443,21,0.0015337423312883436,0.0,2
720575941447822158,29,0.0015337423312883436,0.0,2
720575941453948397,27,0.0015337423312883436,0.0,2
720575941571896477,27,0.0015337423312883436,0.0,2
720575941571690760,31,0.0015337423312883436,0.0,2
720575941454024429,28,0.0015337423312883436,0.0,2
720575941571516936,32,0.0015337423312883436,0.0,2
720575941447786574,24,0.0015337423312883436,0.0,2
720575941456244127,20,0.0015337423312883436,0.0,2
720575941569707422,23,0.0015337423312883436,0.0,2
720575941592149718,66,0.0015337423312883436,0.0,2
720575941451814215,28,0.0015337423312883436,0.0,2
720575941574412943,29,0.0015337423312883436,0.0,2
720575941438723263,49,0.0015337423312883436,0.0,2
720575941449358970,23,0.0015337423312883436,0.0,2
720575941583169158,27,0.0015337423312883436,0.0,2
720575941450101063,26,0.0015337423312883436,0.0,2
720575941450477225,48,0.0015337423312883436,0.0,2
720575941583208582,29,0.0015337423312883436,0.0,2
720575941583296902,103,0.0015337423312883436,0.0,2
720575941579867125,34,0.0015337423312883436,0.0,2
720575941579779961,23,0.0015337423312883436,0.0,2
720575941583511518,20,0.0015337423312883436,0.0,2
720575941579017337,26,0.0015337423312883436,0.0,2
720575941578793809,30,0.0015337423312883436,0.0,2
720575941577669457,45,0.0015337423312883436,0.0,2
720575941577217113,36,0.0015337423312883436,0.0,2
720575941576958197,20,0.0015337423312883436,0.0,2
720575941576941045,29,0.0015337423312883436,0.0,2
720575941450628218,36,0.0015337423312883436,0.0,2
720575941585289950,28,0.0015337423312883436,0.0,2
720575941576368744,36,0.0015337423312883436,0.0,2
720575941575691624,21,0.0015337423312883436,0.0,2
720575941586427972,29,0.0015337423312883436,0.0,2
720575941451662663,44,0.0015337423312883436,0.0,2
720575941575519336,53,0.0015337423312883436,0.0,2
720575941575512424,26,0.0015337423312883436,0.0,2
720575941586441950,22,0.0015337423312883436,0.0,2
720575941569639326,21,0.0015337423312883436,0.0,2
720575941569471390,23,0.0015337423312883436,0.0,2
720575941568726004,42,0.0015337423312883436,0.0,2
720575941567639922,66,0.0015337423312883436,0.0,2
720575941460384723,23,0.0015337423312883436,0.0,2
720575941560632744,22,0.0015337423312883436,0.0,2
720575941461076493,21,0.0015337423312883436,0.0,2
720575941605016941,25,0.0015337423312883436,0.0,2
720575941559947279,30,0.0015337423312883436,0.0,2
720575941559309171,27,0.0015337423312883436,0.0,2
720575941559096302,31,0.0015337423312883436,0.0,2
720575941462590608,23,0.0015337423312883436,0.0,2
720575941608310346,22,0.0015337423312883436,0.0,2
720575941608350794,31,0.0015337423312883436,0.0,2
720575941557882895,45,0.0015337423312883436,0.0,2
720575941557624947,31,0.0015337423312883436,0.0,2
720575941557612915,20,0.0015337423312883436,0.0,2
720575941438935131,67,0.0015337423312883436,0.0,2
720575941608991050,60,0.0015337423312883436,0.0,2
720575941533802266,26,0.0015337423312883436,0.0,2
720575941556251556,29,0.0015337423312883436,0.0,2
720575941464073558,50,0.0015337423312883436,0.0,2
720575941609330605,24,0.0015337423312883436,0.0,2
720575941555504723,156,0.0015337423312883436,0.0,2
720575941609422822,23,0.0015337423312883436,0.0,2
720575941609429350,22,0.0015337423312883436,0.0,2
720575941438748351,100,0.0015337423312883436,0.0,2
720575941439063503,47,0.0015337423312883436,0.0,2
720575941562021376,66,0.0015337423312883436,0.0,2
720575941604953453,24,0.0015337423312883436,0.0,2
720575941564530327,61,0.0015337423312883436,0.0,2
720575941593836933,32,0.0015337423312883436,0.0,2
720575941567123444,22,0.0015337423312883436,0.0,2
720575941566956532,34,0.0015337423312883436,0.0,2
720575941457979039,75,0.0015337423312883436,0.0,2
720575941566753274,27,0.0015337423312883436,0.0,2
720575941442374058,22,0.0015337423312883436,0.0,2
720575941595664165,27,0.0015337423312883436,0.0,2
720575941595768476,22,0.0015337423312883436,0.0,2
720575941595804828,26,0.0015337423312883436,0.0,2
720575941565113095,46,0.0015337423312883436,0.0,2
720575941458635475,25,0.0015337423312883436,0.0,2
720575941602315454,43,0.0015337423312883436,0.0,2
720575941495591291,37,0.0015337423312883436,0.0,2
720575941458656467,39,0.0015337423312883436,0.0,2
720575941600259369,28,0.0015337423312883436,0.0,2
720575941600370985,75,0.0015337423312883436,0.0,2
720575941442347178,24,0.0015337423312883436,0.0,2
720575941563450678,29,0.0015337423312883436,0.0,2
720575941563318070,50,0.0015337423312883436,0.0,2
720575941563316022,24,0.0015337423312883436,0.0,2
720575941459514512,43,0.0015337423312883436,0.0,2
720575941459562128,28,0.0015337423312883436,0.0,2
720575941533831194,56,0.0015337423312883436,0.0,2
720575941581678175,33,0.0015337423312883436,0.0,2
720575941629389804,21,0.0015337423312883436,0.0,2
720575941668742567,26,0.0015337423312883436,0.0,2
720575941663489404,60,0.0015337423312883436,0.0,2
720575941514097043,35,0.0015337423312883436,0.0,2
720575941514065043,60,0.0015337423312883436,0.0,2
720575941513242202,25,0.0015337423312883436,0.0,2
720575941404724848,33,0.0015337423312883436,0.0,2
720575941667146417,83,0.0015337423312883436,0.0,2
720575941667164081,43,0.0015337423312883436,0.0,2
720575941488193481,27,0.0015337423312883436,0.0,2
720575941402059632,24,0.0015337423312883436,0.0,2
720575941512798796,25,0.0015337423312883436,0.0,2
720575941412323473,28,0.0015337423312883436,0.0,2
720575941668869363,39,0.0015337423312883436,0.0,2
720575941488531662,29,0.0015337423312883436,0.0,2
720575941400818723,37,0.0015337423312883436,0.0,2
720575941488755148,25,0.0015337423312883436,0.0,2
720575941508542674,24,0.0015337423312883436,0.0,2
720575941488811468,30,0.0015337423312883436,0.0,2
720575941670445479,45,0.0015337423312883436,0.0,2
720575941670676135,140,0.0015337423312883436,0.0,2
720575941399309603,38,0.0015337423312883436,0.0,2
720575941515062851,23,0.0015337423312883436,0.0,2
720575941662295352,40,0.0015337423312883436,0.0,2
720575941660856956,38,0.0015337423312883436,0.0,2
720575941516616664,290,0.0015337423312883436,0.0,2
720575941411791764,27,0.0015337423312883436,0.0,2
720575941480440262,25,0.0015337423312883436,0.0,2
720575941411210667,25,0.0015337423312883436,0.0,2
720575941481113597,23,0.0015337423312883436,0.0,2
720575941521101495,132,0.0015337423312883436,0.0,2
720575941481588934,29,0.0015337423312883436,0.0,2
720575941520333047,31,0.0015337423312883436,0.0,2
720575941520331511,74,0.0015337423312883436,0.0,2
720575941652652561,41,0.0015337423312883436,0.0,2
720575941409939055,32,0.0015337423312883436,0.0,2
720575941519273944,51,0.0015337423312883436,0.0,2
720575941484048390,47,0.0015337423312883436,0.0,2
720575941656239440,25,0.0015337423312883436,0.0,2
720575941484125702,27,0.0015337423312883436,0.0,2
720575941485138896,31,0.0015337423312883436,0.0,2
720575941657510992,91,0.0015337423312883436,0.0,2
720575941658910032,30,0.0015337423312883436,0.0,2
720575941659696184,56,0.0015337423312883436,0.0,2
720575941485458754,34,0.0015337423312883436,0.0,2
720575941399253283,39,0.0015337423312883436,0.0,2
720575941680033213,65,0.0015337423312883436,0.0,2
720575941507280965,37,0.0015337423312883436,0.0,2
720575941501786930,33,0.0015337423312883436,0.0,2
720575941500898795,36,0.0015337423312883436,0.0,2
720575941700457946,41,0.0015337423312883436,0.0,2
720575941720432186,25,0.0015337423312883436,0.0,2
720575941498935777,33,0.0015337423312883436,0.0,2
720575941498803874,132,0.0015337423312883436,0.0,2
720575941492492670,31,0.0015337423312883436,0.0,2
720575941390684310,27,0.0015337423312883436,0.0,2
720575941497887817,30,0.0015337423312883436,0.0,2
720575941496948297,32,0.0015337423312883436,0.0,2
720575941496915618,53,0.0015337423312883436,0.0,2
720575941496289609,26,0.0015337423312883436,0.0,2
720575941496284489,23,0.0015337423312883436,0.0,2
720575941496227041,42,0.0015337423312883436,0.0,2
720575941496222945,65,0.0015337423312883436,0.0,2
720575941729855787,43,0.0015337423312883436,0.0,2
720575941350409264,26,0.0015337423312883436,0.0,2
720575941495663232,40,0.0015337423312883436,0.0,2
720575941494969726,59,0.0015337423312883436,0.0,2
720575941495592571,26,0.0015337423312883436,0.0,2
720575941492308606,49,0.0015337423312883436,0.0,2
720575941492284286,53,0.0015337423312883436,0.0,2
720575941507228545,83,0.0015337423312883436,0.0,2
720575941491903152,36,0.0015337423312883436,0.0,2
720575941506644540,24,0.0015337423312883436,0.0,2
720575941489320757,29,0.0015337423312883436,0.0,2
720575941490160590,22,0.0015337423312883436,0.0,2
720575941505819009,47,0.0015337423312883436,0.0,2
720575941490220750,27,0.0015337423312883436,0.0,2
720575941394069654,29,0.0015337423312883436,0.0,2
720575941490856880,33,0.0015337423312883436,0.0,2
720575941505105212,24,0.0015337423312883436,0.0,2
720575941504505157,43,0.0015337423312883436,0.0,2
720575941393490326,23,0.0015337423312883436,0.0,2
720575941491289033,29,0.0015337423312883436,0.0,2
720575941687911663,56,0.0015337423312883436,0.0,2
720575941504134981,25,0.0015337423312883436,0.0,2
720575941687929307,30,0.0015337423312883436,0.0,2
720575941503638578,30,0.0015337423312883436,0.0,2
720575941503499755,41,0.0015337423312883436,0.0,2
720575941501903154,33,0.0015337423312883436,0.0,2
720575941501884610,43,0.0015337423312883436,0.0,2
720575941501848626,45,0.0015337423312883436,0.0,2
720575941523692290,53,0.0015337423312883436,0.0,2
720575941514046355,111,0.0015337423312883436,0.0,2
720575941413872924,34,0.0015337423312883436,0.0,2
720575941644491640,26,0.0015337423312883436,0.0,2
720575941645114785,49,0.0015337423312883436,0.0,2
720575941477425770,68,0.0015337423312883436,0.0,2
720575941630301125,23,0.0015337423312883436,0.0,2
720575941533191105,21,0.0015337423312883436,0.0,2
720575941478399055,26,0.0015337423312883436,0.0,2
720575941645100664,21,0.0015337423312883436,0.0,2
720575941533073674,23,0.0015337423312883436,0.0,2
720575941414026524,24,0.0015337423312883436,0.0,2
720575941631436524,54,0.0015337423312883436,0.0,2
720575941630622624,55,0.0015337423312883436,0.0,2
720575941428210424,28,0.0015337423312883436,0.0,2
720575941528944568,52,0.0015337423312883436,0.0,2
720575941527843768,36,0.0015337423312883436,0.0,2
720575941529212619,35,0.0015337423312883436,0.0,2
720575941525445145,37,0.0015337423312883436,0.0,2
720575941532385624,25,0.0015337423312883436,0.0,2
720575941641574994,41,0.0015337423312883436,0.0,2
720575941478488143,35,0.0015337423312883436,0.0,2
720575941532432618,55,0.0015337423312883436,0.0,2
720575941525782349,40,0.0015337423312883436,0.0,2
720575941532423000,22,0.0015337423312883436,0.0,2
720575941632901829,38,0.0015337423312883436,0.0,2
720575941527099981,216,0.0015337423312883436,0.0,2
720575941645261768,28,0.0015337423312883436,0.0,2
720575941479863491,44,0.0015337423312883436,0.0,2
720575941477616864,26,0.0015337423312883436,0.0,2
720575941478544719,41,0.0015337423312883436,0.0,2
720575941477166622,30,0.0015337423312883436,0.0,2
720575941533780762,46,0.0015337423312883436,0.0,2
720575941533768474,41,0.0015337423312883436,0.0,2
720575941533761050,35,0.0015337423312883436,0.0,2
720575941629413356,38,0.0015337423312883436,0.0,2
720575941529746405,27,0.0015337423312883436,0.0,2
720575941629727270,20,0.0015337423312883436,0.0,2
720575941636535413,48,0.0015337423312883436,0.0,2
720575941414303377,28,0.0015337423312883436,0.0,2
720575941478523983,24,0.0015337423312883436,0.0,2
720575941649214997,30,0.0015337423312883436,0.0,2
720575941524196683,61,0.0015337423312883436,0.0,2
720575941630933947,29,0.0015337423312883436,0.0,2
720575941526718564,46,0.0015337423312883436,0.0,2
720575941532349362,21,0.0015337423312883436,0.0,2
720575941479721635,25,0.0015337423312883436,0.0,2
720575941631841477,13,0.0007668711656441718,0.0,1
720575941414508948,10,0.0007668711656441718,0.0,1
720575941591499627,10,0.0007668711656441718,0.0,1
720575941591287692,14,0.0007668711656441718,0.0,1
720575941392743940,19,0.0007668711656441718,0.0,1
720575941686858735,15,0.0007668711656441718,0.0,1
720575941447363677,45,0.0007668711656441718,0.0,1
720575941447279965,11,0.0007668711656441718,0.0,1
720575941632722875,16,0.0007668711656441718,0.0,1
720575941650693905,22,0.0007668711656441718,0.0,1
720575941686473996,10,0.0007668711656441718,0.0,1
720575941446819348,12,0.0007668711656441718,0.0,1
720575941442379178,31,0.0007668711656441718,0.0,1
720575941442637519,17,0.0007668711656441718,0.0,1
720575941593965957,15,0.0007668711656441718,0.0,1
720575941414326161,23,0.0007668711656441718,0.0,1
720575941445324052,19,0.0007668711656441718,0.0,1
720575941593189489,28,0.0007668711656441718,0.0,1
720575941592919080,12,0.0007668711656441718,0.0,1
720575941592602149,18,0.0007668711656441718,0.0,1
720575941684940271,13,0.0007668711656441718,0.0,1
720575941450080071,21,0.0007668711656441718,0.0,1
720575941684992751,22,0.0007668711656441718,0.0,1
720575941592547879,25,0.0007668711656441718,0.0,1
720575941592154582,11,0.0007668711656441718,0.0,1
720575941393490838,23,0.0007668711656441718,0.0,1
720575941685747212,22,0.0007668711656441718,0.0,1
720575941414456212,26,0.0007668711656441718,0.0,1
720575941686037878,16,0.0007668711656441718,0.0,1
720575941687863515,11,0.0007668711656441718,0.0,1
720575941587602244,12,0.0007668711656441718,0.0,1
720575941447808334,10,0.0007668711656441718,0.0,1
720575941720467514,11,0.0007668711656441718,0.0,1
720575941586427460,11,0.0007668711656441718,0.0,1
720575941586381534,13,0.0007668711656441718,0.0,1
720575941586363716,10,0.0007668711656441718,0.0,1
720575941429324641,24,0.0007668711656441718,0.0,1
720575941584808158,14,0.0007668711656441718,0.0,1
720575941584194270,15,0.0007668711656441718,0.0,1
720575941583646430,41,0.0007668711656441718,0.0,1
720575941628010553,20,0.0007668711656441718,0.0,1
720575941722194234,26,0.0007668711656441718,0.0,1
720575941449617230,10,0.0007668711656441718,0.0,1
720575941723152698,10,0.0007668711656441718,0.0,1
720575941390320644,10,0.0007668711656441718,0.0,1
720575941449638493,14,0.0007668711656441718,0.0,1
720575941449886791,15,0.0007668711656441718,0.0,1
720575941428965368,16,0.0007668711656441718,0.0,1
720575941630111941,11,0.0007668711656441718,0.0,1
720575941628617186,26,0.0007668711656441718,0.0,1
720575941351927600,26,0.0007668711656441718,0.0,1
720575941450008391,13,0.0007668711656441718,0.0,1
720575941720629050,23,0.0007668711656441718,0.0,1
720575941630620576,78,0.0007668711656441718,0.0,1
720575941630959035,26,0.0007668711656441718,0.0,1
720575941703131610,10,0.0007668711656441718,0.0,1
720575941590250536,12,0.0007668711656441718,0.0,1
720575941425134420,10,0.0007668711656441718,0.0,1
720575941688042203,22,0.0007668711656441718,0.0,1
720575941688135064,12,0.0007668711656441718,0.0,1
720575941688187032,32,0.0007668711656441718,0.0,1
720575941625319225,22,0.0007668711656441718,0.0,1
720575941625347722,22,0.0007668711656441718,0.0,1
720575941587989502,24,0.0007668711656441718,0.0,1
720575941630748859,58,0.0007668711656441718,0.0,1
720575941688628342,24,0.0007668711656441718,0.0,1
720575941392667286,13,0.0007668711656441718,0.0,1
720575941689397656,12,0.0007668711656441718,0.0,1
720575941625907769,10,0.0007668711656441718,0.0,1
720575941587362103,16,0.0007668711656441718,0.0,1
720575941691013016,12,0.0007668711656441718,0.0,1
720575941587284535,13,0.0007668711656441718,0.0,1
720575941587190583,10,0.0007668711656441718,0.0,1
720575941392423830,17,0.0007668711656441718,0.0,1
720575941390688150,19,0.0007668711656441718,0.0,1
720575941399188003,12,0.0007668711656441718,0.0,1
720575941431129815,12,0.0007668711656441718,0.0,1
720575941594515158,22,0.0007668711656441718,0.0,1
720575941610493404,14,0.0007668711656441718,0.0,1
720575941655860504,19,0.0007668711656441718,0.0,1
720575941435653164,17,0.0007668711656441718,0.0,1
720575941656252752,41,0.0007668711656441718,0.0,1
720575941644900472,13,0.0007668711656441718,0.0,1
720575941610008138,11,0.0007668711656441718,0.0,1
720575941609520742,19,0.0007668711656441718,0.0,1
720575941657718552,16,0.0007668711656441718,0.0,1
720575941658602520,10,0.0007668711656441718,0.0,1
720575941659675704,15,0.0007668711656441718,0.0,1
720575941609413862,15,0.0007668711656441718,0.0,1
720575941435625516,10,0.0007668711656441718,0.0,1
720575941413914652,15,0.0007668711656441718,0.0,1
720575941609358310,17,0.0007668711656441718,0.0,1
720575941435581740,45,0.0007668711656441718,0.0,1
720575941617646805,15,0.0007668711656441718,0.0,1
720575941661308472,11,0.0007668711656441718,0.0,1
720575941643002962,15,0.0007668711656441718,0.0,1
720575941609001034,23,0.0007668711656441718,0.0,1
720575941405666351,14,0.0007668711656441718,0.0,1
720575941608861929,12,0.0007668711656441718,0.0,1
720575941608817897,19,0.0007668711656441718,0.0,1
720575941408464299,25,0.0007668711656441718,0.0,1
720575941408481195,11,0.0007668711656441718,0.0,1
720575941413920540,23,0.0007668711656441718,0.0,1
720575941654985945,103,0.0007668711656441718,0.0,1
720575941436378898,13,0.0007668711656441718,0.0,1
720575941650798609,12,0.0007668711656441718,0.0,1
720575941413252241,11,0.0007668711656441718,0.0,1
720575941614737877,13,0.0007668711656441718,0.0,1
720575941614802389,17,0.0007668711656441718,0.0,1
720575941612500889,15,0.0007668711656441718,0.0,1
720575941411765140,11,0.0007668711656441718,0.0,1
720575941612326675,14,0.0007668711656441718,0.0,1
720575941411572847,16,0.0007668711656441718,0.0,1
720575941652314841,14,0.0007668711656441718,0.0,1
720575941410025071,34,0.0007668711656441718,0.0,1
720575941413308561,33,0.0007668711656441718,0.0,1
720575941611914669,195,0.0007668711656441718,0.0,1
720575941652640273,21,0.0007668711656441718,0.0,1
720575941611645203,14,0.0007668711656441718,0.0,1
720575941611343337,14,0.0007668711656441718,0.0,1
720575941435780114,33,0.0007668711656441718,0.0,1
720575941435693356,10,0.0007668711656441718,0.0,1
720575941653507801,27,0.0007668711656441718,0.0,1
720575941653565201,33,0.0007668711656441718,0.0,1
720575941437526869,18,0.0007668711656441718,0.0,1
720575941642638792,15,0.0007668711656441718,0.0,1
720575941608410698,20,0.0007668711656441718,0.0,1
720575941623388524,11,0.0007668711656441718,0.0,1
720575941441228735,12,0.0007668711656441718,0.0,1
720575941441318591,17,0.0007668711656441718,0.0,1
720575941601209590,17,0.0007668711656441718,0.0,1
720575941442313898,13,0.0007668711656441718,0.0,1
720575941400703267,10,0.0007668711656441718,0.0,1
720575941641495634,13,0.0007668711656441718,0.0,1
720575941669866161,10,0.0007668711656441718,0.0,1
720575941641490258,29,0.0007668711656441718,0.0,1
720575941670585767,33,0.0007668711656441718,0.0,1
720575941597149376,21,0.0007668711656441718,0.0,1
720575941678358973,14,0.0007668711656441718,0.0,1
720575941442357674,16,0.0007668711656441718,0.0,1
720575941595969984,11,0.0007668711656441718,0.0,1
720575941650696977,24,0.0007668711656441718,0.0,1
720575941641423442,16,0.0007668711656441718,0.0,1
720575941595766428,26,0.0007668711656441718,0.0,1
720575941595757724,14,0.0007668711656441718,0.0,1
720575941680340157,31,0.0007668711656441718,0.0,1
720575941623353755,47,0.0007668711656441718,0.0,1
720575941594870230,70,0.0007668711656441718,0.0,1
720575941684748271,40,0.0007668711656441718,0.0,1
720575941594821334,28,0.0007668711656441718,0.0,1
720575941601298617,11,0.0007668711656441718,0.0,1
720575941440287167,10,0.0007668711656441718,0.0,1
720575941432743054,12,0.0007668711656441718,0.0,1
720575941440213695,17,0.0007668711656441718,0.0,1
720575941608378698,12,0.0007668711656441718,0.0,1
720575941428238840,11,0.0007668711656441718,0.0,1
720575941665441523,10,0.0007668711656441718,0.0,1
720575941404758384,12,0.0007668711656441718,0.0,1
720575941665520371,68,0.0007668711656441718,0.0,1
720575941607605101,16,0.0007668711656441718,0.0,1
720575941606622317,13,0.0007668711656441718,0.0,1
720575941665522419,11,0.0007668711656441718,0.0,1
720575941666130675,17,0.0007668711656441718,0.0,1
720575941439050703,10,0.0007668711656441718,0.0,1
720575941605598061,10,0.0007668711656441718,0.0,1
720575941605021293,19,0.0007668711656441718,0.0,1
720575941642476961,10,0.0007668711656441718,0.0,1
720575941642454885,12,0.0007668711656441718,0.0,1
720575941432722574,13,0.0007668711656441718,0.0,1
720575941404452720,46,0.0007668711656441718,0.0,1
720575941621630716,14,0.0007668711656441718,0.0,1
720575941668606375,17,0.0007668711656441718,0.0,1
720575941604967789,13,0.0007668711656441718,0.0,1
720575941642447973,35,0.0007668711656441718,0.0,1
720575941439870399,19,0.0007668711656441718,0.0,1
720575941495495547,13,0.0007668711656441718,0.0,1
720575941564098567,31,0.0007668711656441718,0.0,1
720575941581672569,13,0.0007668711656441718,0.0,1
720575941526497156,11,0.0007668711656441718,0.0,1
720575941524748621,12,0.0007668711656441718,0.0,1
720575941479167456,10,0.0007668711656441718,0.0,1
720575941525182630,43,0.0007668711656441718,0.0,1
720575941479098819,13,0.0007668711656441718,0.0,1
720575941525725954,13,0.0007668711656441718,0.0,1
720575941525755394,13,0.0007668711656441718,0.0,1
720575941479084227,10,0.0007668711656441718,0.0,1
720575941526668109,11,0.0007668711656441718,0.0,1
720575941479505315,17,0.0007668711656441718,0.0,1
720575941478598735,10,0.0007668711656441718,0.0,1
720575941526764388,11,0.0007668711656441718,0.0,1
720575941526847910,12,0.0007668711656441718,0.0,1
720575941527220920,17,0.0007668711656441718,0.0,1
720575941478403178,10,0.0007668711656441718,0.0,1
720575941528086660,19,0.0007668711656441718,0.0,1
720575941528712376,12,0.0007668711656441718,0.0,1
720575941479369346,78,0.0007668711656441718,0.0,1
720575941524187492,25,0.0007668711656441718,0.0,1
720575941483682813,17,0.0007668711656441718,0.0,1
720575941480550018,10,0.0007668711656441718,0.0,1
720575941520064435,15,0.0007668711656441718,0.0,1
720575941520255223,39,0.0007668711656441718,0.0,1
720575941520284919,15,0.0007668711656441718,0.0,1
720575941521031927,23,0.0007668711656441718,0.0,1
720575941521503819,10,0.0007668711656441718,0.0,1
720575941521508939,16,0.0007668711656441718,0.0,1
720575941481050877,13,0.0007668711656441718,0.0,1
720575941523052279,29,0.0007668711656441718,0.0,1
720575941524185419,12,0.0007668711656441718,0.0,1
720575941523074379,10,0.0007668711656441718,0.0,1
720575941480410822,18,0.0007668711656441718,0.0,1
720575941523983618,14,0.0007668711656441718,0.0,1
720575941523994114,17,0.0007668711656441718,0.0,1
720575941524019970,11,0.0007668711656441718,0.0,1
720575941479961312,12,0.0007668711656441718,0.0,1
720575941524113764,14,0.0007668711656441718,0.0,1
720575941529077176,33,0.0007668711656441718,0.0,1
720575941529753476,16,0.0007668711656441718,0.0,1
720575941529799608,11,0.0007668711656441718,0.0,1
720575941535001010,16,0.0007668711656441718,0.0,1
720575941476452458,16,0.0007668711656441718,0.0,1
720575941476101937,13,0.0007668711656441718,0.0,1
720575941534104298,10,0.0007668711656441718,0.0,1
720575941534726376,29,0.0007668711656441718,0.0,1
720575941476037406,13,0.0007668711656441718,0.0,1
720575941534854337,33,0.0007668711656441718,0.0,1
720575941534912088,22,0.0007668711656441718,0.0,1
720575941535136739,10,0.0007668711656441718,0.0,1
720575941478179235,18,0.0007668711656441718,0.0,1
720575941535137763,10,0.0007668711656441718,0.0,1
720575941475996465,16,0.0007668711656441718,0.0,1
720575941475988529,16,0.0007668711656441718,0.0,1
720575941535749859,27,0.0007668711656441718,0.0,1
720575941475745642,14,0.0007668711656441718,0.0,1
720575941475702890,13,0.0007668711656441718,0.0,1
720575941536371442,52,0.0007668711656441718,0.0,1
720575941477051166,14,0.0007668711656441718,0.0,1
720575941477297716,32,0.0007668711656441718,0.0,1
720575941533531402,34,0.0007668711656441718,0.0,1
720575941477335092,11,0.0007668711656441718,0.0,1
720575941530265035,22,0.0007668711656441718,0.0,1
720575941530751363,17,0.0007668711656441718,0.0,1
720575941530787203,10,0.0007668711656441718,0.0,1
720575941530837891,12,0.0007668711656441718,0.0,1
720575941530839427,41,0.0007668711656441718,0.0,1
720575941477996195,17,0.0007668711656441718,0.0,1
720575941531197387,16,0.0007668711656441718,0.0,1
720575941531288523,14,0.0007668711656441718,0.0,1
720575941531464677,24,0.0007668711656441718,0.0,1
720575941532334424,14,0.0007668711656441718,0.0,1
720575941532377834,12,0.0007668711656441718,0.0,1
720575941532384387,26,0.0007668711656441718,0.0,1
720575941477497312,13,0.0007668711656441718,0.0,1
720575941532526168,20,0.0007668711656441718,0.0,1
720575941477447530,11,0.0007668711656441718,0.0,1
720575941519973303,10,0.0007668711656441718,0.0,1
720575941483838349,29,0.0007668711656441718,0.0,1
720575941450080349,15,0.0007668711656441718,0.0,1
720575941504563781,13,0.0007668711656441718,0.0,1
720575941491651559,35,0.0007668711656441718,0.0,1
720575941491338441,18,0.0007668711656441718,0.0,1
720575941504235031,25,0.0007668711656441718,0.0,1
720575941504365847,24,0.0007668711656441718,0.0,1
720575941504381975,13,0.0007668711656441718,0.0,1
720575941491175399,20,0.0007668711656441718,0.0,1
720575941491136718,12,0.0007668711656441718,0.0,1
720575941505159484,13,0.0007668711656441718,0.0,1
720575941503451301,44,0.0007668711656441718,0.0,1
720575941505457954,15,0.0007668711656441718,0.0,1
720575941490833072,12,0.0007668711656441718,0.0,1
720575941490785712,10,0.0007668711656441718,0.0,1
720575941505610263,22,0.0007668711656441718,0.0,1
720575941505774209,11,0.0007668711656441718,0.0,1
720575941505987713,11,0.0007668711656441718,0.0,1
720575941507266594,22,0.0007668711656441718,0.0,1
720575941503526891,10,0.0007668711656441718,0.0,1
720575941501802434,16,0.0007668711656441718,0.0,1
720575941518537582,18,0.0007668711656441718,0.0,1
720575941498948425,10,0.0007668711656441718,0.0,1
720575941496047433,12,0.0007668711656441718,0.0,1
720575941494144199,11,0.0007668711656441718,0.0,1
720575941496146657,17,0.0007668711656441718,0.0,1
720575941496318793,11,0.0007668711656441718,0.0,1
720575941496803234,11,0.0007668711656441718,0.0,1
720575941496830370,15,0.0007668711656441718,0.0,1
720575941493443015,14,0.0007668711656441718,0.0,1
720575941499420555,64,0.0007668711656441718,0.0,1
720575941501721138,20,0.0007668711656441718,0.0,1
720575941499426699,23,0.0007668711656441718,0.0,1
720575941492446078,10,0.0007668711656441718,0.0,1
720575941492413054,26,0.0007668711656441718,0.0,1
720575941499725986,12,0.0007668711656441718,0.0,1
720575941492354174,10,0.0007668711656441718,0.0,1
720575941500963307,13,0.0007668711656441718,0.0,1
720575941492303998,12,0.0007668711656441718,0.0,1
720575941507313954,13,0.0007668711656441718,0.0,1
720575941489071335,12,0.0007668711656441718,0.0,1
720575941507793680,10,0.0007668711656441718,0.0,1
720575941516777107,10,0.0007668711656441718,0.0,1
720575941487877328,13,0.0007668711656441718,0.0,1
720575941486866640,15,0.0007668711656441718,0.0,1
720575941486560774,16,0.0007668711656441718,0.0,1
720575941515936249,10,0.0007668711656441718,0.0,1
720575941485775110,13,0.0007668711656441718,0.0,1
720575941516527726,14,0.0007668711656441718,0.0,1
720575941516572632,29,0.0007668711656441718,0.0,1
720575941485377602,16,0.0007668711656441718,0.0,1
720575941507848208,73,0.0007668711656441718,0.0,1
720575941516842094,63,0.0007668711656441718,0.0,1
720575941485316493,21,0.0007668711656441718,0.0,1
720575941485260240,31,0.0007668711656441718,0.0,1
720575941485217744,13,0.0007668711656441718,0.0,1
720575941484086534,14,0.0007668711656441718,0.0,1
720575941518419123,13,0.0007668711656441718,0.0,1
720575941518439347,44,0.0007668711656441718,0.0,1
720575941513677571,15,0.0007668711656441718,0.0,1
720575941513264377,15,0.0007668711656441718,0.0,1
720575941513254915,13,0.0007668711656441718,0.0,1
720575941513254905,12,0.0007668711656441718,0.0,1
720575941507943440,11,0.0007668711656441718,0.0,1
720575941508278562,19,0.0007668711656441718,0.0,1
720575941489037031,18,0.0007668711656441718,0.0,1
720575941508439762,25,0.0007668711656441718,0.0,1
720575941508926418,12,0.0007668711656441718,0.0,1
720575941511201868,28,0.0007668711656441718,0.0,1
720575941511388881,16,0.0007668711656441718,0.0,1
720575941512451907,27,0.0007668711656441718,0.0,1
720575941488475598,16,0.0007668711656441718,0.0,1
720575941488419022,16,0.0007668711656441718,0.0,1
720575941488278480,12,0.0007668711656441718,0.0,1
720575941488156361,18,0.0007668711656441718,0.0,1
720575941513136593,12,0.0007668711656441718,0.0,1
720575941488015312,26,0.0007668711656441718,0.0,1
720575941513167609,35,0.0007668711656441718,0.0,1
720575941475696746,60,0.0007668711656441718,0.0,1
720575941536906389,10,0.0007668711656441718,0.0,1
720575941474935105,26,0.0007668711656441718,0.0,1
720575941567089396,11,0.0007668711656441718,0.0,1
720575941458334163,50,0.0007668711656441718,0.0,1
720575941565531799,15,0.0007668711656441718,0.0,1
720575941566431286,33,0.0007668711656441718,0.0,1
720575941458139551,10,0.0007668711656441718,0.0,1
720575941566777338,11,0.0007668711656441718,0.0,1
720575941566802170,16,0.0007668711656441718,0.0,1
720575941457686512,13,0.0007668711656441718,0.0,1
720575941567139630,16,0.0007668711656441718,0.0,1
720575941565290286,17,0.0007668711656441718,0.0,1
720575941567151918,51,0.0007668711656441718,0.0,1
720575941457686256,11,0.0007668711656441718,0.0,1
720575941568553586,15,0.0007668711656441718,0.0,1
720575941568555634,27,0.0007668711656441718,0.0,1
720575941568697844,11,0.0007668711656441718,0.0,1
720575941569574046,10,0.0007668711656441718,0.0,1
720575941569613470,17,0.0007668711656441718,0.0,1
720575941565459095,15,0.0007668711656441718,0.0,1
720575941565251374,34,0.0007668711656441718,0.0,1
720575941474786625,15,0.0007668711656441718,0.0,1
720575941562467682,10,0.0007668711656441718,0.0,1
720575941562043392,36,0.0007668711656441718,0.0,1
720575941562051752,13,0.0007668711656441718,0.0,1
720575941562055080,14,0.0007668711656441718,0.0,1
720575941460225936,11,0.0007668711656441718,0.0,1
720575941460225168,20,0.0007668711656441718,0.0,1
720575941562321671,22,0.0007668711656441718,0.0,1
720575941459562640,12,0.0007668711656441718,0.0,1
720575941459559824,12,0.0007668711656441718,0.0,1
720575941458353363,34,0.0007668711656441718,0.0,1
720575941563206400,17,0.0007668711656441718,0.0,1
720575941563253814,11,0.0007668711656441718,0.0,1
720575941458873796,24,0.0007668711656441718,0.0,1
720575941563920999,237,0.0007668711656441718,0.0,1
720575941458789958,11,0.0007668711656441718,0.0,1
720575941458373587,18,0.0007668711656441718,0.0,1
720575941565122614,25,0.0007668711656441718,0.0,1
720575941569652638,10,0.0007668711656441718,0.0,1
720575941570324126,10,0.0007668711656441718,0.0,1
720575941456340895,38,0.0007668711656441718,0.0,1
720575941576983285,15,0.0007668711656441718,0.0,1
720575941575397263,25,0.0007668711656441718,0.0,1
720575941575682998,10,0.0007668711656441718,0.0,1
720575941450876794,17,0.0007668711656441718,0.0,1
720575941576014774,10,0.0007668711656441718,0.0,1
720575941576927057,17,0.0007668711656441718,0.0,1
720575941576933109,15,0.0007668711656441718,0.0,1
720575941576979701,15,0.0007668711656441718,0.0,1
720575941576984821,26,0.0007668711656441718,0.0,1
720575941570823752,13,0.0007668711656441718,0.0,1
720575941578722641,20,0.0007668711656441718,0.0,1
720575941579027321,11,0.0007668711656441718,0.0,1
720575941450576297,14,0.0007668711656441718,0.0,1
720575941579161465,17,0.0007668711656441718,0.0,1
720575941579868917,33,0.0007668711656441718,0.0,1
720575941580348753,23,0.0007668711656441718,0.0,1
720575941580626041,16,0.0007668711656441718,0.0,1
720575941574728713,10,0.0007668711656441718,0.0,1
720575941451768391,22,0.0007668711656441718,0.0,1
720575941574248187,10,0.0007668711656441718,0.0,1
720575941452164915,11,0.0007668711656441718,0.0,1
720575941571423240,19,0.0007668711656441718,0.0,1
720575941571492859,18,0.0007668711656441718,0.0,1
720575941456206495,19,0.0007668711656441718,0.0,1
720575941455932912,19,0.0007668711656441718,0.0,1
720575941571847069,25,0.0007668711656441718,0.0,1
720575941571904669,12,0.0007668711656441718,0.0,1
720575941571975496,10,0.0007668711656441718,0.0,1
720575941452199475,85,0.0007668711656441718,0.0,1
720575941572153865,15,0.0007668711656441718,0.0,1
720575941572444830,13,0.0007668711656441718,0.0,1
720575941572737679,12,0.0007668711656441718,0.0,1
720575941572851087,10,0.0007668711656441718,0.0,1
720575941452198707,81,0.0007668711656441718,0.0,1
720575941573489416,20,0.0007668711656441718,0.0,1
720575941573956239,17,0.0007668711656441718,0.0,1
720575941561870592,14,0.0007668711656441718,0.0,1
720575941461221075,14,0.0007668711656441718,0.0,1
720575941559370285,10,0.0007668711656441718,0.0,1
720575941549290495,10,0.0007668711656441718,0.0,1
720575941474334779,11,0.0007668711656441718,0.0,1
720575941473384234,17,0.0007668711656441718,0.0,1
720575941546689825,17,0.0007668711656441718,0.0,1
720575941546773640,13,0.0007668711656441718,0.0,1
720575941547178164,10,0.0007668711656441718,0.0,1
720575941547336253,12,0.0007668711656441718,0.0,1
720575941547347316,10,0.0007668711656441718,0.0,1
720575941549297919,11,0.0007668711656441718,0.0,1
720575941470778944,12,0.0007668711656441718,0.0,1
720575941549380351,11,0.0007668711656441718,0.0,1
720575941472561979,10,0.0007668711656441718,0.0,1
720575941549403903,14,0.0007668711656441718,0.0,1
720575941472042282,22,0.0007668711656441718,0.0,1
720575941550878087,11,0.0007668711656441718,0.0,1
720575941471907904,20,0.0007668711656441718,0.0,1
720575941551313435,10,0.0007668711656441718,0.0,1
720575941546220980,10,0.0007668711656441718,0.0,1
720575941545471593,13,0.0007668711656441718,0.0,1
720575941545440392,15,0.0007668711656441718,0.0,1
720575941545408904,10,0.0007668711656441718,0.0,1
720575941537933042,16,0.0007668711656441718,0.0,1
720575941539037170,24,0.0007668711656441718,0.0,1
720575941539929117,14,0.0007668711656441718,0.0,1
720575941540246909,29,0.0007668711656441718,0.0,1
720575941540255357,17,0.0007668711656441718,0.0,1
720575941540727581,18,0.0007668711656441718,0.0,1
720575941540870685,21,0.0007668711656441718,0.0,1
720575941542286085,17,0.0007668711656441718,0.0,1
720575941474426929,15,0.0007668711656441718,0.0,1
720575941543648005,21,0.0007668711656441718,0.0,1
720575941543893353,25,0.0007668711656441718,0.0,1
720575941544606388,31,0.0007668711656441718,0.0,1
720575941544688308,20,0.0007668711656441718,0.0,1
720575941545281928,12,0.0007668711656441718,0.0,1
720575941545372296,11,0.0007668711656441718,0.0,1
720575941470786368,11,0.0007668711656441718,0.0,1
720575941551579034,15,0.0007668711656441718,0.0,1
720575941559331443,19,0.0007668711656441718,0.0,1
720575941557576563,38,0.0007668711656441718,0.0,1
720575941555222273,13,0.0007668711656441718,0.0,1
720575941464168534,10,0.0007668711656441718,0.0,1
720575941555938899,23,0.0007668711656441718,0.0,1
720575941557362852,15,0.0007668711656441718,0.0,1
720575941557434862,12,0.0007668711656441718,0.0,1
720575941557507443,22,0.0007668711656441718,0.0,1
720575941557556974,10,0.0007668711656441718,0.0,1
720575941557878287,10,0.0007668711656441718,0.0,1
720575941551588506,31,0.0007668711656441718,0.0,1
720575941463655693,10,0.0007668711656441718,0.0,1
720575941558635053,19,0.0007668711656441718,0.0,1
720575941463352333,11,0.0007668711656441718,0.0,1
720575941559261555,14,0.0007668711656441718,0.0,1
720575941559274867,23,0.0007668711656441718,0.0,1
720575941461246931,15,0.0007668711656441718,0.0,1
720575941461227152,14,0.0007668711656441718,0.0,1
720575941555186074,12,0.0007668711656441718,0.0,1
720575941554784676,60,0.0007668711656441718,0.0,1
720575941464777814,24,0.0007668711656441718,0.0,1
720575941464839446,27,0.0007668711656441718,0.0,1
720575941551622023,27,0.0007668711656441718,0.0,1
720575941470067063,13,0.0007668711656441718,0.0,1
720575941551926527,53,0.0007668711656441718,0.0,1
720575941551960319,14,0.0007668711656441718,0.0,1
720575941551996159,12,0.0007668711656441718,0.0,1
720575941552299521,12,0.0007668711656441718,0.0,1
720575941552329729,11,0.0007668711656441718,0.0,1
720575941552472065,19,0.0007668711656441718,0.0,1
720575941552622398,16,0.0007668711656441718,0.0,1
720575941468720139,10,0.0007668711656441718,0.0,1
720575941468679947,10,0.0007668711656441718,0.0,1
720575941465484566,37,0.0007668711656441718,0.0,1
720575941464860950,14,0.0007668711656441718,0.0,1
720575941554264577,16,0.0007668711656441718,0.0,1
720575941554439251,14,0.0007668711656441718,0.0,1
720575941350374960,35,0.0007668711656441718,0.0,1
