interneuron_id,cluster,hub_score,target_score,n_mn_targets,integration_score_norm,n_muscle_types,cluster_score,dn_score,n_dn_inputs,composite_score,neuron_name,rank,priority_tier
720575941526690841,2,28.000000000000124,28.0,7,0.0,1.0,100.0,5.823742540494459,4,34.85593563512365,720575941526690841,63,Tier 2: Medium Priority
720575941511275986,4,40.0000000000001,40.0,10,0.0,1.0,86.2864077669903,4.26105224698575,3,34.63686500349404,720575941511275986,64,Tier 2: Medium Priority
720575941570304926,5,31.99999999999977,32.0,8,0.0,1.0,100.0,0.0,0,34.59999999999993,720575941570304926,65,Tier 2: Medium Priority
720575941489819081,5,31.99999999999977,32.0,8,0.0,1.0,100.0,0.0,0,34.59999999999993,720575941489819081,66,Tier 2: Medium Priority
720575941486089538,5,31.99999999999977,32.0,8,0.0,1.0,100.0,0.0,0,34.59999999999993,720575941486089538,67,Tier 2: Medium Priority
720575941505835137,5,31.99999999999977,32.0,8,0.0,1.0,100.0,0.0,0,34.59999999999993,720575941505835137,68,Tier 2: Medium Priority
720575941449835898,2,31.99999999999977,32.0,8,0.0,1.0,100.0,0.0,0,34.59999999999993,720575941449835898,69,Tier 2: Medium Priority
720575941525224614,2,31.99999999999977,32.0,8,0.0,1.0,100.0,0.0,0,34.59999999999993,720575941525224614,70,Tier 2: Medium Priority
720575941456348575,4,19.99999999999979,20.0,5,0.0,1.0,86.2864077669903,27.50654609669955,14,34.4482384659224,720575941456348575,71,Tier 2: Medium Priority
720575941470536715,5,19.99999999999979,20.0,5,10.0,2.0,100.0,5.5032882718304705,3,34.37582206795756,720575941470536715,72,Tier 2: Medium Priority
720575941703131610,5,3.999999999999645,4.0,1,0.0,1.0,100.0,32.52420533430764,15,34.3310513335768,720575941703131610,73,Tier 2: Medium Priority
720575941543397737,2,28.000000000000124,28.0,7,0.0,1.0,100.0,3.513579344781391,2,34.27839483619538,720575941543397737,74,Tier 2: Medium Priority
720575941525142182,2,23.999999999999954,24.0,6,10.0,2.0,100.0,0.0,0,34.19999999999999,720575941525142182,75,Tier 2: Medium Priority
720575941528729784,2,23.999999999999954,24.0,6,10.0,2.0,100.0,0.0,0,34.19999999999999,720575941528729784,76,Tier 2: Medium Priority
720575941528944568,5,7.999999999999812,8.0,2,0.0,1.0,100.0,26.041286079649254,15,33.91032151991226,720575941528944568,77,Tier 2: Medium Priority
720575941431075503,5,15.999999999999623,16.0,4,20.0,2.0,100.0,0.0,0,33.79999999999988,720575941431075503,78,Tier 2: Medium Priority
720575941567030516,2,15.999999999999623,16.0,4,20.0,2.0,100.0,0.0,0,33.79999999999988,720575941567030516,79,Tier 2: Medium Priority
720575941562134829,2,23.999999999999954,24.0,6,0.0,1.0,100.0,6.056661795152843,4,33.7141654487882,720575941562134829,80,Tier 2: Medium Priority
720575941601088441,5,11.999999999999977,12.0,3,0.0,1.0,100.0,19.994519546949213,12,33.5986298867373,720575941601088441,81,Tier 2: Medium Priority
720575941625170314,2,28.000000000000124,28.0,7,0.0,1.0,100.0,0.0,0,33.400000000000034,720575941625170314,82,Tier 2: Medium Priority
720575941537719165,2,28.000000000000124,28.0,7,0.0,1.0,100.0,0.0,0,33.400000000000034,720575941537719165,83,Tier 2: Medium Priority
720575941603916222,2,28.000000000000124,28.0,7,0.0,1.0,100.0,0.0,0,33.400000000000034,720575941603916222,84,Tier 2: Medium Priority
720575941439197269,5,28.000000000000124,28.0,7,0.0,1.0,100.0,0.0,0,33.400000000000034,720575941439197269,85,Tier 2: Medium Priority
720575941574155003,5,11.999999999999977,12.0,3,10.0,2.0,100.0,10.900012178784557,7,33.32500304469613,720575941574155003,86,Tier 2: Medium Priority
720575941450532174,5,11.999999999999977,12.0,3,10.0,2.0,100.0,10.317714042138595,7,33.17942851053464,720575941450532174,87,Tier 2: Medium Priority
720575941464073558,5,7.999999999999812,8.0,2,0.0,1.0,100.0,22.46985750822068,15,33.01746437705511,720575941464073558,88,Tier 2: Medium Priority
720575941474830644,2,19.99999999999979,20.0,5,10.0,2.0,100.0,0.0,0,32.999999999999936,720575941474830644,89,Tier 2: Medium Priority
720575941527126712,2,19.99999999999979,20.0,5,10.0,2.0,100.0,0.0,0,32.999999999999936,720575941527126712,90,Tier 2: Medium Priority
720575941535419418,2,19.99999999999979,20.0,5,10.0,2.0,100.0,0.0,0,32.999999999999936,720575941535419418,91,Tier 2: Medium Priority
720575941700592858,2,19.99999999999979,20.0,5,10.0,2.0,100.0,0.0,0,32.999999999999936,720575941700592858,92,Tier 2: Medium Priority
720575941504456386,2,23.999999999999954,24.0,6,0.0,1.0,100.0,2.776001705029838,2,32.89400042625745,720575941504456386,93,Tier 2: Medium Priority
720575941503451301,1,3.999999999999645,4.0,1,0.0,1.0,77.18446601941747,48.8118073316283,29,32.69906833776133,720575941503451301,94,Tier 2: Medium Priority
720575941503667109,2,23.999999999999954,24.0,6,0.0,1.0,100.0,1.4462306661795152,1,32.561557666544864,720575941503667109,95,Tier 2: Medium Priority
720575941459883846,2,23.999999999999954,24.0,6,0.0,1.0,100.0,1.4462306661795152,1,32.561557666544864,720575941459883846,96,Tier 2: Medium Priority
720575941546491681,5,11.999999999999977,12.0,3,0.0,1.0,100.0,15.471623431981488,10,32.46790585799537,720575941546491681,97,Tier 2: Medium Priority
720575941615272601,5,7.999999999999812,8.0,2,0.0,1.0,100.0,20.013548897819998,10,32.40338722445494,720575941615272601,98,Tier 2: Medium Priority
720575941464901398,4,15.999999999999623,16.0,4,20.0,2.0,86.2864077669903,8.007550846425527,5,32.37348965335384,720575941464901398,99,Tier 2: Medium Priority
720575941619873663,4,31.99999999999977,32.0,8,0.0,1.0,86.2864077669903,4.571611253196931,3,32.314504755046734,720575941619873663,100,Tier 2: Medium Priority
720575941539355517,5,7.999999999999812,8.0,2,0.0,1.0,100.0,19.460175374497627,9,32.26504384362435,720575941539355517,101,Tier 2: Medium Priority
720575941489677001,5,19.99999999999979,20.0,5,0.0,1.0,100.0,4.920990135184509,3,32.23024753379606,720575941489677001,102,Tier 2: Medium Priority
720575941429556655,4,7.999999999999812,8.0,2,0.0,1.0,86.2864077669903,32.942089879430036,18,32.20712441160502,720575941429556655,103,Tier 2: Medium Priority
720575941446990261,2,23.999999999999954,24.0,6,0.0,1.0,100.0,0.0,0,32.19999999999999,720575941446990261,104,Tier 2: Medium Priority
720575941461235088,5,23.999999999999954,24.0,6,0.0,1.0,100.0,0.0,0,32.19999999999999,720575941461235088,105,Tier 2: Medium Priority
720575941576934645,2,23.999999999999954,24.0,6,0.0,1.0,100.0,0.0,0,32.19999999999999,720575941576934645,106,Tier 2: Medium Priority
720575941551937598,2,23.999999999999954,24.0,6,0.0,1.0,100.0,0.0,0,32.19999999999999,720575941551937598,107,Tier 2: Medium Priority
720575941481036797,2,23.999999999999954,24.0,6,0.0,1.0,100.0,0.0,0,32.19999999999999,720575941481036797,108,Tier 2: Medium Priority
720575941530861699,2,23.999999999999954,24.0,6,0.0,1.0,100.0,0.0,0,32.19999999999999,720575941530861699,109,Tier 2: Medium Priority
720575941574184699,2,23.999999999999954,24.0,6,0.0,1.0,100.0,0.0,0,32.19999999999999,720575941574184699,110,Tier 2: Medium Priority
720575941501026283,2,23.999999999999954,24.0,6,0.0,1.0,100.0,0.0,0,32.19999999999999,720575941501026283,111,Tier 2: Medium Priority
720575941512987129,5,23.999999999999954,24.0,6,0.0,1.0,100.0,0.0,0,32.19999999999999,720575941512987129,112,Tier 2: Medium Priority
720575941505889409,2,23.999999999999954,24.0,6,0.0,1.0,100.0,0.0,0,32.19999999999999,720575941505889409,113,Tier 2: Medium Priority
720575941505887361,2,23.999999999999954,24.0,6,0.0,1.0,100.0,0.0,0,32.19999999999999,720575941505887361,114,Tier 2: Medium Priority
720575941624764268,2,23.999999999999954,24.0,6,0.0,1.0,100.0,0.0,0,32.19999999999999,720575941624764268,115,Tier 2: Medium Priority
720575941409016235,2,23.999999999999954,24.0,6,0.0,1.0,100.0,0.0,0,32.19999999999999,720575941409016235,116,Tier 2: Medium Priority
720575941437603669,2,23.999999999999954,24.0,6,0.0,1.0,100.0,0.0,0,32.19999999999999,720575941437603669,117,Tier 2: Medium Priority
720575941636281205,5,19.99999999999979,20.0,5,0.0,1.0,100.0,4.416331750091341,3,32.10408293752277,720575941636281205,118,Tier 2: Medium Priority
720575941429439959,5,15.999999999999623,16.0,4,0.0,1.0,100.0,8.783948361953478,5,31.995987090488256,720575941429439959,119,Tier 2: Medium Priority
720575941489038311,2,15.999999999999623,16.0,4,10.0,2.0,100.0,0.0,0,31.799999999999887,720575941489038311,120,Tier 2: Medium Priority
720575941459906630,5,15.999999999999623,16.0,4,10.0,2.0,100.0,0.0,0,31.799999999999887,720575941459906630,121,Tier 2: Medium Priority
720575941521485643,2,15.999999999999623,16.0,4,10.0,2.0,100.0,0.0,0,31.799999999999887,720575941521485643,122,Tier 2: Medium Priority
720575941431072137,5,15.999999999999623,16.0,4,10.0,2.0,100.0,0.0,0,31.799999999999887,720575941431072137,123,Tier 2: Medium Priority
720575941533258689,2,15.999999999999623,16.0,4,10.0,2.0,100.0,0.0,0,31.799999999999887,720575941533258689,124,Tier 2: Medium Priority
720575941474725684,5,15.999999999999623,16.0,4,10.0,2.0,100.0,0.0,0,31.799999999999887,720575941474725684,125,Tier 2: Medium Priority
720575941485378626,4,19.99999999999979,20.0,5,20.0,2.0,86.2864077669903,0.0,0,31.57160194174751,720575941485378626,126,Tier 2: Medium Priority
720575941659696184,5,7.999999999999812,8.0,2,0.0,1.0,100.0,16.568475216173425,11,31.542118804043298,720575941659696184,127,Tier 2: Medium Priority
720575941456678893,5,11.999999999999977,12.0,3,0.0,1.0,100.0,11.404670563877726,7,31.451167640969427,720575941456678893,128,Tier 2: Medium Priority
720575941593615211,4,19.99999999999979,20.0,5,0.0,1.0,86.2864077669903,15.33537327974668,8,31.40544526168418,720575941593615211,129,Tier 2: Medium Priority
720575941507787024,5,19.99999999999979,20.0,5,0.0,1.0,100.0,1.4850505419559128,1,31.371262635488915,720575941507787024,130,Tier 2: Medium Priority
720575941539218301,2,19.99999999999979,20.0,5,0.0,1.0,100.0,1.3685909146267203,1,31.342147728656617,720575941539218301,131,Tier 2: Medium Priority
720575941628377314,2,19.99999999999979,20.0,5,0.0,1.0,100.0,1.3685909146267203,1,31.342147728656617,720575941628377314,132,Tier 2: Medium Priority
720575941517764824,5,11.999999999999977,12.0,3,0.0,1.0,100.0,10.628273048349776,7,31.257068262087436,720575941517764824,133,Tier 2: Medium Priority
720575941668725169,4,23.999999999999954,24.0,6,0.0,1.0,86.2864077669903,9.220862257946656,6,31.07681750623422,720575941668725169,134,Tier 2: Medium Priority
720575941450876794,5,3.999999999999645,4.0,1,0.0,1.0,100.0,19.47996589940324,11,31.069991474850703,720575941450876794,135,Tier 2: Medium Priority
720575941532507480,2,19.99999999999979,20.0,5,0.0,1.0,100.0,0.0,0,30.999999999999936,720575941532507480,136,Tier 2: Medium Priority
720575941630936251,2,19.99999999999979,20.0,5,0.0,1.0,100.0,0.0,0,30.999999999999936,720575941630936251,137,Tier 2: Medium Priority
720575941485422221,5,19.99999999999979,20.0,5,0.0,1.0,100.0,0.0,0,30.999999999999936,720575941485422221,138,Tier 2: Medium Priority
720575941560090862,2,19.99999999999979,20.0,5,0.0,1.0,100.0,0.0,0,30.999999999999936,720575941560090862,139,Tier 2: Medium Priority
720575941654367444,2,19.99999999999979,20.0,5,0.0,1.0,100.0,0.0,0,30.999999999999936,720575941654367444,140,Tier 2: Medium Priority
720575941533786906,2,19.99999999999979,20.0,5,0.0,1.0,100.0,0.0,0,30.999999999999936,720575941533786906,141,Tier 2: Medium Priority
720575941551632794,2,19.99999999999979,20.0,5,0.0,1.0,100.0,0.0,0,30.999999999999936,720575941551632794,142,Tier 2: Medium Priority
720575941623126474,2,19.99999999999979,20.0,5,0.0,1.0,100.0,0.0,0,30.999999999999936,720575941623126474,143,Tier 2: Medium Priority
720575941533798938,2,19.99999999999979,20.0,5,0.0,1.0,100.0,0.0,0,30.999999999999936,720575941533798938,144,Tier 2: Medium Priority
720575941482478778,2,19.99999999999979,20.0,5,0.0,1.0,100.0,0.0,0,30.999999999999936,720575941482478778,145,Tier 2: Medium Priority
720575941655477716,2,19.99999999999979,20.0,5,0.0,1.0,100.0,0.0,0,30.999999999999936,720575941655477716,146,Tier 2: Medium Priority
720575941621586172,2,19.99999999999979,20.0,5,0.0,1.0,100.0,0.0,0,30.999999999999936,720575941621586172,147,Tier 2: Medium Priority
720575941551598746,2,19.99999999999979,20.0,5,0.0,1.0,100.0,0.0,0,30.999999999999936,720575941551598746,148,Tier 2: Medium Priority
720575941505493026,2,19.99999999999979,20.0,5,0.0,1.0,100.0,0.0,0,30.999999999999936,720575941505493026,149,Tier 2: Medium Priority
720575941505725790,5,19.99999999999979,20.0,5,0.0,1.0,100.0,0.0,0,30.999999999999936,720575941505725790,150,Tier 2: Medium Priority
720575941474447134,2,19.99999999999979,20.0,5,0.0,1.0,100.0,0.0,0,30.999999999999936,720575941474447134,151,Tier 2: Medium Priority
720575941522089463,5,19.99999999999979,20.0,5,0.0,1.0,100.0,0.0,0,30.999999999999936,720575941522089463,152,Tier 2: Medium Priority
720575941489388236,2,19.99999999999979,20.0,5,0.0,1.0,100.0,0.0,0,30.999999999999936,720575941489388236,153,Tier 2: Medium Priority
720575941546687009,2,19.99999999999979,20.0,5,0.0,1.0,100.0,0.0,0,30.999999999999936,720575941546687009,154,Tier 2: Medium Priority
720575941489006823,5,19.99999999999979,20.0,5,0.0,1.0,100.0,0.0,0,30.999999999999936,720575941489006823,155,Tier 2: Medium Priority
720575941612611993,2,19.99999999999979,20.0,5,0.0,1.0,100.0,0.0,0,30.999999999999936,720575941612611993,156,Tier 2: Medium Priority
720575941496142921,2,19.99999999999979,20.0,5,0.0,1.0,100.0,0.0,0,30.999999999999936,720575941496142921,157,Tier 2: Medium Priority
720575941601266678,2,19.99999999999979,20.0,5,0.0,1.0,100.0,0.0,0,30.999999999999936,720575941601266678,158,Tier 2: Medium Priority
720575941523100491,5,19.99999999999979,20.0,5,0.0,1.0,100.0,0.0,0,30.999999999999936,720575941523100491,159,Tier 2: Medium Priority
720575941605602669,2,19.99999999999979,20.0,5,0.0,1.0,100.0,0.0,0,30.999999999999936,720575941605602669,160,Tier 2: Medium Priority
720575941655827480,2,19.99999999999979,20.0,5,0.0,1.0,100.0,0.0,0,30.999999999999936,720575941655827480,161,Tier 2: Medium Priority
720575941468725259,2,19.99999999999979,20.0,5,0.0,1.0,100.0,0.0,0,30.999999999999936,720575941468725259,162,Tier 2: Medium Priority
720575941468683997,2,19.99999999999979,20.0,5,0.0,1.0,100.0,0.0,0,30.999999999999936,720575941468683997,163,Tier 2: Medium Priority
720575941552793939,2,19.99999999999979,20.0,5,0.0,1.0,100.0,0.0,0,30.999999999999936,720575941552793939,164,Tier 2: Medium Priority
720575941504538162,2,19.99999999999979,20.0,5,0.0,1.0,100.0,0.0,0,30.999999999999936,720575941504538162,165,Tier 2: Medium Priority
720575941472090922,2,19.99999999999979,20.0,5,0.0,1.0,100.0,0.0,0,30.999999999999936,720575941472090922,166,Tier 2: Medium Priority
720575941729980203,2,19.99999999999979,20.0,5,0.0,1.0,100.0,0.0,0,30.999999999999936,720575941729980203,167,Tier 2: Medium Priority
720575941438951515,2,19.99999999999979,20.0,5,0.0,1.0,100.0,0.0,0,30.999999999999936,720575941438951515,168,Tier 2: Medium Priority
720575941685707788,2,19.99999999999979,20.0,5,0.0,1.0,100.0,0.0,0,30.999999999999936,720575941685707788,169,Tier 2: Medium Priority
720575941729950507,2,19.99999999999979,20.0,5,0.0,1.0,100.0,0.0,0,30.999999999999936,720575941729950507,170,Tier 2: Medium Priority
720575941571515131,2,19.99999999999979,20.0,5,0.0,1.0,100.0,0.0,0,30.999999999999936,720575941571515131,171,Tier 2: Medium Priority
720575941445311658,2,19.99999999999979,20.0,5,0.0,1.0,100.0,0.0,0,30.999999999999936,720575941445311658,172,Tier 2: Medium Priority
720575941571514619,2,19.99999999999979,20.0,5,0.0,1.0,100.0,0.0,0,30.999999999999936,720575941571514619,173,Tier 2: Medium Priority
720575941563872359,2,19.99999999999979,20.0,5,0.0,1.0,100.0,0.0,0,30.999999999999936,720575941563872359,174,Tier 2: Medium Priority
720575941583637214,2,19.99999999999979,20.0,5,0.0,1.0,100.0,0.0,0,30.999999999999936,720575941583637214,175,Tier 2: Medium Priority
720575941438729919,2,19.99999999999979,20.0,5,0.0,1.0,100.0,0.0,0,30.999999999999936,720575941438729919,176,Tier 2: Medium Priority
720575941558661165,5,11.999999999999977,12.0,3,0.0,1.0,100.0,9.182042382170259,6,30.89551059554256,720575941558661165,177,Tier 2: Medium Priority
720575941678358973,5,3.999999999999645,4.0,1,0.0,1.0,100.0,18.741627085616855,7,30.885406771404107,720575941678358973,178,Tier 2: Medium Priority
720575941601153270,5,11.999999999999977,12.0,3,0.0,1.0,100.0,8.201650225307514,5,30.650412556326874,720575941601153270,179,Tier 2: Medium Priority
720575941562066856,5,11.999999999999977,12.0,3,10.0,2.0,100.0,0.0,0,30.599999999999994,720575941562066856,180,Tier 2: Medium Priority
720575941604946797,5,11.999999999999977,12.0,3,10.0,2.0,100.0,0.0,0,30.599999999999994,720575941604946797,181,Tier 2: Medium Priority
720575941400818723,4,7.999999999999812,8.0,2,0.0,1.0,86.2864077669903,26.429484837413227,15,30.578973151100822,720575941400818723,182,Tier 2: Medium Priority
720575941447779092,2,15.999999999999623,16.0,4,0.0,1.0,100.0,2.8924613323590305,2,30.523115333089645,720575941447779092,183,Tier 2: Medium Priority
720575941640900453,5,11.999999999999977,12.0,3,0.0,1.0,100.0,7.104798441115577,4,30.37619961027889,720575941640900453,184,Tier 2: Medium Priority
720575941501721138,5,3.999999999999645,4.0,1,0.0,1.0,100.0,16.140695408598223,7,30.235173852149448,720575941501721138,185,Tier 2: Medium Priority
720575941550878087,5,3.999999999999645,4.0,1,0.0,1.0,100.0,15.946596029716236,7,30.18664900742895,720575941550878087,186,Tier 2: Medium Priority
720575941524264985,5,15.999999999999623,16.0,4,0.0,1.0,100.0,1.5238704177323101,1,30.180967604432965,720575941524264985,187,Tier 2: Medium Priority
720575941432778638,2,15.999999999999623,16.0,4,0.0,1.0,100.0,1.3685909146267203,1,30.142147728656568,720575941432778638,188,Tier 2: Medium Priority
720575941390660502,2,15.999999999999623,16.0,4,0.0,1.0,100.0,1.3685909146267203,1,30.142147728656568,720575941390660502,189,Tier 2: Medium Priority
720575941500845035,5,15.999999999999623,16.0,4,0.0,1.0,100.0,1.3685909146267203,1,30.142147728656568,720575941500845035,190,Tier 2: Medium Priority
720575941505478690,5,11.999999999999977,12.0,3,0.0,1.0,100.0,6.017841919376446,4,30.104460479844107,720575941505478690,191,Tier 2: Medium Priority
720575941401776931,4,23.999999999999954,24.0,6,0.0,1.0,86.2864077669903,4.299872122762148,3,29.846569972438097,720575941401776931,192,Tier 2: Medium Priority
720575941520333047,5,7.999999999999812,8.0,2,0.0,1.0,100.0,9.609061015710632,6,29.8022652539276,720575941520333047,193,Tier 2: Medium Priority
720575941590279208,2,15.999999999999623,16.0,4,0.0,1.0,100.0,0.0,0,29.799999999999887,720575941590279208,194,Tier 2: Medium Priority
720575941652323289,5,15.999999999999623,16.0,4,0.0,1.0,100.0,0.0,0,29.799999999999887,720575941652323289,195,Tier 2: Medium Priority
720575941461240019,2,15.999999999999623,16.0,4,0.0,1.0,100.0,0.0,0,29.799999999999887,720575941461240019,196,Tier 2: Medium Priority
720575941614816725,2,15.999999999999623,16.0,4,0.0,1.0,100.0,0.0,0,29.799999999999887,720575941614816725,197,Tier 2: Medium Priority
720575941513177337,2,15.999999999999623,16.0,4,0.0,1.0,100.0,0.0,0,29.799999999999887,720575941513177337,198,Tier 2: Medium Priority
720575941721193018,5,15.999999999999623,16.0,4,0.0,1.0,100.0,0.0,0,29.799999999999887,720575941721193018,199,Tier 2: Medium Priority
720575941553418724,2,15.999999999999623,16.0,4,0.0,1.0,100.0,0.0,0,29.799999999999887,720575941553418724,200,Tier 2: Medium Priority
720575941565168942,5,15.999999999999623,16.0,4,0.0,1.0,100.0,0.0,0,29.799999999999887,720575941565168942,201,Tier 2: Medium Priority
720575941665486067,2,15.999999999999623,16.0,4,0.0,1.0,100.0,0.0,0,29.799999999999887,720575941665486067,202,Tier 2: Medium Priority
720575941626286474,2,15.999999999999623,16.0,4,0.0,1.0,100.0,0.0,0,29.799999999999887,720575941626286474,203,Tier 2: Medium Priority
720575941499447691,5,15.999999999999623,16.0,4,0.0,1.0,100.0,0.0,0,29.799999999999887,720575941499447691,204,Tier 2: Medium Priority
720575941429422295,2,15.999999999999623,16.0,4,0.0,1.0,100.0,0.0,0,29.799999999999887,720575941429422295,205,Tier 2: Medium Priority
720575941535907521,2,15.999999999999623,16.0,4,0.0,1.0,100.0,0.0,0,29.799999999999887,720575941535907521,206,Tier 2: Medium Priority
720575941554554266,2,15.999999999999623,16.0,4,0.0,1.0,100.0,0.0,0,29.799999999999887,720575941554554266,207,Tier 2: Medium Priority
720575941405813295,2,15.999999999999623,16.0,4,0.0,1.0,100.0,0.0,0,29.799999999999887,720575941405813295,208,Tier 2: Medium Priority
720575941501842626,2,15.999999999999623,16.0,4,0.0,1.0,100.0,0.0,0,29.799999999999887,720575941501842626,209,Tier 2: Medium Priority
720575941518406766,5,15.999999999999623,16.0,4,0.0,1.0,100.0,0.0,0,29.799999999999887,720575941518406766,210,Tier 2: Medium Priority
720575941447294045,2,15.999999999999623,16.0,4,0.0,1.0,100.0,0.0,0,29.799999999999887,720575941447294045,211,Tier 2: Medium Priority
720575941611056714,5,15.999999999999623,16.0,4,0.0,1.0,100.0,0.0,0,29.799999999999887,720575941611056714,212,Tier 2: Medium Priority
720575941652191961,2,15.999999999999623,16.0,4,0.0,1.0,100.0,0.0,0,29.799999999999887,720575941652191961,213,Tier 2: Medium Priority
720575941429532119,5,15.999999999999623,16.0,4,0.0,1.0,100.0,0.0,0,29.799999999999887,720575941429532119,214,Tier 2: Medium Priority
720575941447591246,2,15.999999999999623,16.0,4,0.0,1.0,100.0,0.0,0,29.799999999999887,720575941447591246,215,Tier 2: Medium Priority
720575941566918388,5,15.999999999999623,16.0,4,0.0,1.0,100.0,0.0,0,29.799999999999887,720575941566918388,216,Tier 2: Medium Priority
720575941484029446,2,15.999999999999623,16.0,4,0.0,1.0,100.0,0.0,0,29.799999999999887,720575941484029446,217,Tier 2: Medium Priority
720575941580641913,2,15.999999999999623,16.0,4,0.0,1.0,100.0,0.0,0,29.799999999999887,720575941580641913,218,Tier 2: Medium Priority
720575941537687757,2,15.999999999999623,16.0,4,0.0,1.0,100.0,0.0,0,29.799999999999887,720575941537687757,219,Tier 2: Medium Priority
720575941567684340,2,15.999999999999623,16.0,4,0.0,1.0,100.0,0.0,0,29.799999999999887,720575941567684340,220,Tier 2: Medium Priority
720575941440620123,2,15.999999999999623,16.0,4,0.0,1.0,100.0,0.0,0,29.799999999999887,720575941440620123,221,Tier 2: Medium Priority
720575941494733767,5,15.999999999999623,16.0,4,0.0,1.0,100.0,0.0,0,29.799999999999887,720575941494733767,222,Tier 2: Medium Priority
720575941537796989,5,15.999999999999623,16.0,4,0.0,1.0,100.0,0.0,0,29.799999999999887,720575941537796989,223,Tier 2: Medium Priority
720575941399264291,2,15.999999999999623,16.0,4,0.0,1.0,100.0,0.0,0,29.799999999999887,720575941399264291,224,Tier 2: Medium Priority
720575941590898027,2,15.999999999999623,16.0,4,0.0,1.0,100.0,0.0,0,29.799999999999887,720575941590898027,225,Tier 2: Medium Priority
720575941438440236,5,15.999999999999623,16.0,4,0.0,1.0,100.0,0.0,0,29.799999999999887,720575941438440236,226,Tier 2: Medium Priority
720575941522790475,2,15.999999999999623,16.0,4,0.0,1.0,100.0,0.0,0,29.799999999999887,720575941522790475,227,Tier 2: Medium Priority
720575941496830370,5,3.999999999999645,4.0,1,0.0,1.0,100.0,14.199701619778347,7,29.74992540494448,720575941496830370,228,Tier 2: Medium Priority
720575941495591291,5,7.999999999999812,8.0,2,0.0,1.0,100.0,9.298502009499451,6,29.724625502374806,720575941495591291,229,Tier 2: Medium Priority
720575941535047690,5,7.999999999999812,8.0,2,0.0,1.0,100.0,9.143222506393862,6,29.68580562659841,720575941535047690,230,Tier 2: Medium Priority
720575941438938175,4,15.999999999999623,16.0,4,0.0,1.0,86.2864077669903,13.073925222262819,7,29.640083247313164,720575941438938175,231,Tier 2: Medium Priority
720575941521069751,4,19.99999999999979,20.0,5,0.0,1.0,86.2864077669903,7.619352088661552,5,29.4764399639129,720575941521069751,232,Tier 2: Medium Priority
720575941614850517,5,11.999999999999977,12.0,3,0.0,1.0,100.0,3.397119717452198,2,29.449279929363044,720575941614850517,233,Tier 2: Medium Priority
720575941462590608,5,7.999999999999812,8.0,2,10.0,2.0,100.0,0.0,0,29.39999999999994,720575941462590608,234,Tier 2: Medium Priority
720575941586427972,2,7.999999999999812,8.0,2,10.0,2.0,100.0,0.0,0,29.39999999999994,720575941586427972,235,Tier 2: Medium Priority
720575941450101063,2,7.999999999999812,8.0,2,10.0,2.0,100.0,0.0,0,29.39999999999994,720575941450101063,236,Tier 2: Medium Priority
720575941501903154,5,7.999999999999812,8.0,2,10.0,2.0,100.0,0.0,0,29.39999999999994,720575941501903154,237,Tier 2: Medium Priority
720575941536708323,2,7.999999999999812,8.0,2,10.0,2.0,100.0,0.0,0,29.39999999999994,720575941536708323,238,Tier 2: Medium Priority
720575941652652561,2,7.999999999999812,8.0,2,10.0,2.0,100.0,0.0,0,29.39999999999994,720575941652652561,239,Tier 2: Medium Priority
720575941669827505,5,11.999999999999977,12.0,3,0.0,1.0,100.0,3.086560711241018,2,29.37164017781025,720575941669827505,240,Tier 2: Medium Priority
720575941500983019,5,11.999999999999977,12.0,3,0.0,1.0,100.0,2.931281208135428,2,29.332820302033852,720575941500983019,241,Tier 2: Medium Priority
720575941459514512,5,7.999999999999812,8.0,2,0.0,1.0,100.0,7.696991840214347,5,29.32424796005353,720575941459514512,242,Tier 2: Medium Priority
720575941450628218,5,7.999999999999812,8.0,2,0.0,1.0,100.0,7.696991840214347,5,29.32424796005353,720575941450628218,243,Tier 2: Medium Priority
720575941670676135,5,7.999999999999812,8.0,2,0.0,1.0,100.0,7.696991840214347,5,29.32424796005353,720575941670676135,244,Tier 2: Medium Priority
720575941652038421,5,11.999999999999977,12.0,3,0.0,1.0,100.0,2.776001705029838,2,29.294000426257455,720575941652038421,245,Tier 2: Medium Priority
720575941630748859,1,3.999999999999645,4.0,1,0.0,1.0,77.18446601941747,35.106868834490314,21,29.27283371347684,720575941630748859,246,Tier 2: Medium Priority
720575941464768790,4,11.999999999999977,12.0,3,0.0,1.0,86.2864077669903,16.286840823285836,10,29.24331214756903,720575941464768790,247,Tier 2: Medium Priority
720575941523112439,4,11.999999999999977,12.0,3,0.0,1.0,86.2864077669903,16.20920107173304,10,29.22390220968083,720575941523112439,248,Tier 2: Medium Priority
720575941564059399,4,23.999999999999954,24.0,6,0.0,1.0,86.2864077669903,1.3685909146267203,1,29.11374967040424,720575941564059399,249,Tier 2: Medium Priority
720575941625907769,4,3.999999999999645,4.0,1,0.0,1.0,86.2864077669903,25.187248812568505,15,29.068414144889594,720575941625907769,250,Tier 2: Medium Priority
720575941439017423,5,11.999999999999977,12.0,3,0.0,1.0,100.0,1.7956095481670928,1,29.048902387041768,720575941439017423,251,Tier 2: Medium Priority
