interneuron_id,cluster
720575941350374960,3
720575941350393904,4
720575941350409264,5
720575941351927600,3
720575941390660502,1
720575941390684310,4
720575941390688150,4
720575941392423830,2
720575941392743940,2
720575941393490838,4
720575941394069654,4
720575941399253283,5
720575941399264291,1
720575941399309603,5
720575941400818723,4
720575941401776931,4
720575941402032240,1
720575941404452720,5
720575941404724848,2
720575941405813295,1
720575941407101614,4
720575941407795118,1
720575941408464299,5
720575941408509867,1
720575941409016235,1
720575941409939055,5
720575941410007663,4
720575941410025071,4
720575941411572847,2
720575941411656081,4
720575941412323473,5
720575941412443540,2
720575941412445332,3
720575941413308561,2
720575941413872924,5
720575941413914652,5
720575941413920540,4
720575941413990172,4
720575941414303377,4
720575941414326161,5
720575941414456212,5
720575941414464660,5
720575941415476252,1
720575941428412809,2
720575941428965368,4
720575941429210721,5
720575941429324641,4
720575941429422295,1
720575941429439959,5
720575941429532119,1
720575941429556655,4
720575941430016905,4
720575941430163982,4
720575941430294703,5
720575941430389006,5
720575941430842209,2
720575941431072137,5
720575941431075503,5
720575941431099567,3
720575941431311575,3
720575941432002574,4
720575941432743054,5
720575941432778638,1
720575941433406752,2
720575941435581740,5
720575941435625516,5
720575941435653164,3
720575941435780114,4
720575941435993888,5
720575941436391698,4
720575941436828639,2
720575941436996882,4
720575941437157676,5
720575941437158956,5
720575941437525589,3
720575941437526869,5
720575941437603669,1
720575941438261845,5
720575941438440236,1
720575941438659551,2
720575941438723263,4
720575941438729919,1
720575941438748351,2
720575941438935131,2
720575941438938175,4
720575941438951515,1
720575941439017423,5
720575941439063503,4
720575941439197269,5
720575941439870399,2
720575941440213695,4
720575941440287167,5
720575941440620123,1
720575941441318591,4
720575941441993167,3
720575941442357674,4
720575941442374058,5
720575941442379178,3
720575941442637519,4
720575941445311658,1
720575941445324052,4
720575941446990261,1
720575941447025845,2
720575941447294045,1
720575941447363677,4
720575941447591246,1
720575941447779092,1
720575941447822158,5
720575941449258106,3
720575941449835898,1
720575941449886791,2
720575941449942877,1
720575941450080071,3
720575941450080349,4
720575941450101063,2
720575941450477225,5
720575941450532174,5
720575941450628218,5
720575941450876794,5
720575941451662663,3
720575941451768391,2
720575941451814215,4
720575941452168873,4
720575941452198707,5
720575941452199475,5
720575941453948397,5
720575941454024429,5
720575941455932912,5
720575941456176799,1
720575941456206495,5
720575941456314271,5
720575941456340895,3
720575941456348575,4
720575941456667373,4
720575941456678893,5
720575941457073478,2
720575941457147206,4
720575941457153094,5
720575941457431280,3
720575941457797360,4
720575941457802480,4
720575941457930655,4
720575941457979039,5
720575941458334163,2
720575941458353363,5
720575941458373587,5
720575941458656467,5
720575941458873796,5
720575941459312966,2
720575941459514512,5
720575941459554960,5
720575941459562128,5
720575941459883846,1
720575941459906630,5
720575941460225168,3
720575941460235152,1
720575941460571588,4
720575941460885005,5
720575941461076493,3
720575941461227152,5
720575941461235088,5
720575941461240019,1
720575941461246931,4
720575941464073558,5
720575941464768790,4
720575941464777814,3
720575941464839446,3
720575941464901398,5
720575941465484566,2
720575941467252189,4
720575941468245879,3
720575941468683997,1
720575941468725259,1
720575941468966208,4
720575941469045824,2
720575941470067063,5
720575941470077047,4
720575941470111863,5
720575941470474763,4
720575941470536715,5
720575941471907904,4
720575941472042282,1
720575941472050218,5
720575941472090922,1
720575941472595003,5
720575941473384234,4
720575941474337310,2
720575941474347294,5
720575941474394673,3
720575941474413873,2
720575941474426929,2
720575941474437681,5
720575941474447134,1
720575941474459707,3
720575941474711873,5
720575941474725684,5
720575941474741819,2
720575941474786625,5
720575941474806068,4
720575941474830644,5
720575941474935105,5
720575941475696746,5
720575941475988529,5
720575941475996465,5
720575941476452458,5
720575941477166622,5
720575941477297716,4
720575941477425770,5
720575941477553376,1
720575941477573344,4
720575941477884802,4
720575941477897346,1
720575941477996195,1
720575941478092963,4
720575941478179235,4
720575941478399055,5
720575941478488143,3
720575941478544719,2
720575941479369346,5
720575941479505315,2
720575941479721635,5
720575941479863491,3
720575941480410822,5
720575941481020925,5
720575941481036797,1
720575941481113597,4
720575941481588934,2
720575941482478778,1
720575941483682813,4
720575941483838349,2
720575941484029446,1
720575941484048390,4
720575941484125702,5
720575941484346621,4
720575941484663558,1
720575941485135426,1
720575941485138896,5
720575941485260240,4
720575941485316493,3
720575941485377602,2
720575941485378626,4
720575941485422221,5
720575941485458754,5
720575941485775110,3
720575941486089538,5
720575941486560774,2
720575941486866640,4
720575941487910608,4
720575941487942608,4
720575941488015312,5
720575941488156361,3
720575941488193481,5
720575941488419022,2
720575941488475598,5
720575941488531662,2
720575941488675276,2
720575941488732876,2
720575941488811468,5
720575941489006823,5
720575941489037031,3
720575941489038311,5
720575941489089255,5
720575941489320757,4
720575941489388236,1
720575941489677001,5
720575941489819081,5
720575941490160590,3
720575941490220750,5
720575941490856880,2
720575941491175399,4
720575941491289033,4
720575941491338441,5
720575941491651559,5
720575941491903152,1
720575941492284286,5
720575941492308606,2
720575941492350590,4
720575941492413054,5
720575941492492670,4
720575941493701246,1
720575941494052992,5
720575941494969726,5
720575941495495547,5
720575941495591291,5
720575941495592571,4
720575941495662971,2
720575941495663232,2
720575941496047433,5
720575941496142921,1
720575941496146657,5
720575941496222945,4
720575941496227041,2
720575941496289609,4
720575941496830370,5
720575941496878498,4
720575941496915618,4
720575941496948297,5
720575941496949410,4
720575941497887817,3
720575941498287522,5
720575941498696354,5
720575941498803874,5
720575941498935777,4
720575941499420555,5
720575941499426699,5
720575941499447691,5
720575941499544715,4
720575941500845035,5
720575941500898795,2
720575941500983019,5
720575941501026283,1
720575941501721138,5
720575941501786930,4
720575941501802434,5
720575941501837506,1
720575941501842626,1
720575941501848626,5
720575941501884610,2
720575941501903154,5
720575941503451301,2
720575941503499755,4
720575941503638578,5
720575941503667109,1
720575941504039618,4
720575941504235031,5
720575941504365847,5
720575941504424517,1
720575941504456386,1
720575941504505157,4
720575941504563781,3
720575941505369509,5
720575941505457954,3
720575941505478690,4
720575941505493026,1
720575941505610263,5
720575941505725790,5
720575941505819009,5
720575941505835137,5
720575941505887361,1
720575941505889409,1
720575941507228545,4
720575941507266594,4
720575941507280965,3
720575941507787024,5
720575941507848208,5
720575941508278562,5
720575941508354770,4
720575941508439762,5
720575941508509569,2
720575941510611922,4
720575941511201868,3
720575941511275986,4
720575941511388881,4
720575941511393233,3
720575941512451907,3
720575941512798796,5
720575941512808780,1
720575941512896099,1
720575941512899427,1
720575941512987129,5
720575941513033219,4
720575941513167609,3
720575941513177337,1
720575941513220601,1
720575941513242202,2
720575941513254905,3
720575941513264377,4
720575941513677571,2
720575941513791820,2
720575941514046355,2
720575941514065043,5
720575941514097043,5
720575941514103107,5
720575941515619939,1
720575941516099500,1
720575941516572632,3
720575941516616664,4
720575941516768472,5
720575941516784494,5
720575941516842094,5
720575941516873838,2
720575941517717420,4
720575941517764824,5
720575941517770412,1
720575941518406766,5
720575941518410094,4
720575941518434227,1
720575941518439347,5
720575941518537582,4
720575941518866542,2
720575941519213016,1
720575941519273944,5
720575941520064435,3
720575941520255223,5
720575941520284919,4
720575941520331511,5
720575941520333047,5
720575941521031927,5
720575941521069751,4
720575941521101495,5
720575941521485643,1
720575941521508939,3
720575941521986227,5
720575941522089463,5
720575941522790475,1
720575941523052279,5
720575941523100491,5
720575941523112439,4
720575941523692290,5
720575941523994114,2
720575941524114276,3
720575941524185419,3
720575941524187492,2
720575941524196683,5
720575941524264985,5
720575941524294169,2
720575941524369945,4
720575941525142182,1
720575941525182630,4
720575941525224614,1
720575941525445145,5
720575941525725954,4
720575941525782349,5
720575941526355844,5
720575941526690841,1
720575941526718564,4
720575941526856614,5
720575941527099981,3
720575941527126712,5
720575941527220920,2
720575941527833016,1
720575941527843768,4
720575941528086660,4
720575941528729784,1
720575941528944568,5
720575941529077176,5
720575941529212619,4
720575941529746405,4
720575941529753476,3
720575941530192843,4
720575941530265035,3
720575941530751363,3
720575941530787203,3
720575941530839427,4
720575941530853507,2
720575941530861699,1
720575941531197387,5
720575941531464677,5
720575941532246762,5
720575941532349362,5
720575941532384387,3
720575941532385624,5
720575941532432618,3
720575941532476248,4
720575941532507480,1
720575941532526168,2
720575941533221825,4
720575941533234954,1
720575941533258689,1
720575941533531402,2
720575941533738986,4
720575941533761050,2
720575941533768474,2
720575941533780762,5
720575941533786906,1
720575941533798938,1
720575941533802266,2
720575941533819162,2
720575941533831194,2
720575941533864458,4
720575941533866506,4
720575941534709482,5
720575941534726376,4
720575941534822632,2
720575941534843073,5
720575941534854337,5
720575941534912088,2
720575941535001010,5
720575941535047690,5
720575941535331338,4
720575941535419418,1
720575941535749859,2
720575941535907521,1
720575941535943178,4
720575941535952577,5
720575941536294293,5
720575941536368370,5
720575941536371442,5
720575941536648168,2
720575941536906389,3
720575941537501160,5
720575941537584882,4
720575941537594573,1
720575941537600973,4
720575941537687757,1
720575941537719165,1
720575941537796989,5
720575941537925106,5
720575941537933042,2
720575941539037170,3
720575941539218301,5
720575941539355517,5
720575941539741788,2
720575941540246909,2
720575941540255357,2
720575941540690717,4
720575941540727581,5
720575941540870685,5
720575941542265093,4
720575941542282245,3
720575941542286085,3
720575941542432092,3
720575941542469212,3
720575941543315205,5
720575941543397737,1
720575941543613033,4
720575941543647420,4
720575941543648005,5
720575941543893353,3
720575941544606388,3
720575941544636596,4
720575941544688308,4
720575941545286792,3
720575941545400508,5
720575941545440392,4
720575941546065032,4
720575941546335676,4
720575941546491681,5
720575941546687009,1
720575941546689825,3
720575941546727713,2
720575941547177076,2
720575941547226248,5
720575941547341684,3
720575941547390269,5
720575941549283839,2
720575941549386239,5
720575941549394687,3
720575941549399039,4
720575941549478945,2
720575941549481761,4
720575941549701182,4
720575941550878087,5
720575941550948231,4
720575941550971783,5
720575941551384091,3
720575941551389979,1
720575941551443610,2
720575941551502490,5
720575941551579034,2
720575941551588506,5
720575941551589274,4
720575941551598746,1
720575941551622023,2
720575941551632794,1
720575941551926527,5
720575941551937598,1
720575941552351745,4
720575941552472065,5
720575941552622398,5
720575941552643390,5
720575941552793939,1
720575941553313434,2
720575941553338778,5
720575941553418724,1
720575941553425235,4
720575941553479140,3
720575941553506020,2
720575941554049307,1
720575941554264577,5
720575941554482259,5
720575941554554266,1
720575941554784676,5
720575941555504723,5
720575941555505188,5
720575941555575332,4
720575941555938899,1
720575941556222628,4
720575941556251556,3
720575941557294095,5
720575941557362852,5
720575941557507443,5
720575941557576563,4
720575941557624947,5
720575941557882895,5
720575941558635053,5
720575941558646061,5
720575941558661165,5
720575941559096302,3
720575941559274867,5
720575941559310125,4
720575941559321971,5
720575941559331443,5
720575941559947279,4
720575941560090862,5
720575941560427379,3
720575941560632744,4
720575941561308818,1
720575941561320493,3
720575941562021376,5
720575941562043392,5
720575941562066856,5
720575941562134829,1
720575941562321671,4
720575941562339079,5
720575941562464866,5
720575941562594194,4
720575941563206400,3
720575941563314486,3
720575941563316022,3
720575941563318070,4
720575941563450678,5
720575941563872359,1
720575941563920999,5
720575941564034614,4
720575941564059399,4
720575941564098567,3
720575941564147346,1
720575941564530327,5
720575941564553223,2
720575941565113095,4
720575941565122614,4
720575941565168942,5
720575941565251374,2
720575941565290286,3
720575941565459095,5
720575941565522839,5
720575941565531799,4
720575941566431286,2
720575941566716206,5
720575941566753274,3
720575941566788602,5
720575941566802170,4
720575941566918388,5
720575941566956532,5
720575941567030516,1
720575941567123444,2
720575941567139630,3
720575941567151918,5
720575941567639922,2
720575941567684340,1
720575941568553586,3
720575941568555634,3
720575941568726004,5
720575941568855540,4
720575941569376250,3
720575941569613470,3
720575941569639326,3
720575941570304926,1
720575941570676552,5
720575941570772296,5
720575941570817352,2
720575941571423240,3
720575941571427323,5
720575941571492859,4
720575941571499515,5
720575941571514619,1
720575941571515131,1
720575941571516936,5
720575941571524872,1
720575941571690760,5
720575941571847069,5
720575941571896477,4
720575941571957661,4
720575941572094203,4
720575941572107017,4
720575941572153865,1
720575941572251144,2
720575941572815247,5
720575941572945039,5
720575941573038843,5
720575941573188278,4
720575941573204662,5
720575941573233403,3
720575941573255581,2
720575941573489416,5
720575941573956239,4
720575941574184699,1
720575941574190331,2
720575941574412943,5
720575941574704649,4
720575941575397263,3
720575941575512424,5
720575941575519336,5
720575941575681718,4
720575941575691624,5
720575941575696217,1
720575941576368744,4
720575941576927057,2
720575941576933109,5
720575941576934645,1
720575941576941045,5
720575941576979701,5
720575941576983285,5
720575941576984821,5
720575941577217113,4
720575941577669457,4
720575941578722641,3
720575941578793809,5
720575941579072889,2
720575941579161465,4
720575941579867125,4
720575941579868917,4
720575941580348753,5
720575941580626041,5
720575941580641913,1
720575941581637215,4
720575941581641311,5
720575941581648479,4
720575941581678175,4
720575941581683039,1
720575941581685113,1
720575941583208582,5
720575941583254918,2
720575941583296902,2
720575941583588830,4
720575941583601886,5
720575941583637214,1
720575941583646430,5
720575941584194270,5
720575941585289950,5
720575941586427972,1
720575941587178295,3
720575941587362103,5
720575941587528772,1
720575941587989502,5
720575941588018942,4
720575941588095300,4
720575941589857790,3
720575941590279208,1
720575941590840062,5
720575941590898027,1
720575941591271308,5
720575941591748648,4
720575941592094422,2
720575941592149718,5
720575941592547879,4
720575941592602149,5
720575941592919080,5
720575941593189489,5
720575941593615211,4
720575941593836933,4
720575941593965957,4
720575941594160421,1
720575941594213927,4
720575941594515158,4
720575941594821334,5
720575941594870230,5
720575941595021681,5
720575941595664165,3
720575941595766428,5
720575941596078961,2
720575941597149376,4
720575941600259369,5
720575941600370985,4
720575941601088441,5
720575941601153270,5
720575941601209590,4
720575941601266678,1
720575941602315454,4
720575941602987510,3
720575941603749817,3
720575941603916222,1
720575941604946797,5
720575941604997997,4
720575941605021293,5
720575941605602669,1
720575941606544493,1
720575941607605101,4
720575941608350794,3
720575941608410698,2
720575941608817897,5
720575941608900585,4
720575941608991050,2
720575941609001034,4
720575941609330605,5
720575941609358310,5
720575941609413862,3
720575941609479526,4
720575941609520742,4
720575941610056166,4
720575941610354153,1
720575941610536924,4
720575941610583260,2
720575941610587612,5
720575941610618982,1
720575941610953446,3
720575941611080010,5
720575941611914669,5
720575941612027238,4
720575941612053094,4
720575941612197734,4
720575941612500889,5
720575941612611993,5
720575941612696934,1
720575941613256211,4
720575941613367260,4
720575941613403100,2
720575941614802389,2
720575941614816725,1
720575941614850517,5
720575941614874325,3
720575941614889941,4
720575941614919893,1
720575941615272601,5
720575941616420053,4
720575941617069695,2
720575941617646805,2
720575941618008447,1
720575941619071871,3
720575941619873663,4
720575941621586172,1
720575941621630716,5
720575941621725180,2
720575941623108298,3
720575941623126474,1
720575941623328108,5
720575941623347099,2
720575941623353755,3
720575941623399788,4
720575941623439754,5
720575941623972251,4
720575941624764268,1
720575941625095067,2
720575941625170314,1
720575941625319225,5
720575941625347722,5
720575941625387321,5
720575941625932682,5
720575941625963419,4
720575941626235530,4
720575941626286474,1
720575941626734630,4
720575941626975782,2
720575941628010553,5
720575941628377314,1
720575941628602594,5
720575941628617186,3
720575941628690982,5
720575941629131490,3
720575941629413356,5
720575941630302405,2
720575941630620576,5
720575941630622624,4
720575941630748859,2
720575941630933947,2
720575941630936251,1
720575941630959035,5
720575941631436524,5
720575941631436780,4
720575941632673516,5
720575941632722875,3
720575941632901829,5
720575941636281205,5
720575941636535413,2
720575941637958687,1
720575941640900453,5
720575941641423442,5
720575941641473874,3
720575941641490258,4
720575941641574994,3
720575941642372040,4
720575941642447973,3
720575941642530504,1
720575941642638792,2
720575941643002962,4
720575941644138401,4
720575941644491640,5
720575941644908408,2
720575941645114785,5
720575941645261768,2
720575941649214997,1
720575941649244437,5
720575941649244949,4
720575941650693905,2
720575941650696977,2
720575941650775313,2
720575941650798609,3
720575941651851797,2
720575941652038421,2
720575941652191961,5
720575941652323289,5
720575941652536593,1
720575941652640273,4
720575941652652561,3
720575941653507801,4
720575941653565201,4
720575941654367444,1
720575941654985945,5
720575941655477716,1
720575941655827480,1
720575941655860504,5
720575941656239440,4
720575941656252752,4
720575941657510992,2
720575941657718552,4
720575941658910032,4
720575941659675704,5
720575941659696184,5
720575941660856956,4
720575941662295352,2
720575941662449020,5
720575941663099516,5
720575941663489404,3
720575941665486067,1
720575941665520371,5
720575941665522419,5
720575941666130675,5
720575941667143601,4
720575941667146417,2
720575941667164081,2
720575941668285171,4
720575941668606375,4
720575941668725169,5
720575941668742567,5
720575941668869363,4
720575941669049587,1
720575941669827505,5
720575941670445479,5
720575941670585767,2
720575941670676135,5
720575941671138727,3
720575941678358973,5
720575941679017405,4
720575941680033213,4
720575941680340157,3
720575941684748271,3
720575941684876527,5
720575941684990447,2
720575941684992751,4
720575941685707788,1
720575941685747212,4
720575941686037878,4
720575941686858735,2
720575941687572492,4
720575941687834331,5
720575941687863515,5
720575941687911663,2
720575941687929307,4
720575941688042203,5
720575941688187032,2
720575941688628342,3
720575941688644470,3
720575941700457946,5
720575941700592858,1
720575941703124698,1
720575941720629050,5
720575941721193018,5
720575941722194234,2
720575941723242042,4
720575941729855787,5
720575941729950507,1
720575941729958699,4
720575941729980203,1
