dn_id,dn_name,in_id,in_name,mn_id,mn_name,muscle,dn_in_synapses,in_mn_synapses,pathway_strength
720575941392812548,DNp26,720575941572251144,w-cHIN,720575941549822781,b1,b1,45,25,1125
720575941392812548,DNp26,720575941630748859,w-cHIN,720575941655597785,b2,b2,28,58,1624
720575941400285475,DNnt020,720575941579868917,IN03B022,720575941630940642,hg4,hg4,45,46,2070
720575941400285475,DNnt020,720575941579868917,IN03B022,720575941630940642,hg4,hg4,45,33,1485
720575941408508078,DNp08,720575941563920999,IN02A010,720575941629172716,iii1,iii1,28,237,6636
720575941408508078,DNp08,720575941625963419,IN04B006,720575941516770670,iii4,iii4,36,33,1188
720575941411441323,DNxn124,720575941575397263,IN13A013,720575941645041313,ps1,ps1,26,25,650
720575941411441323,DNxn124,720575941623108298,IN13A013,720575941472734048,DVM1a-c,DVM1A,29,39,1131
720575941411441323,DNxn124,720575941623108298,IN13A013,720575941603635190,DVM1a-c,DVM1A,29,32,928
720575941411441323,DNxn124,720575941623108298,IN13A013,720575941643100754,ps1,ps1,29,96,2784
720575941411441323,DNxn124,720575941623108298,IN13A013,720575941643100754,ps1,ps1,29,182,5278
720575941411441323,DNxn124,720575941623108298,IN13A013,720575941645041313,ps1,ps1,29,26,754
720575941411441323,DNxn124,720575941623108298,IN13A013,720575941645041313,ps1,ps1,29,52,1508
720575941411441323,DNxn124,720575941623108298,IN13A013,720575941645041313,ps1,ps1,29,47,1363
720575941411441323,DNxn124,720575941623108298,IN13A013,720575941472734048,DVM1a-c,DVM1A,27,39,1053
720575941411441323,DNxn124,720575941623108298,IN13A013,720575941603635190,DVM1a-c,DVM1A,27,32,864
720575941411441323,DNxn124,720575941623108298,IN13A013,720575941643100754,ps1,ps1,27,96,2592
720575941411441323,DNxn124,720575941623108298,IN13A013,720575941643100754,ps1,ps1,27,182,4914
720575941411441323,DNxn124,720575941623108298,IN13A013,720575941645041313,ps1,ps1,27,26,702
720575941411441323,DNxn124,720575941623108298,IN13A013,720575941645041313,ps1,ps1,27,52,1404
720575941411441323,DNxn124,720575941623108298,IN13A013,720575941645041313,ps1,ps1,27,47,1269
720575941411441323,DNxn124,720575941623108298,IN13A013,720575941472734048,DVM1a-c,DVM1A,36,39,1404
720575941411441323,DNxn124,720575941623108298,IN13A013,720575941603635190,DVM1a-c,DVM1A,36,32,1152
720575941411441323,DNxn124,720575941623108298,IN13A013,720575941643100754,ps1,ps1,36,96,3456
720575941411441323,DNxn124,720575941623108298,IN13A013,720575941643100754,ps1,ps1,36,182,6552
720575941411441323,DNxn124,720575941623108298,IN13A013,720575941645041313,ps1,ps1,36,26,936
720575941411441323,DNxn124,720575941623108298,IN13A013,720575941645041313,ps1,ps1,36,52,1872
720575941411441323,DNxn124,720575941623108298,IN13A013,720575941645041313,ps1,ps1,36,47,1692
720575941411441323,DNxn124,720575941671138727,IN13A013,720575941565105206,DVM1a-c,DVM1A,32,46,1472
720575941411441323,DNxn124,720575941671138727,IN13A013,720575941566847847,DVM1a-c,DVM1A,32,25,800
720575941411441323,DNxn124,720575941671138727,IN13A013,720575941643100754,ps1,ps1,32,41,1312
720575941411441323,DNxn124,720575941671138727,IN13A013,720575941643100754,ps1,ps1,32,36,1152
720575941411441323,DNxn124,720575941671138727,IN13A013,720575941643100754,ps1,ps1,32,34,1088
720575941411441323,DNxn124,720575941671138727,IN13A013,720575941645041313,ps1,ps1,32,64,2048
720575941411441323,DNxn124,720575941671138727,IN13A013,720575941645041313,ps1,ps1,32,157,5024
720575941411441323,DNxn124,720575941671138727,IN13A013,720575941565105206,DVM1a-c,DVM1A,31,46,1426
720575941411441323,DNxn124,720575941671138727,IN13A013,720575941566847847,DVM1a-c,DVM1A,31,25,775
720575941411441323,DNxn124,720575941671138727,IN13A013,720575941643100754,ps1,ps1,31,41,1271
720575941411441323,DNxn124,720575941671138727,IN13A013,720575941643100754,ps1,ps1,31,36,1116
720575941411441323,DNxn124,720575941671138727,IN13A013,720575941643100754,ps1,ps1,31,34,1054
720575941411441323,DNxn124,720575941671138727,IN13A013,720575941645041313,ps1,ps1,31,64,1984
720575941411441323,DNxn124,720575941671138727,IN13A013,720575941645041313,ps1,ps1,31,157,4867
720575941414262161,DNxn163,720575941457802480,IN12B015,720575941516770670,iii4,iii4,57,26,1482
720575941430250377,DNg91,720575941457147206,IN18B020,720575941513173763,hg4,hg4,25,66,1650
720575941430250377,DNg91,720575941457147206,IN18B020,720575941516770670,iii4,iii4,25,32,800
720575941430250377,DNg91,720575941457147206,IN18B020,720575941549822781,b1,b1,25,25,625
720575941430250377,DNg91,720575941457147206,IN18B020,720575941580669817,hg1,hg1,25,40,1000
720575941438410514,DNb07,720575941623108298,IN13A013,720575941472734048,DVM1a-c,DVM1A,29,39,1131
720575941438410514,DNb07,720575941623108298,IN13A013,720575941603635190,DVM1a-c,DVM1A,29,32,928
720575941438410514,DNb07,720575941623108298,IN13A013,720575941643100754,ps1,ps1,29,96,2784
720575941438410514,DNb07,720575941623108298,IN13A013,720575941643100754,ps1,ps1,29,182,5278
720575941438410514,DNb07,720575941623108298,IN13A013,720575941645041313,ps1,ps1,29,26,754
720575941438410514,DNb07,720575941623108298,IN13A013,720575941645041313,ps1,ps1,29,52,1508
720575941438410514,DNb07,720575941623108298,IN13A013,720575941645041313,ps1,ps1,29,47,1363
720575941438410514,DNb07,720575941671138727,IN13A013,720575941565105206,DVM1a-c,DVM1A,28,46,1288
720575941438410514,DNb07,720575941671138727,IN13A013,720575941566847847,DVM1a-c,DVM1A,28,25,700
720575941438410514,DNb07,720575941671138727,IN13A013,720575941643100754,ps1,ps1,28,41,1148
720575941438410514,DNb07,720575941671138727,IN13A013,720575941643100754,ps1,ps1,28,36,1008
720575941438410514,DNb07,720575941671138727,IN13A013,720575941643100754,ps1,ps1,28,34,952
720575941438410514,DNb07,720575941671138727,IN13A013,720575941645041313,ps1,ps1,28,64,1792
720575941438410514,DNb07,720575941671138727,IN13A013,720575941645041313,ps1,ps1,28,157,4396
720575941440280767,DNa15,720575941429556655,IN14B007,720575941630940642,hg4,hg4,42,57,2394
720575941440280767,DNa15,720575941458334163,w-cHIN,720575941624155644,b2,b2,33,50,1650
720575941440280767,DNa15,720575941503451301,w-cHIN,720575941624155644,b2,b2,53,44,2332
720575941440280767,DNa15,720575941608991050,w-cHIN,720575941521196211,b1,b1,66,31,2046
720575941440280767,DNa15,720575941608991050,w-cHIN,720575941624155644,b2,b2,66,29,1914
720575941442418639,DNxn142,720575941503451301,w-cHIN,720575941624155644,b2,b2,30,44,1320
720575941445707284,DNp28,720575941723242042,IN14B007,720575941459347411,iii4,iii4,35,42,1470
720575941447863316,DNb05,720575941457802480,IN12B015,720575941516770670,iii4,iii4,59,26,1534
720575941447863316,DNb05,720575941457802480,IN12B015,720575941516770670,iii4,iii4,43,26,1118
720575941450506830,DNp18,720575941458334163,w-cHIN,720575941624155644,b2,b2,25,50,1250
720575941450506830,DNp18,720575941503451301,w-cHIN,720575941624155644,b2,b2,36,44,1584
720575941450506830,DNp18,720575941503451301,w-cHIN,720575941624155644,b2,b2,26,44,1144
720575941450506830,DNp18,720575941608991050,w-cHIN,720575941521196211,b1,b1,44,31,1364
720575941450506830,DNp18,720575941608991050,w-cHIN,720575941624155644,b2,b2,44,29,1276
720575941451941498,DNp33,720575941438723263,IN11B017,720575941513173763,hg4,hg4,26,30,780
720575941456897005,DNa02,720575941496830370,w-cHIN,720575941565378919,iii3,iii3,32,58,1856
720575941456897005,DNa02,720575941501721138,w-cHIN,720575941565378919,iii3,iii3,28,51,1428
720575941461674436,DNb06,720575941583601886,IN12A012,720575941468897856,i1,i1,27,48,1296
720575941461674436,DNb06,720575941583601886,IN12A012,720575941468897856,i1,i1,27,34,918
720575941461674436,DNb06,720575941583601886,IN12A012,720575941474574132,b3,b3,27,25,675
720575941461674436,DNb06,720575941583601886,IN12A012,720575941474574132,b3,b3,27,62,1674
720575941461674436,DNb06,720575941583601886,IN12A012,720575941475745898,i2,i2,27,31,837
720575941461674436,DNb06,720575941583601886,IN12A012,720575941475745898,i2,i2,27,51,1377
720575941463843597,DNp45,720575941670676135,IN11A001,720575941547394081,i2,i2,25,47,1175
720575941463843597,DNp45,720575941670676135,IN11A001,720575941547394081,i2,i2,25,127,3175
720575941471808375,DNxn125,720575941553338778,IN12A012,720575941542412805,b3,b3,37,66,2442
720575941471808375,DNxn125,720575941553338778,IN12A012,720575941547315060,i1,i1,37,25,925
720575941471808375,DNxn125,720575941553338778,IN12A012,720575941547315060,i1,i1,37,38,1406
720575941471808375,DNxn125,720575941553338778,IN12A012,720575941547315060,i1,i1,37,40,1480
720575941471808375,DNxn125,720575941553338778,IN12A012,720575941547394081,i2,i2,37,32,1184
720575941471808375,DNxn125,720575941583601886,IN12A012,720575941468897856,i1,i1,29,48,1392
720575941471808375,DNxn125,720575941583601886,IN12A012,720575941468897856,i1,i1,29,34,986
720575941471808375,DNxn125,720575941583601886,IN12A012,720575941474574132,b3,b3,29,25,725
720575941471808375,DNxn125,720575941583601886,IN12A012,720575941474574132,b3,b3,29,62,1798
720575941471808375,DNxn125,720575941583601886,IN12A012,720575941475745898,i2,i2,29,31,899
720575941471808375,DNxn125,720575941583601886,IN12A012,720575941475745898,i2,i2,29,51,1479
720575941471808375,DNxn125,720575941583601886,IN12A012,720575941468897856,i1,i1,83,48,3984
720575941471808375,DNxn125,720575941583601886,IN12A012,720575941468897856,i1,i1,83,34,2822
720575941471808375,DNxn125,720575941583601886,IN12A012,720575941474574132,b3,b3,83,25,2075
720575941471808375,DNxn125,720575941583601886,IN12A012,720575941474574132,b3,b3,83,62,5146
720575941471808375,DNxn125,720575941583601886,IN12A012,720575941475745898,i2,i2,83,31,2573
720575941471808375,DNxn125,720575941583601886,IN12A012,720575941475745898,i2,i2,83,51,4233
720575941472160011,DNp73,720575941456348575,IN18B020,720575941456201887,hg1,hg1,34,39,1326
720575941472160011,DNp73,720575941456348575,IN18B020,720575941459347411,iii4,iii4,34,48,1632
720575941472160011,DNp73,720575941456348575,IN18B020,720575941630940642,hg4,hg4,34,61,2074
720575941472160011,DNp73,720575941593615211,IN14B007,720575941516770670,iii4,iii4,76,25,1900
720575941472160011,DNp73,720575941593615211,IN14B007,720575941516770670,iii4,iii4,76,47,3572
720575941472160011,DNp73,720575941593615211,IN14B007,720575941580669817,hg1,hg1,76,40,3040
720575941472160011,DNp73,720575941593615211,IN14B007,720575941580669817,hg1,hg1,76,54,4104
720575941472160011,DNp73,720575941608991050,w-cHIN,720575941521196211,b1,b1,31,31,961
720575941472160011,DNp73,720575941608991050,w-cHIN,720575941624155644,b2,b2,31,29,899
720575941474063968,DNxn163,720575941457802480,IN12B015,720575941516770670,iii4,iii4,62,26,1612
720575941475448123,DNxn159,720575941615272601,IN06B028,720575941547394081,i2,i2,32,26,832
720575941477013825,DNg04,720575941611080010,IN06A002,720575941565378919,iii3,iii3,31,231,7161
720575941477013825,DNg04,720575941611080010,IN06A002,720575941565378919,iii3,iii3,31,46,1426
720575941478585450,DNp22,720575941457147206,IN18B020,720575941513173763,hg4,hg4,33,66,2178
720575941478585450,DNp22,720575941457147206,IN18B020,720575941516770670,iii4,iii4,33,32,1056
720575941478585450,DNp22,720575941457147206,IN18B020,720575941549822781,b1,b1,33,25,825
720575941478585450,DNp22,720575941457147206,IN18B020,720575941580669817,hg1,hg1,33,40,1320
720575941478585450,DNp22,720575941465484566,w-cHIN,720575941655597785,b2,b2,31,37,1147
720575941478585450,DNp22,720575941572251144,w-cHIN,720575941549822781,b1,b1,33,25,825
720575941478585450,DNp22,720575941572251144,w-cHIN,720575941549822781,b1,b1,30,25,750
720575941486700098,DNa05,720575941501721138,w-cHIN,720575941565378919,iii3,iii3,34,51,1734
720575941491972327,DNge084,720575941456348575,IN18B020,720575941456201887,hg1,hg1,74,39,2886
720575941491972327,DNge084,720575941456348575,IN18B020,720575941459347411,iii4,iii4,74,48,3552
720575941491972327,DNge084,720575941456348575,IN18B020,720575941630940642,hg4,hg4,74,61,4514
720575941491972327,DNge084,720575941477884802,IN18B020,720575941456201887,hg1,hg1,68,27,1836
720575941491972327,DNge084,720575941477884802,IN18B020,720575941456201887,hg1,hg1,68,29,1972
720575941491972327,DNge084,720575941477884802,IN18B020,720575941624155644,b2,b2,68,26,1768
720575941492697264,DNp28,720575941593615211,IN14B007,720575941516770670,iii4,iii4,30,25,750
720575941492697264,DNp28,720575941593615211,IN14B007,720575941516770670,iii4,iii4,30,47,1410
720575941492697264,DNp28,720575941593615211,IN14B007,720575941580669817,hg1,hg1,30,40,1200
720575941492697264,DNp28,720575941593615211,IN14B007,720575941580669817,hg1,hg1,30,54,1620
720575941493998464,DNnt010,720575941579868917,IN03B022,720575941630940642,hg4,hg4,43,46,1978
720575941493998464,DNnt010,720575941579868917,IN03B022,720575941630940642,hg4,hg4,43,33,1419
720575941496011719,DNa16,720575941400818723,IN14B007,720575941513173763,hg4,hg4,72,36,2592
720575941496011719,DNa16,720575941400818723,IN14B007,720575941580669817,hg1,hg1,72,26,1872
720575941496011719,DNa16,720575941523112439,IN06A004,720575941513173763,hg4,hg4,38,27,1026
720575941496011719,DNa16,720575941523112439,IN06A004,720575941580669817,hg1,hg1,38,29,1102
720575941496011719,DNa16,720575941550878087,w-cHIN,720575941458961604,iii3,iii3,113,55,6215
720575941496011719,DNa16,720575941579868917,IN03B022,720575941630940642,hg4,hg4,63,46,2898
720575941496011719,DNa16,720575941579868917,IN03B022,720575941630940642,hg4,hg4,63,33,2079
720575941496011719,DNa16,720575941611080010,IN06A002,720575941565378919,iii3,iii3,98,231,22638
720575941496011719,DNa16,720575941611080010,IN06A002,720575941565378919,iii3,iii3,98,46,4508
720575941496011719,DNa16,720575941678358973,w-cHIN,720575941458961604,iii3,iii3,104,32,3328
720575941496676295,DNa06,720575941477297716,IN06B040,720575941630940642,hg4,hg4,39,32,1248
720575941496676295,DNa06,720575941525725954,IN06B040,720575941630940642,hg4,hg4,25,27,675
720575941503549931,DNg71,720575941457147206,IN18B020,720575941513173763,hg4,hg4,25,66,1650
720575941503549931,DNg71,720575941457147206,IN18B020,720575941516770670,iii4,iii4,25,32,800
720575941503549931,DNg71,720575941457147206,IN18B020,720575941549822781,b1,b1,25,25,625
720575941503549931,DNg71,720575941457147206,IN18B020,720575941580669817,hg1,hg1,25,40,1000
720575941504328791,DNpe005,720575941583588830,IN19B033,720575941580669817,hg1,hg1,42,25,1050
720575941504328791,DNpe005,720575941583588830,IN19B033,720575941580669817,hg1,hg1,42,37,1554
720575941504652482,DNxn124,720575941623108298,IN13A013,720575941472734048,DVM1a-c,DVM1A,30,39,1170
720575941504652482,DNxn124,720575941623108298,IN13A013,720575941603635190,DVM1a-c,DVM1A,30,32,960
720575941504652482,DNxn124,720575941623108298,IN13A013,720575941643100754,ps1,ps1,30,96,2880
720575941504652482,DNxn124,720575941623108298,IN13A013,720575941643100754,ps1,ps1,30,182,5460
720575941504652482,DNxn124,720575941623108298,IN13A013,720575941645041313,ps1,ps1,30,26,780
720575941504652482,DNxn124,720575941623108298,IN13A013,720575941645041313,ps1,ps1,30,52,1560
720575941504652482,DNxn124,720575941623108298,IN13A013,720575941645041313,ps1,ps1,30,47,1410
720575941504652482,DNxn124,720575941623108298,IN13A013,720575941472734048,DVM1a-c,DVM1A,32,39,1248
720575941504652482,DNxn124,720575941623108298,IN13A013,720575941603635190,DVM1a-c,DVM1A,32,32,1024
720575941504652482,DNxn124,720575941623108298,IN13A013,720575941643100754,ps1,ps1,32,96,3072
720575941504652482,DNxn124,720575941623108298,IN13A013,720575941643100754,ps1,ps1,32,182,5824
720575941504652482,DNxn124,720575941623108298,IN13A013,720575941645041313,ps1,ps1,32,26,832
720575941504652482,DNxn124,720575941623108298,IN13A013,720575941645041313,ps1,ps1,32,52,1664
720575941504652482,DNxn124,720575941623108298,IN13A013,720575941645041313,ps1,ps1,32,47,1504
720575941504652482,DNxn124,720575941671138727,IN13A013,720575941565105206,DVM1a-c,DVM1A,25,46,1150
720575941504652482,DNxn124,720575941671138727,IN13A013,720575941566847847,DVM1a-c,DVM1A,25,25,625
720575941504652482,DNxn124,720575941671138727,IN13A013,720575941643100754,ps1,ps1,25,41,1025
720575941504652482,DNxn124,720575941671138727,IN13A013,720575941643100754,ps1,ps1,25,36,900
720575941504652482,DNxn124,720575941671138727,IN13A013,720575941643100754,ps1,ps1,25,34,850
720575941504652482,DNxn124,720575941671138727,IN13A013,720575941645041313,ps1,ps1,25,64,1600
720575941504652482,DNxn124,720575941671138727,IN13A013,720575941645041313,ps1,ps1,25,157,3925
720575941504652482,DNxn124,720575941671138727,IN13A013,720575941565105206,DVM1a-c,DVM1A,35,46,1610
720575941504652482,DNxn124,720575941671138727,IN13A013,720575941566847847,DVM1a-c,DVM1A,35,25,875
720575941504652482,DNxn124,720575941671138727,IN13A013,720575941643100754,ps1,ps1,35,41,1435
720575941504652482,DNxn124,720575941671138727,IN13A013,720575941643100754,ps1,ps1,35,36,1260
720575941504652482,DNxn124,720575941671138727,IN13A013,720575941643100754,ps1,ps1,35,34,1190
720575941504652482,DNxn124,720575941671138727,IN13A013,720575941645041313,ps1,ps1,35,64,2240
720575941504652482,DNxn124,720575941671138727,IN13A013,720575941645041313,ps1,ps1,35,157,5495
720575941505673566,DNg82,720575941503451301,w-cHIN,720575941624155644,b2,b2,33,44,1452
720575941507568709,DNa16,720575941429556655,IN14B007,720575941630940642,hg4,hg4,93,57,5301
720575941507568709,DNa16,720575941464768790,IN06A004,720575941630940642,hg4,hg4,52,30,1560
720575941507568709,DNa16,720575941496830370,w-cHIN,720575941565378919,iii3,iii3,75,58,4350
720575941507568709,DNa16,720575941501721138,w-cHIN,720575941565378919,iii3,iii3,84,51,4284
720575941507568709,DNa16,720575941528944568,IN06A002,720575941458961604,iii3,iii3,51,154,7854
720575941507568709,DNa16,720575941528944568,IN06A002,720575941458961604,iii3,iii3,51,53,2703
720575941507568709,DNa16,720575941528944568,IN06A002,720575941565378919,iii3,iii3,51,41,2091
720575941508492417,DNg71,720575941456348575,IN18B020,720575941456201887,hg1,hg1,32,39,1248
720575941508492417,DNg71,720575941456348575,IN18B020,720575941459347411,iii4,iii4,32,48,1536
720575941508492417,DNg71,720575941456348575,IN18B020,720575941630940642,hg4,hg4,32,61,1952
720575941509010305,DNxn151,720575941436996882,IN18B039,720575941456201887,hg1,hg1,25,41,1025
720575941509010305,DNxn151,720575941436996882,IN18B039,720575941456201887,hg1,hg1,25,25,625
720575941509010305,DNxn151,720575941436996882,IN18B039,720575941459347411,iii4,iii4,25,32,800
720575941510475536,DNa02,720575941550878087,w-cHIN,720575941458961604,iii3,iii3,26,55,1430
720575941510475536,DNa02,720575941678358973,w-cHIN,720575941458961604,iii3,iii3,35,32,1120
720575941510642192,DNa10,720575941671138727,IN13A013,720575941565105206,DVM1a-c,DVM1A,26,46,1196
720575941510642192,DNa10,720575941671138727,IN13A013,720575941566847847,DVM1a-c,DVM1A,26,25,650
720575941510642192,DNa10,720575941671138727,IN13A013,720575941643100754,ps1,ps1,26,41,1066
720575941510642192,DNa10,720575941671138727,IN13A013,720575941643100754,ps1,ps1,26,36,936
720575941510642192,DNa10,720575941671138727,IN13A013,720575941643100754,ps1,ps1,26,34,884
720575941510642192,DNa10,720575941671138727,IN13A013,720575941645041313,ps1,ps1,26,64,1664
720575941510642192,DNa10,720575941671138727,IN13A013,720575941645041313,ps1,ps1,26,157,4082
720575941513096012,DNnt015,720575941429556655,IN14B007,720575941630940642,hg4,hg4,28,57,1596
720575941514949881,DNnt017,720575941579868917,IN03B022,720575941630940642,hg4,hg4,67,46,3082
720575941514949881,DNnt017,720575941579868917,IN03B022,720575941630940642,hg4,hg4,67,33,2211
720575941515972698,DNg99,720575941572251144,w-cHIN,720575941549822781,b1,b1,33,25,825
720575941515972698,DNg99,720575941572251144,w-cHIN,720575941549822781,b1,b1,34,25,850
720575941515972698,DNg99,720575941671138727,IN13A013,720575941565105206,DVM1a-c,DVM1A,51,46,2346
720575941515972698,DNg99,720575941671138727,IN13A013,720575941566847847,DVM1a-c,DVM1A,51,25,1275
720575941515972698,DNg99,720575941671138727,IN13A013,720575941643100754,ps1,ps1,51,41,2091
720575941515972698,DNg99,720575941671138727,IN13A013,720575941643100754,ps1,ps1,51,36,1836
720575941515972698,DNg99,720575941671138727,IN13A013,720575941643100754,ps1,ps1,51,34,1734
720575941515972698,DNg99,720575941671138727,IN13A013,720575941645041313,ps1,ps1,51,64,3264
720575941515972698,DNg99,720575941671138727,IN13A013,720575941645041313,ps1,ps1,51,157,8007
720575941527162905,DNb05,720575941457802480,IN12B015,720575941516770670,iii4,iii4,39,26,1014
720575941533704067,DNp31,720575941527099981,IN06B013,720575941643100754,ps1,ps1,27,45,1215
720575941533704067,DNp31,720575941527099981,IN06B013,720575941643100754,ps1,ps1,27,202,5454
720575941534222770,DNp15,720575941579868917,IN03B022,720575941630940642,hg4,hg4,44,46,2024
720575941534222770,DNp15,720575941579868917,IN03B022,720575941630940642,hg4,hg4,44,33,1452
720575941535258802,DNxn155,720575941640900453,IN06B019,720575941629172716,iii1,iii1,37,27,999
720575941535258802,DNxn155,720575941640900453,IN06B019,720575941629172716,iii1,iii1,37,26,962
720575941536003314,DNg10,720575941579868917,IN03B022,720575941630940642,hg4,hg4,26,46,1196
720575941536003314,DNg10,720575941579868917,IN03B022,720575941630940642,hg4,hg4,26,33,858
720575941536972018,DNg32,720575941614850517,IN19A026,720575941468897856,i1,i1,27,100,2700
720575941536972018,DNg32,720575941614850517,IN19A026,720575941474574132,b3,b3,27,148,3996
720575941536972018,DNg32,720575941614850517,IN19A026,720575941474574132,b3,b3,27,30,810
720575941540246364,DNxn125,720575941553338778,IN12A012,720575941542412805,b3,b3,25,66,1650
720575941540246364,DNxn125,720575941553338778,IN12A012,720575941547315060,i1,i1,25,25,625
720575941540246364,DNxn125,720575941553338778,IN12A012,720575941547315060,i1,i1,25,38,950
720575941540246364,DNxn125,720575941553338778,IN12A012,720575941547315060,i1,i1,25,40,1000
720575941540246364,DNxn125,720575941553338778,IN12A012,720575941547394081,i2,i2,25,32,800
720575941540246364,DNxn125,720575941553338778,IN12A012,720575941542412805,b3,b3,47,66,3102
720575941540246364,DNxn125,720575941553338778,IN12A012,720575941547315060,i1,i1,47,25,1175
720575941540246364,DNxn125,720575941553338778,IN12A012,720575941547315060,i1,i1,47,38,1786
720575941540246364,DNxn125,720575941553338778,IN12A012,720575941547315060,i1,i1,47,40,1880
720575941540246364,DNxn125,720575941553338778,IN12A012,720575941547394081,i2,i2,47,32,1504
720575941540246364,DNxn125,720575941553338778,IN12A012,720575941542412805,b3,b3,37,66,2442
720575941540246364,DNxn125,720575941553338778,IN12A012,720575941547315060,i1,i1,37,25,925
720575941540246364,DNxn125,720575941553338778,IN12A012,720575941547315060,i1,i1,37,38,1406
720575941540246364,DNxn125,720575941553338778,IN12A012,720575941547315060,i1,i1,37,40,1480
720575941540246364,DNxn125,720575941553338778,IN12A012,720575941547394081,i2,i2,37,32,1184
720575941540246364,DNxn125,720575941583601886,IN12A012,720575941468897856,i1,i1,31,48,1488
720575941540246364,DNxn125,720575941583601886,IN12A012,720575941468897856,i1,i1,31,34,1054
720575941540246364,DNxn125,720575941583601886,IN12A012,720575941474574132,b3,b3,31,25,775
720575941540246364,DNxn125,720575941583601886,IN12A012,720575941474574132,b3,b3,31,62,1922
720575941540246364,DNxn125,720575941583601886,IN12A012,720575941475745898,i2,i2,31,31,961
720575941540246364,DNxn125,720575941583601886,IN12A012,720575941475745898,i2,i2,31,51,1581
720575941540466381,DNp08,720575941611914669,IN02A010,720575941489673420,iii1,iii1,32,195,6240
720575941552603966,DNp19,720575941456348575,IN18B020,720575941456201887,hg1,hg1,30,39,1170
720575941552603966,DNp19,720575941456348575,IN18B020,720575941459347411,iii4,iii4,30,48,1440
720575941552603966,DNp19,720575941456348575,IN18B020,720575941630940642,hg4,hg4,30,61,1830
720575941552603966,DNp19,720575941457147206,IN18B020,720575941513173763,hg4,hg4,30,66,1980
720575941552603966,DNp19,720575941457147206,IN18B020,720575941516770670,iii4,iii4,30,32,960
720575941552603966,DNp19,720575941457147206,IN18B020,720575941549822781,b1,b1,30,25,750
720575941552603966,DNp19,720575941457147206,IN18B020,720575941580669817,hg1,hg1,30,40,1200
720575941552726407,DNg99,720575941503451301,w-cHIN,720575941624155644,b2,b2,26,44,1144
720575941552726407,DNg99,720575941608991050,w-cHIN,720575941521196211,b1,b1,37,31,1147
720575941552726407,DNg99,720575941608991050,w-cHIN,720575941624155644,b2,b2,37,29,1073
720575941552726407,DNg99,720575941623108298,IN13A013,720575941472734048,DVM1a-c,DVM1A,40,39,1560
720575941552726407,DNg99,720575941623108298,IN13A013,720575941603635190,DVM1a-c,DVM1A,40,32,1280
720575941552726407,DNg99,720575941623108298,IN13A013,720575941643100754,ps1,ps1,40,96,3840
720575941552726407,DNg99,720575941623108298,IN13A013,720575941643100754,ps1,ps1,40,182,7280
720575941552726407,DNg99,720575941623108298,IN13A013,720575941645041313,ps1,ps1,40,26,1040
720575941552726407,DNg99,720575941623108298,IN13A013,720575941645041313,ps1,ps1,40,52,2080
720575941552726407,DNg99,720575941623108298,IN13A013,720575941645041313,ps1,ps1,40,47,1880
720575941552726407,DNg99,720575941623108298,IN13A013,720575941472734048,DVM1a-c,DVM1A,37,39,1443
720575941552726407,DNg99,720575941623108298,IN13A013,720575941603635190,DVM1a-c,DVM1A,37,32,1184
720575941552726407,DNg99,720575941623108298,IN13A013,720575941643100754,ps1,ps1,37,96,3552
720575941552726407,DNg99,720575941623108298,IN13A013,720575941643100754,ps1,ps1,37,182,6734
720575941552726407,DNg99,720575941623108298,IN13A013,720575941645041313,ps1,ps1,37,26,962
720575941552726407,DNg99,720575941623108298,IN13A013,720575941645041313,ps1,ps1,37,52,1924
720575941552726407,DNg99,720575941623108298,IN13A013,720575941645041313,ps1,ps1,37,47,1739
720575941552907838,DNp45,720575941450532174,IN11A001,720575941475745898,i2,i2,25,49,1225
720575941552907838,DNp45,720575941450532174,IN11A001,720575941475745898,i2,i2,25,100,2500
720575941552907838,DNp45,720575941542469212,IN08B006,720575941645041313,ps1,ps1,26,38,988
720575941560503155,DNp73,720575941457147206,IN18B020,720575941513173763,hg4,hg4,27,66,1782
720575941560503155,DNp73,720575941457147206,IN18B020,720575941516770670,iii4,iii4,27,32,864
720575941560503155,DNp73,720575941457147206,IN18B020,720575941549822781,b1,b1,27,25,675
720575941560503155,DNp73,720575941457147206,IN18B020,720575941580669817,hg1,hg1,27,40,1080
720575941560503155,DNp73,720575941572251144,w-cHIN,720575941549822781,b1,b1,26,25,650
720575941560503155,DNp73,720575941723242042,IN14B007,720575941459347411,iii4,iii4,79,42,3318
720575941562059176,DNg82,720575941503451301,w-cHIN,720575941624155644,b2,b2,27,44,1188
720575941563218944,DNxn122,720575941608991050,w-cHIN,720575941521196211,b1,b1,32,31,992
720575941563218944,DNxn122,720575941608991050,w-cHIN,720575941624155644,b2,b2,32,29,928
720575941566309174,DNp26,720575941608991050,w-cHIN,720575941521196211,b1,b1,33,31,1023
720575941566309174,DNp26,720575941608991050,w-cHIN,720575941624155644,b2,b2,33,29,957
720575941566556775,DNxn159,720575941615272601,IN06B028,720575941547394081,i2,i2,29,26,754
720575941568870770,DNa10,720575941623108298,IN13A013,720575941472734048,DVM1a-c,DVM1A,26,39,1014
720575941568870770,DNa10,720575941623108298,IN13A013,720575941603635190,DVM1a-c,DVM1A,26,32,832
720575941568870770,DNa10,720575941623108298,IN13A013,720575941643100754,ps1,ps1,26,96,2496
720575941568870770,DNa10,720575941623108298,IN13A013,720575941643100754,ps1,ps1,26,182,4732
720575941568870770,DNa10,720575941623108298,IN13A013,720575941645041313,ps1,ps1,26,26,676
720575941568870770,DNa10,720575941623108298,IN13A013,720575941645041313,ps1,ps1,26,52,1352
720575941568870770,DNa10,720575941623108298,IN13A013,720575941645041313,ps1,ps1,26,47,1222
720575941573616891,DNp59,720575941615272601,IN06B028,720575941547394081,i2,i2,72,26,1872
720575941574675869,DNb07,720575941623108298,IN13A013,720575941472734048,DVM1a-c,DVM1A,27,39,1053
720575941574675869,DNb07,720575941623108298,IN13A013,720575941603635190,DVM1a-c,DVM1A,27,32,864
720575941574675869,DNb07,720575941623108298,IN13A013,720575941643100754,ps1,ps1,27,96,2592
720575941574675869,DNb07,720575941623108298,IN13A013,720575941643100754,ps1,ps1,27,182,4914
720575941574675869,DNb07,720575941623108298,IN13A013,720575941645041313,ps1,ps1,27,26,702
720575941574675869,DNb07,720575941623108298,IN13A013,720575941645041313,ps1,ps1,27,52,1404
720575941574675869,DNb07,720575941623108298,IN13A013,720575941645041313,ps1,ps1,27,47,1269
720575941591050494,DNg32,720575941631436524,IN19A142,720575941475745898,i2,i2,31,41,1271
720575941592644054,DNge091,720575941583601886,IN12A012,720575941468897856,i1,i1,31,48,1488
720575941592644054,DNge091,720575941583601886,IN12A012,720575941468897856,i1,i1,31,34,1054
720575941592644054,DNge091,720575941583601886,IN12A012,720575941474574132,b3,b3,31,25,775
720575941592644054,DNge091,720575941583601886,IN12A012,720575941474574132,b3,b3,31,62,1922
720575941592644054,DNge091,720575941583601886,IN12A012,720575941475745898,i2,i2,31,31,961
720575941592644054,DNge091,720575941583601886,IN12A012,720575941475745898,i2,i2,31,51,1581
720575941593505387,DNnt017,720575941477297716,IN06B040,720575941630940642,hg4,hg4,30,32,960
720575941593505387,DNnt017,720575941525725954,IN06B040,720575941630940642,hg4,hg4,45,27,1215
720575941593505387,DNnt017,720575941579868917,IN03B022,720575941630940642,hg4,hg4,46,46,2116
720575941593505387,DNnt017,720575941579868917,IN03B022,720575941630940642,hg4,hg4,46,33,1518
720575941594823537,DNp05,720575941457802480,IN12B015,720575941516770670,iii4,iii4,35,26,910
720575941595189029,DNp18,720575941465484566,w-cHIN,720575941655597785,b2,b2,28,37,1036
720575941595189029,DNp18,720575941465484566,w-cHIN,720575941655597785,b2,b2,49,37,1813
720575941595189029,DNp18,720575941572251144,w-cHIN,720575941549822781,b1,b1,28,25,700
720575941595189029,DNp18,720575941572251144,w-cHIN,720575941549822781,b1,b1,51,25,1275
720575941595542823,DNp05,720575941457802480,IN12B015,720575941516770670,iii4,iii4,32,26,832
720575941595542823,DNp05,720575941457802480,IN12B015,720575941516770670,iii4,iii4,52,26,1352
720575941596602048,DNxn118,720575941608991050,w-cHIN,720575941521196211,b1,b1,29,31,899
720575941596602048,DNxn118,720575941608991050,w-cHIN,720575941624155644,b2,b2,29,29,841
720575941598950556,DNg27,720575941470536715,IN11B013,720575941565105206,DVM1a-c,DVM1A,29,39,1131
720575941598950556,DNg27,720575941470536715,IN11B013,720575941566847847,DVM1a-c,DVM1A,29,30,870
720575941600878377,DNa05,720575941678358973,w-cHIN,720575941458961604,iii3,iii3,30,32,960
720575941602114494,DNnt015,720575941400818723,IN14B007,720575941513173763,hg4,hg4,33,36,1188
720575941602114494,DNnt015,720575941400818723,IN14B007,720575941580669817,hg1,hg1,33,26,858
720575941602323897,DNa04,720575941496830370,w-cHIN,720575941565378919,iii3,iii3,28,58,1624
720575941602323897,DNa04,720575941501721138,w-cHIN,720575941565378919,iii3,iii3,38,51,1938
720575941612044518,DNa04,720575941465484566,w-cHIN,720575941655597785,b2,b2,33,37,1221
720575941612044518,DNa04,720575941550878087,w-cHIN,720575941458961604,iii3,iii3,32,55,1760
720575941612044518,DNa04,720575941572251144,w-cHIN,720575941549822781,b1,b1,25,25,625
720575941612044518,DNa04,720575941601088441,IN06A019,720575941474574132,b3,b3,35,27,945
720575941612044518,DNa04,720575941611080010,IN06A002,720575941565378919,iii3,iii3,38,231,8778
720575941612044518,DNa04,720575941611080010,IN06A002,720575941565378919,iii3,iii3,38,46,1748
720575941612044518,DNa04,720575941630748859,w-cHIN,720575941655597785,b2,b2,31,58,1798
720575941612044518,DNa04,720575941678358973,w-cHIN,720575941458961604,iii3,iii3,47,32,1504
720575941618366079,DNp31,720575941543397737,IN06B066,720575941507955269,DLM1-4,DLM1,27,42,1134
720575941618366079,DNp31,720575941543397737,IN06B066,720575941519783640,DLM1-4,DLM1,27,37,999
720575941618366079,DNp31,720575941543397737,IN06B066,720575941534583786,DLM5,DLM5,27,76,2052
720575941618366079,DNp31,720575941543397737,IN06B066,720575941640465439,DLM1-4,DLM1,27,49,1323
720575941618366079,DNp31,720575941543397737,IN06B066,720575941645403000,DLM1-4,DLM1,27,49,1323
720575941618366079,DNp31,720575941630748859,w-cHIN,720575941655597785,b2,b2,29,58,1682
720575941618895231,DNb01,720575941601088441,IN06A019,720575941474574132,b3,b3,30,27,810
720575941628867042,DNg04,720575941528944568,IN06A002,720575941458961604,iii3,iii3,27,154,4158
720575941628867042,DNg04,720575941528944568,IN06A002,720575941458961604,iii3,iii3,27,53,1431
720575941628867042,DNg04,720575941528944568,IN06A002,720575941565378919,iii3,iii3,27,41,1107
720575941631642860,DNut037,720575941465484566,w-cHIN,720575941655597785,b2,b2,27,37,999
720575941631642860,DNut037,720575941572251144,w-cHIN,720575941549822781,b1,b1,26,25,650
720575941632167611,DNg73,720575941477297716,IN06B040,720575941630940642,hg4,hg4,41,32,1312
720575941633206944,DNp103,720575941615272601,IN06B028,720575941547394081,i2,i2,41,26,1066
720575941634269371,DNg59,720575941630622624,IN13B008,720575941483845954,hg3,hg3,31,27,837
720575941634269371,DNg59,720575941630622624,IN13B008,720575941630940642,hg4,hg4,31,28,868
720575941638407199,DNa15,720575941465484566,w-cHIN,720575941655597785,b2,b2,32,37,1184
720575941638407199,DNa15,720575941572251144,w-cHIN,720575941549822781,b1,b1,70,25,1750
720575941638407199,DNa15,720575941572251144,w-cHIN,720575941549822781,b1,b1,32,25,800
720575941638407199,DNa15,720575941678358973,w-cHIN,720575941458961604,iii3,iii3,31,32,992
720575941639588127,DNp33,720575941503499755,IN11B017,720575941630940642,hg4,hg4,28,27,756
720575941639588127,DNp33,720575941575681718,IN19B008,720575941456201887,hg1,hg1,32,79,2528
720575941639588127,DNp33,720575941575681718,IN19B008,720575941456201887,hg1,hg1,32,35,1120
720575941639588127,DNp33,720575941575681718,IN19B008,720575941456201887,hg1,hg1,32,123,3936
720575941639588127,DNp33,720575941575681718,IN19B008,720575941459347411,iii4,iii4,32,95,3040
720575941639588127,DNp33,720575941575681718,IN19B008,720575941459347411,iii4,iii4,32,26,832
720575941639588127,DNp33,720575941575681718,IN19B008,720575941459347411,iii4,iii4,32,157,5024
720575941639588127,DNp33,720575941575681718,IN19B008,720575941483845954,hg3,hg3,32,34,1088
720575941639588127,DNp33,720575941575681718,IN19B008,720575941483845954,hg3,hg3,32,52,1664
720575941639588127,DNp33,720575941575681718,IN19B008,720575941580669817,hg1,hg1,32,25,800
720575941639588127,DNp33,720575941575681718,IN19B008,720575941580669817,hg1,hg1,32,28,896
720575941639588127,DNp33,720575941575681718,IN19B008,720575941624155644,b2,b2,32,99,3168
720575941639588127,DNp33,720575941575681718,IN19B008,720575941630940642,hg4,hg4,32,52,1664
720575941639588127,DNp33,720575941575681718,IN19B008,720575941630940642,hg4,hg4,32,75,2400
720575941639588127,DNp33,720575941621630716,IN03B069,720575941565378919,iii3,iii3,26,31,806
720575941645444808,DNp22,720575941456348575,IN18B020,720575941456201887,hg1,hg1,48,39,1872
720575941645444808,DNp22,720575941456348575,IN18B020,720575941459347411,iii4,iii4,48,48,2304
720575941645444808,DNp22,720575941456348575,IN18B020,720575941630940642,hg4,hg4,48,61,2928
720575941645444808,DNp22,720575941608991050,w-cHIN,720575941521196211,b1,b1,39,31,1209
720575941645444808,DNp22,720575941608991050,w-cHIN,720575941624155644,b2,b2,39,29,1131
720575941645444808,DNp22,720575941608991050,w-cHIN,720575941521196211,b1,b1,31,31,961
720575941645444808,DNp22,720575941608991050,w-cHIN,720575941624155644,b2,b2,31,29,899
720575941651815445,DNge084,720575941457147206,IN18B020,720575941513173763,hg4,hg4,66,66,4356
720575941651815445,DNge084,720575941457147206,IN18B020,720575941516770670,iii4,iii4,66,32,2112
720575941651815445,DNge084,720575941457147206,IN18B020,720575941549822781,b1,b1,66,25,1650
720575941651815445,DNge084,720575941457147206,IN18B020,720575941580669817,hg1,hg1,66,40,2640
720575941651815445,DNge084,720575941612053094,IN18B020,720575941580669817,hg1,hg1,33,57,1881
720575941651815445,DNge084,720575941723242042,IN14B007,720575941459347411,iii4,iii4,29,42,1218
720575941652614129,DNae002,720575941611080010,IN06A002,720575941565378919,iii3,iii3,41,231,9471
720575941652614129,DNae002,720575941611080010,IN06A002,720575941565378919,iii3,iii3,41,46,1886
720575941652614129,DNae002,720575941678358973,w-cHIN,720575941458961604,iii3,iii3,41,32,1312
720575941652633585,DNae002,720575941528944568,IN06A002,720575941458961604,iii3,iii3,49,154,7546
720575941652633585,DNae002,720575941528944568,IN06A002,720575941458961604,iii3,iii3,49,53,2597
720575941652633585,DNae002,720575941528944568,IN06A002,720575941565378919,iii3,iii3,49,41,2009
720575941652633585,DNae002,720575941608991050,w-cHIN,720575941521196211,b1,b1,29,31,899
720575941652633585,DNae002,720575941608991050,w-cHIN,720575941624155644,b2,b2,29,29,841
720575941656710736,DNge091,720575941572251144,w-cHIN,720575941549822781,b1,b1,28,25,700
720575941681678525,DNge093,720575941572251144,w-cHIN,720575941549822781,b1,b1,37,25,925
720575941691021720,DNg89,720575941579868917,IN03B022,720575941630940642,hg4,hg4,39,46,1794
720575941691021720,DNg89,720575941579868917,IN03B022,720575941630940642,hg4,hg4,39,33,1287
720575941701235930,DNxn142,720575941465484566,w-cHIN,720575941655597785,b2,b2,47,37,1739
720575941701235930,DNxn142,720575941572251144,w-cHIN,720575941549822781,b1,b1,77,25,1925
