dn_group,muscle,numerator_synapses,denominator_output,output_fraction
DNa08,DLM1,211,802.0,0.2630922693266833
DNg26,ps1,61,273.0,0.22344322344322345
DNge015,ps1,20,94.0,0.2127659574468085
DNge015,DLM1,18,94.0,0.19148936170212766
untyped_720575941434874912,ps1,30,201.0,0.14925373134328357
DNg110,ps1,159,1139.0,0.1395961369622476
DNp31,DLM1,728,5347.0,0.13615111277351785
DNg02,ps1,840,6277.0,0.13382188943762943
DNut051,DLM1,135,1079.0,0.12511584800741427
DNut053,DLM1,157,1263.0,0.12430720506730007
DNa10,i2,421,3438.0,0.12245491564863292
DNg82,DLM1,205,1780.0,0.1151685393258427
DNa07,hg1,57,513.0,0.1111111111111111
DNpe010,hg3,11,126.0,0.0873015873015873
DNg50,DLM5,34,419.0,0.081145584725537
DNg82,hg2,128,1780.0,0.07191011235955057
DNg04,hg1,153,2212.0,0.06916817359855335
DNp31,ps1,361,5347.0,0.06751449410884608
DNg04,hg4,147,2212.0,0.06645569620253164
DNa08,b3,52,802.0,0.06483790523690773
DNp63,hg2,155,2528.0,0.06131329113924051
DNa04,hg1,233,3803.0,0.06126742045753353
DNbe005,hg1,75,1307.0,0.057383320581484314
DNg110,DLM1,64,1139.0,0.056189640035118525
DNpe010,hg4,7,126.0,0.05555555555555555
DNg50,DLM1,23,419.0,0.05489260143198091
untyped_720575941434874912,DLM1,11,201.0,0.05472636815920398
DNg02,DLM1,330,6277.0,0.05257288513621156
DNg17,b2,111,2124.0,0.052259887005649715
DNp49,iii1,212,4103.0,0.05166951011455033
DNg05,hg3,113,2334.0,0.048414738646101116
DNut053,DLM5,61,1263.0,0.04829770387965162
DNp03,DLM1,126,2622.0,0.04805491990846682
DNxn125,b1,148,3107.0,0.04763437399420663
DNnt007,ps1,8,169.0,0.047337278106508875
DNg27,DLM1,145,3182.0,0.04556882463859208
DNa08,DLM5,35,802.0,0.043640897755610975
DNxn125,b2,132,3107.0,0.04248471194077889
DNut037,i1,78,1848.0,0.04220779220779221
DNge154,b2,8,191.0,0.041884816753926704
DNge110,b2,14,343.0,0.04081632653061224
DNpe010,hg1,5,126.0,0.03968253968253968
DNg05,hg2,92,2334.0,0.03941730934018852
DNg82,DLM5,68,1780.0,0.038202247191011236
DNxn007,hg1,49,1300.0,0.03769230769230769
DNa07,b2,19,513.0,0.037037037037037035
DNxn124,i2,190,5347.0,0.03553394426781373
DNp60,hg3,25,726.0,0.03443526170798898
DNge175,DLM1,17,503.0,0.033797216699801194
DNut051,DLM5,36,1079.0,0.033364226135310475
DNp31,DVM1A,176,5347.0,0.03291565363755377
DNg27,DLM5,104,3182.0,0.03268384663733501
DNge015,DLM5,3,94.0,0.031914893617021274
DNa08,DVM2A,25,802.0,0.03117206982543641
DNa08,DVM1A,25,802.0,0.03117206982543641
DNg92,hg4,30,966.0,0.031055900621118012
DNut040,hg3,111,3602.0,0.030816213214880622
DNge092,hg4,18,588.0,0.030612244897959183
DNg10,hg4,105,3476.0,0.030207134637514385
DNge038,DLM1,23,768.0,0.029947916666666668
DNa05,i1,100,3350.0,0.029850746268656716
DNge175,b2,15,503.0,0.02982107355864811
DNut047,b3,19,647.0,0.02936630602782071
DNa07,iii4,15,513.0,0.029239766081871343
DNp33,i2,61,2160.0,0.02824074074074074
DNp05,iii1,51,1830.0,0.027868852459016394
DNut053,hg3,35,1263.0,0.027711797307996833
DNp31,DLM5,148,5347.0,0.02767907237703385
DNa16,hg4,112,4198.0,0.0266793711291091
DNge110,i2,9,343.0,0.026239067055393587
DNxn136,b3,12,458.0,0.026200873362445413
DNge154,i2,5,191.0,0.02617801047120419
DNg92,hg2,25,966.0,0.025879917184265012
DNge148,DVM1A,86,3371.0,0.025511717591219223
DNge090,b2,13,514.0,0.02529182879377432
DNa04,i1,95,3803.0,0.024980278727320535
DNae002,b3,80,3279.0,0.024397682220189083
DNge014,DLM1,8,331.0,0.02416918429003021
DNp51,b3,41,1698.0,0.024146054181389872
DNp33,iii4,52,2160.0,0.024074074074074074
DNa04,b3,91,3803.0,0.023928477517749146
DNa10,b3,80,3438.0,0.02326934264107039
DNut040,b2,82,3602.0,0.022765130483064965
DNa15,b3,108,4760.0,0.0226890756302521
DNxn122,hg2,57,2562.0,0.02224824355971897
DNp33,hg1,48,2160.0,0.022222222222222223
DNut040,hg1,78,3602.0,0.021654636313159357
DNg05,DLM1,50,2334.0,0.021422450728363324
DNp33,DVM1A,46,2160.0,0.021296296296296296
DNge095,b2,10,477.0,0.020964360587002098
DNut040,DLM1,75,3602.0,0.02082176568573015
DNpe005,hg2,101,4881.0,0.020692481048965376
DNge148,DVM3A,69,3371.0,0.02046870364876891
DNut054,b2,17,850.0,0.02
DNp03,ps1,52,2622.0,0.019832189168573607
DNp28,i1,40,2052.0,0.01949317738791423
DNa07,hg2,10,513.0,0.01949317738791423
DNxn007,hg2,25,1300.0,0.019230769230769232
DNge150,ps1,3,158.0,0.0189873417721519
DNxn102,DLM1,53,2823.0,0.0187743535246192
DNge118,b2,8,433.0,0.018475750577367205
DNg08,i2,62,3439.0,0.01802849665600465
DNg02,DVM1A,113,6277.0,0.01800223036482396
DNg82,b2,32,1780.0,0.017977528089887642
DNge175,b1,9,503.0,0.017892644135188866
DNa07,i1,9,513.0,0.017543859649122806
DNut058,hg1,11,659.0,0.01669195751138088
DNut058,DLM1,11,659.0,0.01669195751138088
DNg42,b3,27,1641.0,0.016453382084095063
DNp03,b3,43,2622.0,0.016399694889397406
DNp26,hg2,47,2882.0,0.016308119361554477
DNxn109,hg4,20,1235.0,0.016194331983805668
DNa10,i1,55,3438.0,0.015997673065735893
DNxn118,hg1,19,1191.0,0.01595298068849706
DNg110,DVM1A,18,1139.0,0.015803336259877086
DNa15,hg1,75,4760.0,0.015756302521008403
DNg82,hg1,28,1780.0,0.015730337078651686
DNge154,iii4,3,191.0,0.015706806282722512
DNge154,hg1,3,191.0,0.015706806282722512
DNge071,b3,14,899.0,0.01557285873192436
DNa15,i1,73,4760.0,0.015336134453781512
DNp03,DLM5,40,2622.0,0.015255530129672006
DNxn122,hg1,39,2562.0,0.01522248243559719
untyped_720575941434874912,DVM2A,3,201.0,0.014925373134328358
DNge071,hg4,13,899.0,0.014460511679644048
DNut040,hg4,52,3602.0,0.014436424208772903
DNge038,DVM1A,11,768.0,0.014322916666666666
DNg06,ps1,18,1261.0,0.014274385408406027
DNp63,hg1,36,2528.0,0.014240506329113924
DNut040,hg2,51,3602.0,0.014158800666296502
DNg05,hg1,33,2334.0,0.014138817480719794
DNp22,b3,63,4507.0,0.013978256046150432
DNp22,i1,62,4507.0,0.013756378966052807
DNa08,hg3,11,802.0,0.01371571072319202
DNg05,hg4,32,2334.0,0.013710368466152529
DNge090,i2,7,514.0,0.013618677042801557
DNp57,hg2,40,2954.0,0.013540961408259987
DNxn125,hg2,42,3107.0,0.013517862890247827
DNa04,hg4,51,3803.0,0.013410465422035235
DNae003,b3,38,2855.0,0.013309982486865149
DNbe005,hg2,17,1307.0,0.013006885998469778
DNge016,b2,7,541.0,0.012939001848428836
DNut048,b2,3,232.0,0.01293103448275862
DNp31,DVM2A,68,5347.0,0.012717411632691229
DNp28,b3,26,2052.0,0.012670565302144249
DNut053,hg2,16,1263.0,0.012668250197941409
DNb07,hg2,90,7204.0,0.01249305941143809
DNp26,i1,36,2882.0,0.012491325468424705
DNg76,hg4,19,1536.0,0.012369791666666666
DNge014,DLM5,4,331.0,0.012084592145015106
DNp33,i1,26,2160.0,0.012037037037037037
DNge175,DLM5,6,503.0,0.011928429423459244
DNp51,hg1,20,1698.0,0.011778563015312132
DNut054,iii3,10,850.0,0.011764705882352941
DNxn118,i1,14,1191.0,0.011754827875734676
DNge110,hg1,4,343.0,0.011661807580174927
DNp31,DVM3A,60,5347.0,0.011221245558256966
DNg01,hg2,15,1347.0,0.011135857461024499
DNb07,hg3,80,7204.0,0.01110494169905608
DNxl082,iii4,23,2086.0,0.01102588686481304
DNg04,iii4,24,2212.0,0.0108499095840868
DNg17,DLM1,23,2124.0,0.010828625235404897
DNut047,hg1,7,647.0,0.010819165378670788
DNut058,b1,7,659.0,0.010622154779969651
DNg91,b3,30,2829.0,0.010604453870625663
DNg99,i1,35,3301.0,0.010602847621932747
DNut062,iii3,3,284.0,0.01056338028169014
DNut050,b2,4,387.0,0.0103359173126615
DNpe055,DLM1,14,1372.0,0.01020408163265306
DNg82,i1,18,1780.0,0.010112359550561797
DNxn125,hg3,31,3107.0,0.009977470228516253
DNbe005,hg3,13,1307.0,0.009946442234123947
DNp19,i2,27,2747.0,0.009828904259191846
DNut040,b1,35,3602.0,0.00971682398667407
DNp26,hg1,28,2882.0,0.009715475364330326
DNa05,hg1,32,3350.0,0.00955223880597015
DNp03,hg2,25,2622.0,0.009534706331045004
DNg04,b2,21,2212.0,0.00949367088607595
DNb01,i1,45,4766.0,0.009441879983214435
DNg93,ps1,104,11077.0,0.009388823688724384
DNb05,b2,65,7024.0,0.009253986332574031
DNxn007,hg3,12,1300.0,0.009230769230769232
DNg91,i2,26,2829.0,0.009190526687875575
DNp03,i1,24,2622.0,0.009153318077803204
DNae002,hg1,30,3279.0,0.009149130832570906
DNge038,DVM3A,7,768.0,0.009114583333333334
DNb06,hg4,28,3073.0,0.009111617312072893
DNut058,hg4,6,659.0,0.009104704097116844
DNg110,DVM3A,10,1139.0,0.00877963125548727
DNge110,iii4,3,343.0,0.008746355685131196
DNge145,b3,5,581.0,0.008605851979345954
DNg32,b2,23,2681.0,0.008578888474449832
DNa05,b3,28,3350.0,0.00835820895522388
DNp33,hg4,18,2160.0,0.008333333333333333
DNnt012,b3,7,872.0,0.008027522935779817
DNg02,DLM5,50,6277.0,0.007965588657001752
DNa16,hg1,33,4198.0,0.00786088613625536
DNb01,hg2,37,4766.0,0.007763323541754091
DNg99,i2,25,3301.0,0.007573462587094819
DNxl130,DVM1A,27,3574.0,0.007554560716284275
DNa08,DVM3A,6,802.0,0.007481296758104738
DNp16,b3,14,1884.0,0.0074309978768577496
DNge016,DLM1,4,541.0,0.0073937153419593345
DNpe055,DVM1A,10,1372.0,0.007288629737609329
DNg09,b3,8,1102.0,0.007259528130671506
DNg06,hg4,9,1261.0,0.007137192704203013
DNxn114,i2,4,564.0,0.0070921985815602835
DNut037,hg1,13,1848.0,0.007034632034632035
DNge118,iii3,3,433.0,0.006928406466512702
DNxn118,hg2,8,1191.0,0.006717044500419815
DNg01,DLM1,9,1347.0,0.0066815144766146995
DNpe053,DVM1A,46,6916.0,0.006651243493348756
DNp13,iii4,28,4224.0,0.006628787878787879
DNxn136,hg1,3,458.0,0.006550218340611353
DNp22,i2,29,4507.0,0.006434435322831151
DNut040,DLM5,23,3602.0,0.006385341476957246
DNa04,iii4,24,3803.0,0.006310807257428346
DNge001,hg4,6,958.0,0.006263048016701462
DNg02,DVM3A,39,6277.0,0.006213159152461367
DNge109,b2,3,486.0,0.006172839506172839
DNg110,DVM2A,7,1139.0,0.006145741878841089
DNxn125,hg1,19,3107.0,0.006115223688445446
DNp03,DVM1A,16,2622.0,0.006102212051868803
DNxn113,DVM3A,8,1313.0,0.006092916984006093
DNb01,hg1,29,4766.0,0.006084767100293748
DNp73,i1,24,4000.0,0.006
DNg108,ps1,113,19005.0,0.005945803735858984
DNg01,DLM5,8,1347.0,0.005939123979213066
DNa09,b3,17,2888.0,0.005886426592797784
DNut054,i2,5,850.0,0.0058823529411764705
DNb06,b2,18,3073.0,0.00585746827204686
DNa07,hg4,3,513.0,0.005847953216374269
DNp19,i1,16,2747.0,0.005824535857298871
DNp72,b3,9,1564.0,0.005754475703324808
DNb07,hg1,41,7204.0,0.005691282620766241
DNp07,i2,16,2838.0,0.005637773079633545
DNp18,b2,32,5758.0,0.0055574852379298365
DNa02,hg1,33,5975.0,0.005523012552301255
DNp60,iii1,4,726.0,0.005509641873278237
DNp18,hg1,31,5758.0,0.00538381382424453
DNxn114,i1,3,564.0,0.005319148936170213
DNp51,hg2,9,1698.0,0.00530035335689046
DNg110,DLM5,6,1139.0,0.0052677787532923615
DNge038,DLM5,4,768.0,0.005208333333333333
DNxn126,DLM1,5,983.0,0.00508646998982706
DNa08,i2,4,802.0,0.004987531172069825
DNa08,hg2,4,802.0,0.004987531172069825
DNxn142,b2,16,3253.0,0.004918536735321242
DNae002,i1,16,3279.0,0.004879536444037816
DNg71,b3,12,2478.0,0.004842615012106538
DNge032,b2,5,1061.0,0.00471253534401508
DNxn117,i1,4,854.0,0.00468384074941452
DNg03,ps1,5,1069.0,0.004677268475210477
DNut058,DLM5,3,659.0,0.004552352048558422
DNut058,hg3,3,659.0,0.004552352048558422
DNa16,iii4,19,4198.0,0.004525964745116722
DNxn151,i2,17,3777.0,0.004500926661371459
DNg02,DVM2A,28,6277.0,0.004460729647920982
DNge071,hg1,4,899.0,0.004449388209121246
DNg51,b3,15,3484.0,0.004305396096440872
DNxn142,hg1,14,3253.0,0.004303719643406086
DNg91,ps1,12,2829.0,0.0042417815482502655
DNg92,hg3,4,966.0,0.004140786749482402
DNxn126,ps1,4,983.0,0.004069175991861648
DNg10,b3,14,3476.0,0.004027617951668585
DNp19,b3,11,2747.0,0.004004368401892974
DNp73,i2,16,4000.0,0.004
DNge049,DVM1A,19,4765.0,0.003987408184679958
DNb01,hg3,19,4766.0,0.003986571548468317
DNxn163,iii1,17,4409.0,0.0038557496030845995
DNpe013,hg4,6,1595.0,0.003761755485893417
DNp31,b2,20,5347.0,0.0037404151860856555
DNg81,hg4,3,813.0,0.0036900369003690036
DNg74,ps1,89,25087.0,0.0035476541635109816
DNp26,b3,10,2882.0,0.0034698126301179735
aSP22,i1,6,1764.0,0.003401360544217687
DNp48,DVM1A,16,4714.0,0.0033941450997030122
DNp31,hg4,18,5347.0,0.00336637366747709
DNxl130,DVM3A,12,3574.0,0.003357582540570789
DNxn177,DVM1A,21,6335.0,0.0033149171270718232
DNg17,DLM5,7,2124.0,0.003295668549905838
DNg71,i1,8,2478.0,0.003228410008071025
DNb07,DLM1,23,7204.0,0.003192670738478623
DNp31,iii4,17,5347.0,0.0031793529081728072
DNp02,i1,14,4425.0,0.0031638418079096044
DNb05,b1,22,7024.0,0.003132118451025057
DNp18,i1,18,5758.0,0.003126085446335533
DNnt017,hg4,4,1291.0,0.003098373353989156
DNg05,DLM5,7,2334.0,0.0029991431019708655
DNge048,iii1,8,2698.0,0.0029651593773165306
DNp51,DLM5,5,1698.0,0.002944640753828033
DNxn151,b2,11,3777.0,0.0029123643102991793
DNpe003,hg4,5,1733.0,0.0028851702250432777
DNg17,DVM2A,6,2124.0,0.002824858757062147
DNg03,hg4,3,1069.0,0.002806361085126286
DNg03,DVM3A,3,1069.0,0.002806361085126286
DNg07,i2,10,3585.0,0.002789400278940028
DNp18,b3,16,5758.0,0.0027787426189649182
DNa09,i1,8,2888.0,0.002770083102493075
DNxn142,i1,9,3253.0,0.0027666769136181985
DNxl119,ps1,6,2181.0,0.002751031636863824
DNge049,DVM3A,13,4765.0,0.002728226652675761
DNb01,b3,13,4766.0,0.002727654217373059
DNp03,hg1,7,2622.0,0.002669717772692601
DNpe005,hg3,13,4881.0,0.0026633886498668305
DNa16,b3,11,4198.0,0.0026202953787517864
DNb05,ps1,18,7024.0,0.002562642369020501
DNxl130,DLM1,9,3574.0,0.002518186905428092
DNbe007,hg2,5,1988.0,0.0025150905432595573
DNxn102,DVM1A,7,2823.0,0.002479631597591215
DNg79,hg1,10,4034.0,0.002478929102627665
DNg91,i1,7,2829.0,0.002474372569812655
DNxn109,iii4,3,1235.0,0.0024291497975708503
DNb05,hg1,17,7024.0,0.0024202733485193624
DNge148,DVM2A,8,3371.0,0.002373183031741323
DNp57,i1,7,2954.0,0.002369668246445498
DNxn176,i1,3,1270.0,0.002362204724409449
DNg17,DVM3A,5,2124.0,0.0023540489642184556
DNa10,hg1,8,3438.0,0.002326934264107039
DNg08,b2,8,3439.0,0.0023262576330328583
DNbe005,hg4,3,1307.0,0.0022953328232593728
DNg41,hg1,5,2183.0,0.0022904260192395786
DNxn113,DVM1A,3,1313.0,0.002284843869002285
DNg82,i2,4,1780.0,0.0022471910112359553
DNg07,hg4,8,3585.0,0.0022315202231520223
DNg01,hg1,3,1347.0,0.0022271714922048997
DNpe055,ps1,3,1372.0,0.002186588921282799
DNa02,hg4,13,5975.0,0.0021757322175732217
DNg02,hg4,13,6277.0,0.0020710530508204557
DNa12,iii4,4,1963.0,0.0020376974019358125
DNa10,iii1,7,3438.0,0.002036067481093659
DNb03,b3,8,3935.0,0.0020330368487928843
DNg76,hg3,3,1536.0,0.001953125
DNa04,hg3,7,3803.0,0.0018406521167499343
DNxl119,b2,4,2181.0,0.0018340210912425492
DNxl119,iii1,4,2181.0,0.0018340210912425492
DNg15,i2,9,5051.0,0.0017818253811126509
DNp51,i1,3,1698.0,0.0017667844522968198
DNae003,i1,5,2855.0,0.0017513134851138354
DNp26,DLM1,5,2882.0,0.0017349063150589867
DNg10,hg1,6,3476.0,0.0017261219792865361
DNg05,iii4,4,2334.0,0.001713796058269066
DNb05,iii4,12,7024.0,0.0017084282460136675
DNp15,hg2,3,1769.0,0.0016958733747880158
DNp15,hg3,3,1769.0,0.0016958733747880158
DNp15,hg1,3,1769.0,0.0016958733747880158
DNg82,DVM1A,3,1780.0,0.0016853932584269663
DNut040,iii4,6,3602.0,0.001665741254858412
DNpe005,DVM1A,8,4881.0,0.0016390083999180496
DNb06,hg1,5,3073.0,0.0016270745200130166
DNp63,hg3,4,2528.0,0.0015822784810126582
DNa04,b2,6,3803.0,0.0015777018143570865
DNg27,DVM3A,5,3182.0,0.0015713387806411063
DNxn142,i2,5,3253.0,0.001537042729787888
DNp03,DVM3A,4,2622.0,0.0015255530129672007
DNa02,iii4,9,5975.0,0.0015062761506276152
DNge048,b2,4,2698.0,0.0014825796886582653
DNp28,i2,3,2052.0,0.0014619883040935672
DNpe005,hg1,7,4881.0,0.0014341323499282934
DNg17,DVM1A,3,2124.0,0.0014124293785310734
DNg35,iii4,6,4264.0,0.0014071294559099437
DNg37,hg4,7,4984.0,0.0014044943820224719
DNp33,hg3,3,2160.0,0.001388888888888889
DNp33,DLM1,3,2160.0,0.001388888888888889
DNut040,ps1,5,3602.0,0.00138811771238201
DNxl119,DLM1,3,2181.0,0.001375515818431912
DNg41,hg4,3,2183.0,0.001374255611543747
DNg04,DLM5,3,2212.0,0.00135623869801085
DNg93,DLM1,15,11077.0,0.0013541572627967862
DNp31,hg3,7,5347.0,0.0013091453151299795
DNp11,iii1,6,4605.0,0.0013029315960912053
DNb06,hg2,4,3073.0,0.0013016596160104132
DNxn125,iii4,4,3107.0,0.001287415513356936
DNg05,DVM2A,3,2334.0,0.0012853470437017994
DNxn142,hg2,4,3253.0,0.0012296341838303104
DNpe005,DVM2A,6,4881.0,0.001229256299938537
DNae002,hg4,4,3279.0,0.001219884111009454
DNp18,hg2,7,5758.0,0.0012156998957971517
DNg32,iii3,3,2681.0,0.0011189854531891085
DNge048,ps1,3,2698.0,0.001111934766493699
DNxn102,DVM3A,3,2823.0,0.0010626992561105207
DNg91,hg4,3,2829.0,0.0010604453870625664
DNg91,iii4,3,2829.0,0.0010604453870625664
DNpe053,DVM3A,7,6916.0,0.0010121457489878543
DNa02,b3,6,5975.0,0.0010041841004184101
DNb05,hg2,7,7024.0,0.0009965831435079728
DNg74,DLM1,25,25087.0,0.0009965320684019612
DNpe001,hg2,3,3029.0,0.0009904258831297458
DNb06,ps1,3,3073.0,0.0009762447120078099
DNb07,DLM5,7,7204.0,0.000971682398667407
DNxn125,DLM1,3,3107.0,0.0009655616350177019
DNg27,DVM1A,3,3182.0,0.0009428032683846638
DNg27,ps1,3,3182.0,0.0009428032683846638
DNxn142,b1,3,3253.0,0.0009222256378727329
DNg99,b3,3,3301.0,0.0009088155104513784
DNxn168,hg2,6,6606.0,0.0009082652134423251
DNa03,i1,6,6658.0,0.0009011715229798738
DNge148,DLM1,3,3371.0,0.0008899436369029962
DNp11,i1,4,4605.0,0.0008686210640608035
DNp18,i2,5,5758.0,0.0008683570684265369
DNpe053,DVM2A,6,6916.0,0.0008675534991324465
DNb02,hg4,3,3463.0,0.0008663008951775916
DNge049,ps1,4,4765.0,0.0008394543546694648
DNge049,DLM1,4,4765.0,0.0008394543546694648
DNg07,iii4,3,3585.0,0.0008368200836820083
DNg07,b2,3,3585.0,0.0008368200836820083
DNa02,i1,5,5975.0,0.0008368200836820083
DNg93,DVM3A,9,11077.0,0.0008124943576780717
DNg37,ps1,4,4984.0,0.0008025682182985554
DNp10,i1,6,7937.0,0.0007559531309058839
DNg79,iii4,3,4034.0,0.0007436787307882995
DNg79,DVM1A,3,4034.0,0.0007436787307882995
DNp13,hg1,3,4224.0,0.0007102272727272727
DNp18,hg3,4,5758.0,0.0006946856547412296
DNg02,hg3,4,6277.0,0.0006372470925601402
DNg108,iii1,12,19005.0,0.0006314127861089187
DNg108,DLM1,12,19005.0,0.0006314127861089187
DNge049,DVM2A,3,4765.0,0.0006295907660020986
DNxn124,hg2,3,5347.0,0.0005610622779128483
DNg93,DVM1A,6,11077.0,0.0005416629051187144
DNpe045,DVM1A,3,6192.0,0.00048449612403100775
DNpe045,DVM3A,3,6192.0,0.00048449612403100775
DNxn177,DLM1,3,6335.0,0.00047355958958168905
DNg74,DVM3A,9,25087.0,0.00035875154462470605
DNg100,DVM1A,6,17155.0,0.00034975225881667154
DNg93,b3,3,11077.0,0.0002708314525593572
DNg108,DVM3A,4,19005.0,0.0002104709287029729
DNg74,iii1,4,25087.0,0.0001594451309443138
DNg74,DVM1A,3,25087.0,0.00011958384820823534
