dn_group,denominator_output,total_wing_output_fraction,n_muscles_ge_0.01
DNa08,802.0,0.46508728179551123,6
DNge015,94.0,0.43617021276595747,3
DNp31,5347.0,0.29979427716476525,6
DNg82,1780.0,0.27303370786516856,6
DNg110,1139.0,0.23178226514486394,3
DNg02,6277.0,0.22574478253942964,3
DNg26,273.0,0.22344322344322345,1
DNa07,513.0,0.2202729044834308,5
untyped_720575941434874912,201.0,0.2189054726368159,3
DNut053,1263.0,0.21298495645288992,4
DNpe010,126.0,0.18253968253968253,3
DNa10,3438.0,0.1660849331006399,3
DNut051,1079.0,0.15848007414272475,2
DNg04,2212.0,0.15732368896925858,3
DNut040,3602.0,0.14380899500277625,6
DNg05,2334.0,0.14310197086546703,5
DNg50,419.0,0.1360381861575179,2
DNa04,3803.0,0.1333158033131738,4
DNp03,2622.0,0.12852784134248665,4
DNxn125,3107.0,0.12198261989056967,3
DNp33,2160.0,0.11898148148148148,5
DNge154,191.0,0.09947643979057591,4
DNge175,503.0,0.09343936381709742,4
DNge110,343.0,0.08746355685131195,3
DNbe005,1307.0,0.08263198163733741,2
DNg27,3182.0,0.08170961659333752,2
DNp63,2528.0,0.07713607594936708,2
DNg17,2124.0,0.07297551789077213,2
DNxn007,1300.0,0.06615384615384616,2
DNut058,659.0,0.0622154779969651,3
DNg92,966.0,0.061076604554865424,2
DNge038,768.0,0.05859375,2
DNa15,4760.0,0.05378151260504201,3
DNp49,4103.0,0.05166951011455033,1
DNge148,3371.0,0.04924354790863245,2
DNut037,1848.0,0.04924242424242424,1
DNa05,3350.0,0.04776119402985075,1
DNnt007,169.0,0.047337278106508875,1
DNp51,1698.0,0.045936395759717315,2
DNp26,2882.0,0.04371963913948647,2
DNa16,4198.0,0.041686517389232965,1
DNut047,647.0,0.040185471406491494,2
DNp60,726.0,0.03994490358126722,1
DNae002,3279.0,0.03964623360780726,1
DNge090,514.0,0.038910505836575876,2
DNut054,850.0,0.03764705882352941,2
DNxn122,2562.0,0.03747072599531616,2
DNge014,331.0,0.03625377643504532,2
DNxn124,5347.0,0.036095006545726574,1
DNg10,3476.0,0.035960874568469504,1
DNge071,899.0,0.034482758620689655,2
DNxn118,1191.0,0.03442485306465155,2
DNp22,4507.0,0.03416907033503439,2
DNp28,2052.0,0.033625730994152045,2
DNb07,7204.0,0.03345363686840644,2
DNxn136,458.0,0.03275109170305677,1
DNge092,588.0,0.030612244897959183,1
DNb01,4766.0,0.03000419639110365,0
DNg91,2829.0,0.02863202545068929,1
DNp05,1830.0,0.027868852459016394,1
DNpe005,4881.0,0.027658266748617086,1
DNg01,1347.0,0.025983667409057165,1
DNge118,433.0,0.025404157043879907,1
DNxn102,2823.0,0.022316684378320933,1
DNg06,1261.0,0.02141157811260904,1
DNge095,477.0,0.020964360587002098,1
DNg08,3439.0,0.02035475428903751,1
DNge016,541.0,0.02033271719038817,1
DNb05,7024.0,0.020074031890660593,0
DNpe055,1372.0,0.019679300291545188,1
DNp19,2747.0,0.019657808518383692,0
DNp18,5758.0,0.019624869746439736,0
DNg99,3301.0,0.019085125719478943,1
DNge150,158.0,0.0189873417721519,1
DNb06,3073.0,0.01887406443215099,0
DNxn109,1235.0,0.01862348178137652,1
DNg42,1641.0,0.016453382084095063,1
DNp57,2954.0,0.015910629654705487,1
DNxn142,3253.0,0.015677835843836457,0
DNae003,2855.0,0.015061295971978984,1
DNg76,1536.0,0.014322916666666666,1
DNxl130,3574.0,0.013430330162283156,0
DNut048,232.0,0.01293103448275862,1
DNxn114,564.0,0.012411347517730497,0
DNg93,11077.0,0.012367969666877313,0
DNa02,5975.0,0.01104602510460251,0
DNxl082,2086.0,0.01102588686481304,1
DNut062,284.0,0.01056338028169014,1
DNut050,387.0,0.0103359173126615,1
DNg03,1069.0,0.01028999064546305,0
DNp73,4000.0,0.01,0
DNg32,2681.0,0.00969787392763894,0
DNxn126,983.0,0.009155645981688708,0
DNge049,4765.0,0.009024134312696748,0
DNa09,2888.0,0.00865650969529086,0
DNge145,581.0,0.008605851979345954,0
DNpe053,6916.0,0.008530942741469058,0
DNxn113,1313.0,0.008377760853008377,0
DNg71,2478.0,0.008071025020177564,0
DNnt012,872.0,0.008027522935779817,0
DNxl119,2181.0,0.007794589637780834,0
DNp16,1884.0,0.0074309978768577496,0
DNg108,19005.0,0.007419100236779794,0
DNxn151,3777.0,0.007413290971670638,0
DNp13,4224.0,0.007339015151515152,0
DNg09,1102.0,0.007259528130671506,0
DNg07,3585.0,0.0066945606694560665,0
DNge001,958.0,0.006263048016701462,0
DNge109,486.0,0.006172839506172839,0
DNp72,1564.0,0.005754475703324808,0
DNp07,2838.0,0.005637773079633545,0
DNge048,2698.0,0.0055596738324684945,0
DNg74,25087.0,0.005181966755690198,0
DNp15,1769.0,0.005087620124364048,0
DNge032,1061.0,0.00471253534401508,0
DNxn117,854.0,0.00468384074941452,0
DNg51,3484.0,0.004305396096440872,0
DNg79,4034.0,0.003966286564204264,0
DNxn163,4409.0,0.0038557496030845995,0
DNxn177,6335.0,0.0037884767166535124,0
DNpe013,1595.0,0.003761755485893417,0
DNg81,813.0,0.0036900369003690036,0
DNg41,2183.0,0.0036646816307833257,0
aSP22,1764.0,0.003401360544217687,0
DNp48,4714.0,0.0033941450997030122,0
DNp02,4425.0,0.0031638418079096044,0
DNnt017,1291.0,0.003098373353989156,0
DNpe003,1733.0,0.0028851702250432777,0
DNbe007,1988.0,0.0025150905432595573,0
DNxn176,1270.0,0.002362204724409449,0
DNg37,4984.0,0.0022070626003210273,0
DNp11,4605.0,0.002171552660152009,0
DNa12,1963.0,0.0020376974019358125,0
DNb03,3935.0,0.0020330368487928843,0
DNg15,5051.0,0.0017818253811126509,0
DNg35,4264.0,0.0014071294559099437,0
DNpe001,3029.0,0.0009904258831297458,0
DNpe045,6192.0,0.0009689922480620155,0
DNxn168,6606.0,0.0009082652134423251,0
DNa03,6658.0,0.0009011715229798738,0
DNb02,3463.0,0.0008663008951775916,0
DNp10,7937.0,0.0007559531309058839,0
DNg100,17155.0,0.00034975225881667154,0
DNpe028,549.0,0.0,0
DNp25,1146.0,0.0,0
DNp38,2226.0,0.0,0
DNp27,591.0,0.0,0
DNpe020,2742.0,0.0,0
DNp37,673.0,0.0,0
DNpe022,1839.0,0.0,0
DNp29,747.0,0.0,0
DNpe025,1998.0,0.0,0
DNpe027,1508.0,0.0,0
DNp35,3596.0,0.0,0
DNpe048,1176.0,0.0,0
DNpe029,342.0,0.0,0
DNpe052,445.0,0.0,0
DNpe032,1542.0,0.0,0
DNpe034,971.0,0.0,0
DNpe039,1309.0,0.0,0
DNp30,261.0,0.0,0
DNp32,1212.0,0.0,0
untyped_720575941436586784,172.0,0.0,0
DNpe054,1662.0,0.0,0
DNp34,2484.0,0.0,0
DNpe041,1689.0,0.0,0
DNpe042,4207.0,0.0,0
DNpe031,2708.0,0.0,0
DNp54,4478.0,0.0,0
DNpe018,37.0,0.0,0
DNp39,767.0,0.0,0
DNp69,5400.0,0.0,0
DNp68,3765.0,0.0,0
DNp67,1136.0,0.0,0
DNp66,3896.0,0.0,0
DNp65,2537.0,0.0,0
DNp64,3193.0,0.0,0
DNp62,492.0,0.0,0
pIP9,1117.0,0.0,0
MDN,4480.0,0.0,0
DNut042,2800.0,0.0,0
oviDN,16764.0,0.0,0
SA_DMT_DMetaN_6,52.0,0.0,0
DNp59,8361.0,0.0,0
DNp52,1373.0,0.0,0
DNp58,1945.0,0.0,0
DNp56,4789.0,0.0,0
DNp53,2636.0,0.0,0
DNp70,3077.0,0.0,0
DNp71,4406.0,0.0,0
DNp47,5177.0,0.0,0
DNpe007,486.0,0.0,0
DNpe016,1535.0,0.0,0
DNpe014,1402.0,0.0,0
DNp55,3580.0,0.0,0
DNpe012,233.0,0.0,0
DNpe011,322.0,0.0,0
DNxn187,2647.0,0.0,0
DNpe008,539.0,0.0,0
DNpe006,2111.0,0.0,0
DNp46,870.0,0.0,0
DNp41,2492.0,0.0,0
DNp42,4922.0,0.0,0
DNp43,4338.0,0.0,0
DNxn189,368.0,0.0,0
DNp44,3584.0,0.0,0
DNp45,4743.0,0.0,0
DNpe004,610.0,0.0,0
DNxn183,3686.0,0.0,0
DNxn153,4168.0,0.0,0
DNut043,276.0,0.0,0
DNxn115,77.0,0.0,0
DNxn112,241.0,0.0,0
DNxn111,142.0,0.0,0
DNxn110,68.0,0.0,0
DNxn108,161.0,0.0,0
DNxn106,191.0,0.0,0
DNxn105,158.0,0.0,0
DNxn171,627.0,0.0,0
DNxn172,3256.0,0.0,0
DNxn104,119.0,0.0,0
DNxn073,1308.0,0.0,0
DNxn071,2468.0,0.0,0
DNxn173,1831.0,0.0,0
DNxl134,4530.0,0.0,0
DNxl132,4383.0,0.0,0
DNxl131,2117.0,0.0,0
DNxl129,2166.0,0.0,0
DNxl128,728.0,0.0,0
DNxl127,4166.0,0.0,0
DNxl125,943.0,0.0,0
DNxl124,1604.0,0.0,0
DNxl123,2312.0,0.0,0
DNxl121,2131.0,0.0,0
DNxn174,1336.0,0.0,0
DNxn170,351.0,0.0,0
DNxn116,127.0,0.0,0
DNut046,817.0,0.0,0
DNxn167,1423.0,0.0,0
DNxn148,1507.0,0.0,0
DNxn146,3176.0,0.0,0
DNxn145,1495.0,0.0,0
DNxn144,963.0,0.0,0
DNxn143,4888.0,0.0,0
DNxn140,1599.0,0.0,0
DNxn139,409.0,0.0,0
DNxn137,1633.0,0.0,0
DNxn134,2688.0,0.0,0
DNxn133,1430.0,0.0,0
DNxn132,964.0,0.0,0
DNxn131,1425.0,0.0,0
DNxn130,938.0,0.0,0
DNxn154,1313.0,0.0,0
DNxn155,4573.0,0.0,0
DNxn157,2768.0,0.0,0
DNxn129,1669.0,0.0,0
DNxn159,1818.0,0.0,0
DNxn128,69.0,0.0,0
DNxn127,864.0,0.0,0
DNxn162,251.0,0.0,0
DNxn165,1266.0,0.0,0
DNxn119,1124.0,0.0,0
DNxl120,4085.0,0.0,0
DNxl118,2451.0,0.0,0
DNxl117,2322.0,0.0,0
DNxl115,2439.0,0.0,0
DNxl087,773.0,0.0,0
DNxl086,2119.0,0.0,0
DNxl084,1338.0,0.0,0
DNxl083,695.0,0.0,0
DNxl081,365.0,0.0,0
DNxl080,14386.0,0.0,0
DNxl078,867.0,0.0,0
DNxl075,841.0,0.0,0
DNxl073,2481.0,0.0,0
DNxl072,497.0,0.0,0
DNxl070,1564.0,0.0,0
DNxn152,4193.0,0.0,0
DNxl067,708.0,0.0,0
DNxl066,199.0,0.0,0
DNxl063,673.0,0.0,0
DNxl056,542.0,0.0,0
DNxl049,3222.0,0.0,0
DNxl022,772.0,0.0,0
DNxl021,1824.0,0.0,0
DNxl014,2127.0,0.0,0
DNxn178,1473.0,0.0,0
DNxn179,3902.0,0.0,0
DNxn181,5620.0,0.0,0
DNxl088,3685.0,0.0,0
DNxl091,652.0,0.0,0
DNxl092,2129.0,0.0,0
DNxl104,1435.0,0.0,0
DNxl114,2493.0,0.0,0
DNxl113,5580.0,0.0,0
DNxl112,1254.0,0.0,0
DNxl111,2598.0,0.0,0
DNxl110,1232.0,0.0,0
DNxl109,1879.0,0.0,0
DNxl108,1364.0,0.0,0
DNxl107,914.0,0.0,0
DNxl106,3129.0,0.0,0
DNxl105,1704.0,0.0,0
DNxl103,2329.0,0.0,0
DNxl093,561.0,0.0,0
DNxl102,2021.0,0.0,0
DNxl101,4018.0,0.0,0
DNxl100,1481.0,0.0,0
DNxl099,600.0,0.0,0
DNxl097,1289.0,0.0,0
DNxl096,1094.0,0.0,0
DNp24,944.0,0.0,0
DNxl095,1907.0,0.0,0
DNxn175,1556.0,0.0,0
DNxl094,1674.0,0.0,0
DNxl068,1135.0,0.0,0
CB0191,2398.0,0.0,0
DNp23,4016.0,0.0,0
DNg11,1623.0,0.0,0
DNg46,1230.0,0.0,0
DNg45,411.0,0.0,0
DNg44,1781.0,0.0,0
DNg43,4995.0,0.0,0
DNg40,1315.0,0.0,0
DNg39,1354.0,0.0,0
DNg38,1867.0,0.0,0
DNg36,1373.0,0.0,0
DNg34,2499.0,0.0,0
DNg33,2136.0,0.0,0
DNg31,2105.0,0.0,0
DNg30,777.0,0.0,0
DNg29,3879.0,0.0,0
DNg24,4233.0,0.0,0
DNg23,1765.0,0.0,0
DNg22,945.0,0.0,0
DNg21,812.0,0.0,0
DNg20,1059.0,0.0,0
DNg19,959.0,0.0,0
DNg18_b,61.0,0.0,0
DNg18,309.0,0.0,0
DNg16,6463.0,0.0,0
DNg14,1119.0,0.0,0
DNg13,3964.0,0.0,0
DNg12,11022.0,0.0,0
DNg47,1834.0,0.0,0
DNg48,2195.0,0.0,0
DNg49,3922.0,0.0,0
DNg66,319.0,0.0,0
DNg83,395.0,0.0,0
DNg80,1108.0,0.0,0
DNg78,1637.0,0.0,0
DNg77,326.0,0.0,0
DNg75,6518.0,0.0,0
DNg73,1882.0,0.0,0
DNg72,1964.0,0.0,0
DNg70,5083.0,0.0,0
DNg69,863.0,0.0,0
DNg68,3035.0,0.0,0
DNg67,983.0,0.0,0
DNg65,952.0,0.0,0
DNg52,3059.0,0.0,0
DNg64,3375.0,0.0,0
DNg63,1708.0,0.0,0
DNg62,4021.0,0.0,0
DNg61,1817.0,0.0,0
DNg60,2507.0,0.0,0
DNg59,1065.0,0.0,0
DNg57,698.0,0.0,0
DNg56,2197.0,0.0,0
DNg55,2489.0,0.0,0
DNg54,1972.0,0.0,0
DNg53,337.0,0.0,0
DNg111,2617.0,0.0,0
DNg109,2648.0,0.0,0
DNg85,2037.0,0.0,0
DNg107,905.0,0.0,0
DNfl012,2167.0,0.0,0
DNfl003_CvC,231.0,0.0,0
DNde006,3531.0,0.0,0
DNde005,1535.0,0.0,0
DNde001,858.0,0.0,0
DNd05,3250.0,0.0,0
DNd04,2936.0,0.0,0
DNd03,1726.0,0.0,0
DNd02,1768.0,0.0,0
DNc02,269.0,0.0,0
DNc01,598.0,0.0,0
DNbe003,1899.0,0.0,0
DNbe002,3262.0,0.0,0
DNb09,5263.0,0.0,0
DNb08,6746.0,0.0,0
DNb04,2309.0,0.0,0
DNae008,531.0,0.0,0
DNae005,2314.0,0.0,0
DNae001,720.0,0.0,0
DNad006,2453.0,0.0,0
DNad004,1460.0,0.0,0
DNa14,1493.0,0.0,0
DNa13,8948.0,0.0,0
DNa11,3630.0,0.0,0
DNa06,6078.0,0.0,0
DNfl014,289.0,0.0,0
DNfl015,1303.0,0.0,0
DNfl017,1101.0,0.0,0
DNfl036,1407.0,0.0,0
DNg106,2438.0,0.0,0
DNg105,18138.0,0.0,0
DNg104,627.0,0.0,0
DNg103,4465.0,0.0,0
DNg08_b,0.0,0.0,0
DNfl044,50.0,0.0,0
DNfl042,5433.0,0.0,0
DNfl041,801.0,0.0,0
DNfl040,3697.0,0.0,0
DNfl038,3814.0,0.0,0
DNfl037,818.0,0.0,0
DNfl035,840.0,0.0,0
DNfl019,923.0,0.0,0
DNfl033,1242.0,0.0,0
DNfl032,2272.0,0.0,0
DNfl030,1910.0,0.0,0
DNfl028,1090.0,0.0,0
DNfl027,676.0,0.0,0
DNfl026,999.0,0.0,0
DNfl025,855.0,0.0,0
DNfl024,2570.0,0.0,0
DNfl022,987.0,0.0,0
DNfl021,5577.0,0.0,0
DNfl020,1542.0,0.0,0
DNg84,2165.0,0.0,0
DNg86,0.0,0.0,0
DNp20,360.0,0.0,0
DNge096,639.0,0.0,0
DNge152,14.0,0.0,0
DNge151,64.0,0.0,0
DNge149,297.0,0.0,0
DNge144,429.0,0.0,0
DNge142,6551.0,0.0,0
DNge140,1672.0,0.0,0
DNge139,940.0,0.0,0
DNge138,94.0,0.0,0
DNge133,925.0,0.0,0
DNge131,2396.0,0.0,0
DNge129,4280.0,0.0,0
DNge128,538.0,0.0,0
DNge127,1295.0,0.0,0
DNge122,5692.0,0.0,0
DNge117,465.0,0.0,0
DNge116,509.0,0.0,0
DNge115,185.0,0.0,0
DNge114,68.0,0.0,0
DNge112,31.0,0.0,0
DNge111,97.0,0.0,0
DNge104,4944.0,0.0,0
DNge102,844.0,0.0,0
DNge101,742.0,0.0,0
DNge100,1052.0,0.0,0
DNge099,1318.0,0.0,0
DNa01,4727.0,0.0,0
DNht001,270.0,0.0,0
DNit003,374.0,0.0,0
DNnt018,1193.0,0.0,0
DNp17,2952.0,0.0,0
DNp14,2724.0,0.0,0
DNp12,4112.0,0.0,0
DNp103,5216.0,0.0,0
DNp09,3013.0,0.0,0
DNp08,4070.0,0.0,0
DNp06,4996.0,0.0,0
DNp04,5267.0,0.0,0
DNp01,908.0,0.0,0
DNnt020,3164.0,0.0,0
DNnt019,3269.0,0.0,0
DNnt016,3110.0,0.0,0
DNit004,1546.0,0.0,0
DNnt015,926.0,0.0,0
DNnt013,844.0,0.0,0
DNnt011,980.0,0.0,0
DNnt010,811.0,0.0,0
DNnt009,86.0,0.0,0
DNnt008,2590.0,0.0,0
DNit013,4519.0,0.0,0
DNit012,1520.0,0.0,0
DNit008,618.0,0.0,0
DNit007,274.0,0.0,0
DNit005,200.0,0.0,0
DNge098,612.0,0.0,0
DNge094,908.0,0.0,0
DNg87,2012.0,0.0,0
DNge093,244.0,0.0,0
DNge035,5488.0,0.0,0
DNge034,408.0,0.0,0
DNge031,1283.0,0.0,0
DNge029,315.0,0.0,0
DNge028,821.0,0.0,0
DNge027,1676.0,0.0,0
DNge025,554.0,0.0,0
DNge024,828.0,0.0,0
DNge023,1023.0,0.0,0
DNge020,697.0,0.0,0
DNge019,1028.0,0.0,0
DNge012,1018.0,0.0,0
DNge010,345.0,0.0,0
DNge007,948.0,0.0,0
DNge006,2616.0,0.0,0
DNge004,2060.0,0.0,0
DNge003,1670.0,0.0,0
DNg98,16898.0,0.0,0
DNg97,6685.0,0.0,0
DNg96,2811.0,0.0,0
DNg95,1391.0,0.0,0
DNg94,764.0,0.0,0
DNg90,4100.0,0.0,0
DNg89,3824.0,0.0,0
DNg88,5338.0,0.0,0
DNge037,2190.0,0.0,0
DNge039,1224.0,0.0,0
DNge044,1182.0,0.0,0
DNge069,761.0,0.0,0
DNge091,1985.0,0.0,0
DNge089,346.0,0.0,0
DNge088,776.0,0.0,0
DNge085,852.0,0.0,0
DNge084,3139.0,0.0,0
DNge083,1649.0,0.0,0
DNge081,661.0,0.0,0
DNge080,1091.0,0.0,0
DNge076,3310.0,0.0,0
DNge074,964.0,0.0,0
DNge073,2056.0,0.0,0
DNge068,1060.0,0.0,0
DNge046,3481.0,0.0,0
DNge063,2015.0,0.0,0
DNge062,2172.0,0.0,0
DNge061,832.0,0.0,0
DNge060,1383.0,0.0,0
DNge059,2265.0,0.0,0
DNge058,403.0,0.0,0
DNge056,988.0,0.0,0
DNge054,1990.0,0.0,0
DNge053,5425.0,0.0,0
DNge051,1682.0,0.0,0
DNge050,3806.0,0.0,0
untyped_720575941606629485,402.0,0.0,0
